ID,firstName,firstNameNormalized,lastName,lastNameNormalized,birthDate,address,username,email,password
1,Paride,paride,Trapanese,trapanese,1949-08-01,Contrada Carmelo 58 Rocca Malatina,ptrapanese2077,paride.trapanese61615@example.com,1eoZ5)iRo&4EXBH*NEtq%FGYOe@3A$3sr?vcY6bUORUCFBQuVjpeqLnKWg3@JsxLEAMF&%aMHfZkp$$tLU$24#*?q%$3n31j$
2,Rita,rita,Gregori,gregori,1996-05-07,Rotonda Pezzali 40 Ordona,rgregori3532,rita.gregori44700@example.com,"iw5DfFFey.5PPKp$gR8m(8WgbUpBDQUB&UmoqHG$kQ4ub2mgfeC,04"
3,Fabrizio,fabrizio,Costalonga,costalonga,,Rotonda Adriana 48 Corio,fcostalonga845,fabrizio.costalonga67320@example.com,b4p!CKIZzQF7JE84Oj7@#mAE?YtBoaP5miqhpsPTN@&H8#dmQQ.76@@zl&sHUt$f?%3AoOxmmHrRxA8e?PU@O6mc@VNzN91p@87mP2fKGwiPU9(tgHldOC
4,Milo,milo,Scaramucci,scaramucci,1967-12-31,Viale Malipiero 190 Guarda Veneta,mscaramucci8203,milo.scaramucci1520@example.com,p0&z0Gx#
5,Leone,leone,Pirelli,pirelli,,Strada Ansaldo 718 Augusta,lpirelli3841,leone.pirelli48290@example.com,"HyQq?FX#$b4c)tQ3m?6s)dcos7@n(w2pljwT(VBZDER)sHJp,.KW0zV"
6,Ottavio,ottavio,Draghi,draghi,,Canale Mancini 6 Vicoli,odraghi586,ottavio.draghi72003@example.com,"wXZArCXBBQ#q)yVPzsS1WC*x3wCw@EC(!N$Dc75txh78#AgaQj)5w#3ho.,sef#5n&UL2w7T7OM3v(Io(mbCeMJ2AP4Pu.&uNvzeO"
7,Marcantonio,marcantonio,Fanucci,fanucci,,Via Elmo 388 Vallo Di Nera,mfanucci2038,marcantonio.fanucci35200@example.com,"H9o476#N@xl.GwzahND)LoE)r*0(S3F#Av@!ZE*GvF&3w*To1ZMwmxBZl7KdZer,NRU%8dksY%3q"
8,Roberto,roberto,Nonis,nonis,,Via Dino 373 Mazzolla,rnonis4590,roberto.nonis19609@example.com,"1W,9NuX@fW#zQID.xCTxWa*6xklZ73q0Ry0KLcwE1H92ZJlvN0%z#NlKd0WW@iFp"
9,Greco,greco,Marrone,marrone,,Vicolo Adelasia 2 Schifanoia,gmarrone5062,greco.marrone72434@example.com,"JqiwfoEG&Kj64)OcQMU)sEy89T@$,fnkQ#M16XS2?QPeU#n1pd?n!66Ydp05Ufxram"
10,Raffaele,raffaele,Depero,depero,,Rotonda Viridiana 184 Calenzano,rdepero9519,raffaele.depero53424@example.com,*xCy)G4e6?Zx(bCp0aJa4gN3TBA)rCzrQv1qiGW%YJ!WC#Uva*&GJXzl3%L%wSvfORGzzi@8BxGSBPkG#mkY(1eJZ&a96Zs2yKuil).Zfms
11,Augusto,augusto,Micca,micca,,Incrocio Tartaglia 68 Petruro Irpino,amicca7679,augusto.micca31683@example.com,")q,HD*@ApAK1,@96iu7i6#Abq#G6t&Mlj0b!3H(dl($,XJ1@qL*SK4oLwMfpuNg@$4co#1Wejb!DaP49gW"
12,Amleto,amleto,Torlonia,torlonia,1991-01-18,Strada Quasimodo 50 Cardito Di Vallerotonda,atorlonia5865,amleto.torlonia50930@example.com,tCAxeK@P&o(rKcD8%uKWnbf)YOWICpwrhH!VAdxn7o!)
13,Lolita,lolita,Persico,persico,1991-07-30,Vicolo Broggini 955 Champoluc,lpersico7336,lolita.persico35319@example.com,"y1U&utaeDbDxg$YHK@4FLQ98H2wFsaI@LSE59ATN&%(9Y25bErEazW1LyHaeZ6yPgm(Nu?dTUxH!a&q,2RJ"
14,Galasso,galasso,Rosselli,rosselli,,Contrada Soranzo 64 Casalsigone,grosselli1893,galasso.rosselli39550@example.com,$KGcvn(iF*&o.SZJlP4O7HCWOqBTPWv8)!IK.vukjV?alHiQj9GU!i76BkW3Yd#80k
15,Tina,tina,Oscuro,oscuro,1950-06-02,Canale Lercari 95 San Marco Trotti,toscuro4244,tina.oscuro51475@example.com,"a4V%Y&TykAB&h1Dy0p1I)iCDL#39E%xyjAkZi)EnEH,oeZqHYAGU9ECRVGGcBBEPvtDrdZc6,,m@SKglgj0f&i@vq84*$(8lmiKj0IO$(DjD"
16,Eraldo,eraldo,Dulbecco,dulbecco,,Borgo Salandra 56 Mornese,edulbecco2587,eraldo.dulbecco858@example.com,"J%ShPuC1jBc#s@UkFVmuV8fflHiXS6lDz&U,44xfrjFuzYde3lJR!rcn&cu%8YF)c2R5kY,(gky%.lLTA3NK4ABdDWa1DQGoC*oIh5GG5O?p"
17,Renzo,renzo,Fallaci,fallaci,,Strada Salvini 615 SantAndrea Bagni,rfallaci6265,renzo.fallaci45772@example.com,"?9BNr9$(2Y26WrxL?xGwa8$xvH4FcxLVgCjL8xL(yGOa%6ea14aKfQe0jvyq$)itMxi6,ff&#oD31c,HCxKl9M(juTHOUOsnibL"
18,Rocco,rocco,Filogamo,filogamo,1995-01-07,Stretto Strangio 114 Resina,rfilogamo3449,rocco.filogamo30111@example.com,g@JTzk6$kwPLrsm!kYd3x#7&x$5j1Bfzg)baLBHyPW0JLaBUPDohj2OL9FoL@F3pb(UP
19,Antonia,antonia,Guarneri,guarneri,,Strada Alderano 782 Rabla,aguarneri6814,antonia.guarneri3443@example.com,"vcng?yCp*CU7bLhG@S(5gqnB#RRNUheLdG!hI&McfRq6h$PDp&(@,z&l?fd?DuD3Kibm9tNOcO&.v1AHjPRG,YBUC#l$GttKLrZ(3L8.irTrt3tq#yVD"
20,Costantino,costantino,Gabrieli,gabrieli,,Via Lando 75 Siviano,cgabrieli5786,costantino.gabrieli96359@example.com,"knIHN%@NR1qnA2Th9N,#Qak)A%&0&$h$omZ9vWTCuz*29OSybF52%inlYKfF8TavAgd&F%%$SuVTq0rbDAgps$zBu$rsWMUwKTlkDZs0.LU&rYfYWl)axRD7E"
21,Ruggiero,ruggiero,Ferraris,ferraris,1972-02-29,Stretto Montessori 135 Bellegra,rferraris7353,ruggiero.ferraris64132@example.com,"xHBCdLr*JOn5*nwn)ool,Kdkq67.U9J(NyvDS!quVRJ&nKnJK5!w27#yXlp42&ZXKuK#!d2zV!3.*oC47Y1uLbrK5l.CQFj"
22,Romina,romina,Panzera,panzera,1992-04-21,Via Ugo 35 Pecetto Di Valenza,rpanzera743,romina.panzera93613@example.com,ulMU?dg!1FoErIF8zh#6.f3hvos3A!FP?B)a?tqJZSYXhb2%GgMhCfJ$$kO0Vlb@pfD
23,Ugolino,ugolino,Cianciolo,cianciolo,1975-06-21,Contrada Malatesta 329 Porlezza,ucianciolo5598,ugolino.cianciolo87592@example.com,JF7EZ7A8A0fawpLTppbH2nCsH.axk&XDjgRD#7KCfsvG@?zwU8wxr5m@Y?XOXPLv22R4aAz
24,Donatella,donatella,Pavanello,pavanello,1998-06-19,Canale Gaggini 6 Castellino Del Biferno,dpavanello4624,donatella.pavanello66547@example.com,"Jghzh)1L2HE.7RikyqMJ35Hu32SPq).8@u%EbHwm9McCu1$csZB55$c5gx$ZZl2%h*0!jp1@yXv$rPBveanAjsd%DC,(J*!SEk5mM8d@qcNrx?!)t"
25,Damiano,damiano,Celentano,celentano,,Via Cassandra 72 Stocchetta,dcelentano3823,damiano.celentano37110@example.com,"Kx4@YK8465w1kxb1!k5,KRFL.4#6y&a9zpEKfmz?f2XE0bWqUIeqss?)X(9h2dMqUqvyOagdUaDAyPPqqC3y"
26,Lara,lara,Vespucci,vespucci,,Stretto Ritacca 613 Olivetta San Michele,lvespucci1059,lara.vespucci5271@example.com,"23Uu#WRS$5L%APzQ6sjnCg0grGLrvoCQpCjfnRdaKrT!I%E57ZF#4GD($j*c$OsKnUDTpenL!RANL1Pf8oR@kg.uvB$h%)7UNLW3onOzNv7fmb5w7u,mqO?w41"
27,Rembrandt,rembrandt,Toninelli,toninelli,,Rotonda Michela 374 Montecatini Val Di Nievole,rtoninelli1017,rembrandt.toninelli73213@example.com,!UVeEOzGtH$KVxNx68wwTJSWBkDHj!g7gmp*#.nn&VIpSMSNlw!BwNnpSY$uzX7l?%RfnA5.VRZEIp@Ny*B5&&D$TZ@CTCA5Lmih4u0!Q.nXhYgNSe(NckIxUV*R
28,Bianca,bianca,Campise,campise,1949-05-05,Canale Ostinelli 671 Crocevie,bcampise3614,bianca.campise69508@example.com,"0&NFANPA!?%D*U,oyZnCWjgY%s.WS9CWSQQhD089KGKM%kzx&ePYZu(VpAmZD#w4dXiBHanVk4fAYwuxVpx,@td4VSZX1c@D9#HlOysO52#xM9K@YMuu"
29,Pomponio,pomponio,Durante,durante,,Piazza Ruggiero 74 Monteorsello,pdurante5002,pomponio.durante61737@example.com,"#&wWXuJ?iwqXKdr,oX!ZSioNGO3%jLJ!%oNBY.9zEdGQ&LyozcrIpFYTw%%)V7DGa#.MY#?aVzr1ksC$WAR7tt!&E%jUkP0#"
30,Diana,diana,Nolcini,nolcini,,Contrada Galasso 20 Terdobbiate,dnolcini1024,diana.nolcini45986@example.com,"*yX1v@8$Men9QKQe?.NpcAZ,ilh"
31,Ezio,ezio,Ferrucci,ferrucci,1995-06-10,Piazza Gino 723 Arese,eferrucci7487,ezio.ferrucci58594@example.com,$X@%ra34uSL
32,Maurizio,maurizio,Coardi,coardi,1997-04-02,Vicolo Granatelli 376 Ferrera,mcoardi790,maurizio.coardi72241@example.com,0$p#jz*73BLGWe%AT48U1@KQ%oqoHWtBafi0HBOVrS%ZhUVXZIM
33,Gianmarco,gianmarco,Gilardoni,gilardoni,1976-12-06,Piazza Gabriele 577 Valas,ggilardoni3002,gianmarco.gilardoni90360@example.com,"p1ZqiCPgzct(nuD.6AF4Jtv2kbmKRAj9SoiOSABKkBhr#Gx9mOYv2&eeM0pW(e*OhNpL5%sWloUtwfoc4,,X,DkflJzw7Wr0c3bQfrsMA#2!u5zM$%ef516uWUZQNO("
34,Carla,carla,Ajello,ajello,,Canale Galasso 51 San Pietro Cusico,cajello5416,carla.ajello23884@example.com,pDd#OQaXLaPMHovO%68bOZx21OHHR((uu@HP@g5uL#AH7!P1PxZ#RZ6AfWiLD95RH#
35,Alberto,alberto,Gioberti,gioberti,1964-05-31,Vicolo Calarco 16 Sinalunga,agioberti3337,alberto.gioberti45184@example.com,Qh5Exq5TGc4g)Iu@RL0YN#88grG
36,Paulina,paulina,Zaccagnini,zaccagnini,,Vicolo Rocco 886 Santa Maria Nuova,pzaccagnini1927,paulina.zaccagnini99322@example.com,"1kosfbPkwG4JzmjCo$8yh#nexZ?D0AhDrQ,4&#0dAoY%u1k0WRxOCUQtuseimoWj7@vlYl7#"
37,Gianluca,gianluca,Montanari,montanari,,Incrocio Lanfranchi 9 Mezzolara,gmontanari4035,gianluca.montanari79491@example.com,"jMa7)jHPp5wouu8!uLdB%l,T3%A2h)!0DNDEnOkYf8ZdAWpe%@Qfc0)Uyx(hCX7Nw7%i9X)cdDmvmS"
38,Enzo,enzo,Pacillo,pacillo,,Incrocio Duse 24 Montereggio,epacillo9219,enzo.pacillo82437@example.com,&oF$x&hfEL2w%0ggVmdemYjIB
39,Nina,nina,Vitturi,vitturi,1959-12-11,Via Ermes 99 Sovicille,nvitturi9834,nina.vitturi13346@example.com,GJNp!%18DFUihi1L%g6hS2kvSF
40,Adele,adele,Venditti,venditti,1961-05-05,Stretto Monte 71 Frangart,avenditti6961,adele.venditti43419@example.com,7g.47MP64CH@o?%??Qm$jOl?%x$pL&bR9BtGJu8SXdz@8IUqqwX2yD*2IzbGsEe!RF@a@jowBn*l8JqZleHMt
41,Gaspare,gaspare,Trussardi,trussardi,,Rotonda Calogero 27 Passetto,gtrussardi9254,gaspare.trussardi85515@example.com,I42EcsoYMKRjQDKdY7gu%*yBR*&kG*S%AKvryZs
42,Lamberto,lamberto,Nibali,nibali,1945-07-28,Canale Enrico 42 Palma Campania,lnibali3645,lamberto.nibali97450@example.com,",fgpiaXoS*7u*$!PIy@b?IlMIajjVw%*..3(z3YTqs3%LgUUY*BHUFvwC,2y7kZx#Scbk#m#XOqtmr%oG66AU!C2"
43,Lucio,lucio,Cianciolo,cianciolo,,Contrada Sauli 7 Possagno,lcianciolo4071,lucio.cianciolo85317@example.com,"M,OMtQdYvWi0f5(cvuw,uK483y%iwdY6i$gXvPbqb1@CiNhEE938W4#(MdMoM2kDas@E4$R8yTIixgfv)RMljA,?NAYNH%1jZ9"
44,Franco,franco,Gregorio,gregorio,,Vicolo Ottavio 18 Chiusano Di San Domenico,fgregorio6008,franco.gregorio30747@example.com,dV4kWfDhLzC9bydR6dx&FxDMnfluQcL6iRrmng)wPzalgv6o02C6pZoj#.LWFaLOTWakSd!OjPHiLuVy)%pUsEE5ldB6(&IwvnGSxRjTLlrdJjmW&?F3N0FDQ)
45,Iolanda,iolanda,Tiepolo,tiepolo,1949-08-15,Piazza Daria 22 Civita Castellana Stazione,itiepolo3012,iolanda.tiepolo10638@example.com,"h7mkgch@i(z)PL9o3Z3vX(ejdvxd59)wumkipSuJsdHwnS1!!(LjE%ZB@au$iQNK,hz0jUtdspusM,0LbSS&C9cXy"
46,Mariana,mariana,Longhena,longhena,2004-01-01,Borgo Angelica 278 Cozzano,mlonghena8911,mariana.longhena28344@example.com,WII1lQtkI)TA6%B
47,Sante,sante,Pavarotti,pavarotti,,Contrada Geronimo 34 Genga,spavarotti3699,sante.pavarotti12825@example.com,"eJRdqm$1E&2CybBj9f*7gioVrCeJ7hEOhUJ.ZWdih&RHVFC@8!q6)@.s&&BKi,,DYzoC40mlD!KTIRc7do1AK&X16wyGxdE$Slf*1GOso0YLDzDeDzI,?(KmcG"
48,Enrico,enrico,Turchetta,turchetta,,Vicolo Trezzini 23 Saluzzo,eturchetta3602,enrico.turchetta13843@example.com,"chtALQ&S6eiu1G,m4NINd$uDSGjAW2g5lpMMlXn,(BSpnz%V3EB#GQ,zZ*yKJr0MJ&R)fMJn%!9NVhf@p*@L39Bnauy0R2,f&,RHBa5teU,c3TVBtt#gzCvh6gss"
49,Paride,paride,Ravaglioli,ravaglioli,1966-03-02,Borgo Gioachino 7 Gambasca,pravaglioli6275,paride.ravaglioli56711@example.com,")PMJ)Nbpb(rR4r9yhd&xAF&*yKhCx6$McVOiGDSfLM,D&)4w,$z$bUdZ0lXQ9J*?WBWmztEP,Z$,n!WSu6tlp0HZFj3S9vq(j#.on%O$cV*7871N!4JDS"
50,Rosa,rosa,Tamburi,tamburi,,Rotonda Roman 59 Cembra,rtamburi3398,rosa.tamburi23519@example.com,"Y$1qoG2vVpCWVJsAcDd#Cc.soENIrTicDFwsCbh.WmIJY%BgFi2MU4cqfn4?!(ll06Bl@hJ9kb(,#Si7izMZnU9bY5)N0Cj&A#AyEXot"
51,Evangelista,evangelista,Gradenigo,gradenigo,1991-02-23,Stretto Donatoni 0 Cataratti,egradenigo7424,evangelista.gradenigo77759@example.com,"0)jB1Kzj*@rlYrnXl%KFN5Yoe$LP.hj,hB6XzZ3&ENk66KY#wbOuv1$Xv*V5vVidD?"
52,Piero,piero,Columbo,columbo,,Strada Umberto 4 Gonte,pcolumbo7523,piero.columbo95723@example.com,"zMBIF#c7&XKOLZV0L.(RZr09zqe8V0I%7.@wQyoq4%t)Ll,6XE9pWnT$5qPun.ye?.ul40etiB%jSLSWjsXza8XXuRzt4&DmqzR@aewrroCx,BisK)"
53,Gemma,gemma,Busoni,busoni,,Canale Pedersoli 187 Aquilonia,gbusoni158,gemma.busoni85579@example.com,"%&xnvrtNCwcTITklJ70oJYhj,*s$srp9ShXyk(I7mN(4NoY1z2bOtKbECbiFQz.z#7lija)Mg&p0#P8lAJ,Q)!MTkC)irE8&QfQFJ@v5kUN5h"
54,Mirko,mirko,Emo,emo,,Via Zanazzo 18 Lerici,memo5903,mirko.emo95767@example.com,X(0FJSxTyChqZW(hC)5CrIJB0M5#0wRXl%T
55,Elisa,elisa,Mazzanti,mazzanti,1982-11-14,Incrocio Nanni 834 Rubino,emazzanti9085,elisa.mazzanti56350@example.com,"(ZNiyhcLNe0%eD&i6rRGbM#oQqhb#0,6J"
56,Pomponio,pomponio,Chinnici,chinnici,,Vicolo Foa 96 Grotti Di Cittaducale,pchinnici5885,pomponio.chinnici94958@example.com,"Ni%mD0f(W(v,CPbPzrODQCdSTys(5#Y3zq?X&LG#(5s38*U@70dJQa@c8Ue#kSvl,C,CyU8PG?aK"
57,Gelsomina,gelsomina,Gigli,gigli,,Incrocio Coluccio 23 Cerete Basso,ggigli7299,gelsomina.gigli55156@example.com,"k!LCcomEEdV(7%S,v&9$kUQ*iAl)pO"
58,Saverio,saverio,Comeriato,comeriato,,Viale Paolo 22 Vidardo,scomeriato8842,saverio.comeriato77570@example.com,".C)2vdbf@d&YDd)eENgQx5!&f!ug?3D6m&,lC(ZDB"
59,Lando,lando,Peruzzi,peruzzi,1994-02-08,Piazza Rita 29 San Mauro,lperuzzi2668,lando.peruzzi94372@example.com,"09#rqy41h4pRtYg&jemau9?Uoq!hPX1ds(O6x$Rs!M4VPl6qG%s3EgOptes%No.b7%.GyHlx6gcu6jI4Q*neCt#po.uo,Yv#OM5SPt"
60,Morena,morena,Gigli,gigli,,Contrada Mantegazza 6 Canova,mgigli5103,morena.gigli86302@example.com,E2?RZSyxIP@qXTCSlTNPFFrx85WywpHNN6YdpX$keV)xYpKm@HUaOqvU
61,Azeglio,azeglio,Raurica,raurica,1972-10-26,Incrocio Camuccini 118 Fumane,araurica8575,azeglio.raurica48781@example.com,"$C3$x8ZdWjk&J$y)KJ80C),qBW@"
62,Fulvio,fulvio,Beccheria,beccheria,,Contrada Bianca 313 Gavena,fbeccheria8358,fulvio.beccheria83802@example.com,"o9@e*Sff%Uj5NA@*68rCaSFYaE?(Ij9O8yh,f#4@Yen1XxGO6Ve6ok"
63,Adriano,adriano,Mastandrea,mastandrea,,Viale Nonis 5 Baunei,amastandrea9313,adriano.mastandrea27406@example.com,Th%mMzsSZEjT7Ws3DSd)ut
64,Alfredo,alfredo,Tomasini,tomasini,1961-11-14,Canale Morellato 435 Montonate,atomasini1153,alfredo.tomasini80341@example.com,.&KoZRVgeW3(5UtweQ1W6wL
65,Arnulfo,arnulfo,Semitecolo,semitecolo,,Borgo Baglioni 80 SantAndrea Pelago,asemitecolo779,arnulfo.semitecolo42935@example.com,"YAalKaDC9pV3oGEg&?qg9J(kkjqeQU5JJO&6,ASNju#A%c%@Y1.9DK89tr7374mUXce0ugm@,Ud,tU"
66,Atenulf,atenulf,Soffici,soffici,1968-12-01,Via Stella 8 Nuvolera,asoffici4544,atenulf.soffici98792@example.com,"Jaq!p#rjDF%k3#tWm?h%8YW8o9plvW)nv9hh,j#9mnY"
67,Serena,serena,Cammarata,cammarata,1946-06-30,Stretto Benedetto 80 Collesalvetti,scammarata5072,serena.cammarata44203@example.com,eoUE(lks(lTr%H.p$V%6vTw8aN7K&YFw%sA7P2K0
68,Fulvio,fulvio,Giannotti,giannotti,1992-07-21,Strada Grisoni 632 Itala Marina,fgiannotti1853,fulvio.giannotti5240@example.com,"(c#5OtUXg0O.xXv,?HL3UYAY.5.gt(qcL1Hnf1m?rf3az5IK,OCk.xtnWyPZ.V.dOH4,&j?MeYbGKp"
69,Flavio,flavio,Pagnotto,pagnotto,,Contrada Emma 33 Renon,fpagnotto2865,flavio.pagnotto42852@example.com,rVlMk8bZpZAdDf6LexdMykS1l?*@z5tp!K?m&XR.bXi07dD)&IKr?2K2ku*$&@zZ0qeKc@NW7CSrnCt$DsoL17Icas*Qt.otMn992DrCM#1FV
70,Mariana,mariana,Costalonga,costalonga,,Borgo Fedele 91 Piano Di Setta,mcostalonga447,mariana.costalonga8798@example.com,"bEx6XCZTLu?$ao(GNTFl$PEaOyaDvD,cW%#(E44M,nw(b$rPQkSZ6fD1378@ZHX6I6B"
71,Teresa,teresa,Pasqua,pasqua,,Viale Baldassare 9 Castello DAlvito,tpasqua1177,teresa.pasqua59119@example.com,GvL?jgPYwPSU!ngAsAlOiU7CUY9XVQ@lshu2m
72,Lina,lina,Cutrufo,cutrufo,2006-11-13,Piazza Rosario 67 Assergi,lcutrufo1205,lina.cutrufo19947@example.com,@!Ko6bD*ngNK%tV@eYwUsqk5e@7!l
73,Elmo,elmo,Totino,totino,,Borgo Antonino 9 Castel DellAlpi,etotino9359,elmo.totino85505@example.com,oET7m!?MfEAB(L!C5AbtVNf$ymw9P8slrsFqTNd3vxyYz&K3rX*IBhbQlHkw)S2fl.XGrtHN4IsjSrBk4N*xWV3i1?iHt#O@jb$2H%GBbg8Uen$E4RK&H@*H(
74,Luciano,luciano,Petrassi,petrassi,,Borgo Vercelloni 253 Redipuglia,lpetrassi5194,luciano.petrassi93941@example.com,"ZiPUJ?@8?d)cS*mye9inshWJEsnl*?T3HzH,Eg(XD#WrG5!.#T(adCb#)mjhF,Xfl?4$wjrJhcOs5u8)Pah0POO!D)3vq1l9#*mY#JK"
75,Ludovica,ludovica,Salandra,salandra,1967-07-14,Canale Micheletto 4 Villarios,lsalandra6948,ludovica.salandra14642@example.com,"MeVAWVt?cep3)%,UEwMngE&7N"
76,Fabio,fabio,Taccola,taccola,1950-08-08,Rotonda Luciano 0 Malonno,ftaccola8790,fabio.taccola84626@example.com,"kooh5XjaKaCEc?,?Pj3b7oXG6,X8Z,Z.GZn(!"
77,Achille,achille,Marcacci,marcacci,,Strada Armani 51 Rocca San Felice,amarcacci1601,achille.marcacci89416@example.com,"J)9OE4@Kg,BqUP@ZfFx37WG9Kng6Y5Xs0nZ"
78,Ivo,ivo,Blasi,blasi,,Stretto Benedetti 899 Urbana,iblasi8013,ivo.blasi95527@example.com,"Db,m?v,0IFXgoajTQIK.DMN0Kfi$8Il@7.IveMMZ.bEZM35?8SPptoycF#c&##3EoYcklfi45?u,7%05sQ)hRgQ,gpyrqVZ$N.(?8(7YCVy%Uoir7qxm*"
79,Simonetta,simonetta,Mortati,mortati,2001-08-23,Vicolo Silvia 57 Piantedo,smortati7213,simonetta.mortati85459@example.com,!be@r3woG*ugbj(djJzJnV$rUUc!yBSh
80,Veronica,veronica,Legnante,legnante,1991-06-23,Contrada Aria 330 Zelo Buon Persico,vlegnante6346,veronica.legnante32007@example.com,"qEJZ76rGi.w9xrSZaN7d&%2pH*wx.NPBWSA4dI1nbC7NkUvdyO5T$w98kTUsX*557KnsGYjUSdv,p.H9gYN3ZBgMZ?33IOn4ECyOBJWcXH%"
81,Pasqual,pasqual,Lombroso,lombroso,,Incrocio Salvi 15 Poggio Filippo,plombroso2945,pasqual.lombroso4100@example.com,FBiSv%4n91fqk
82,Cirillo,cirillo,Parisi,parisi,,Stretto Petrassi 72 Gualtieri,cparisi1889,cirillo.parisi55401@example.com,xV*6dV6NT)nCV4Hjo#$St32RaqSRwwol8RIT0OedJc)nHDHk5f4
83,Giacinto,giacinto,Trentini,trentini,1986-10-06,Contrada Manzoni 90 Agropoli,gtrentini912,giacinto.trentini59855@example.com,"Dx&,06xoIun!0ch1.F1mNAyM00#!*E,8&@EQ8S?5yd@hV1sB0lZ(1a5xsFT7gE7jQl9iN(k9a79FxK"
84,Annalisa,annalisa,Vergassola,vergassola,,Contrada Pierluigi 0 Rastellino,avergassola1172,annalisa.vergassola73759@example.com,"BFmgK3f7DLvWhxo!NYVL83G@KmlZ4NA*fFP!xp&mtT#$,8b,q&ewTL75jpYx.Fis&q#XYnHAIDAvR,i*yq)PrIGGB?OMtSA9zIrT%z0o!COiMU$ju(w91Zms"
85,Delfino,delfino,Miniati,miniati,2003-10-18,Strada Giulia 1 Monterolo,dminiati3071,delfino.miniati32731@example.com,"hWyB3kF,H5xX1nH?#$ZfN37HfBY&*c7r!*bJDP*GjB($Mppw!1%8kh%Q!5,sWVf8DZAHZf"
86,Panfilo,panfilo,Silvestri,silvestri,1975-06-15,Contrada Maurilio 3 Cortenedolo,psilvestri742,panfilo.silvestri40780@example.com,%.bHIkdS@q714r*Bri1zyE9HUT*NBdY.Y@NB43Jd4*sWDvHJe9PiS3Qywe.Q%d(MTeOKE?hgt3e5hLhH6).YbWnUnOZN2J(YAN7!Pl*0oVvVk
87,Coluccio,coluccio,Cutuli,cutuli,,Borgo Renier 19 Comacchio,ccutuli9580,coluccio.cutuli2807@example.com,udR5g3dcTBFVNmP%jd)qp4cGmYDzAxrfVM9s7U)RGbgEtlIe(5wmgulZi%lh2SR564%MKCvlmZp@!mWW07%0JESWMQZX7wmZb.necs@gbmIFfs.8g)Jb#K%#23X*F
88,Annibale,annibale,Cossiga,cossiga,,Viale Jacuzzi 63 Riva,acossiga1578,annibale.cossiga6131@example.com,uQTHDLB?q4@(YV2T4Nhhq5lwwwzz
89,Nadia,nadia,Renier,renier,1984-03-28,Vicolo Toldo 16 Mignano Monte Lungo,nrenier4834,nadia.renier66443@example.com,"$wOHJGQjIlx&h,AREF$#)rQDxqSfOn2DWLAu7Y*2M4JZBOQrqy0a?hnzR(cLsu*?dMH6pCEGzoJeoCq#xpeO.1&4#n0QjWtEv37enokHATODQ)1(TGM1"
90,Lauretta,lauretta,Varano,varano,,Via Serafina 51 Valdina,lvarano8924,lauretta.varano42132@example.com,"t?eDLm#30U,(VBA.6T!0m*cnM%Wr1ui.NGjzOv.#9@V2"
91,Patrizio,patrizio,Babati,babati,,Via Gulotta 85 Nievole,pbabati6185,patrizio.babati48086@example.com,9CNfPwTE@&2w
92,Gianfrancesco,gianfrancesco,Guarato,guarato,2008-08-04,Borgo Canova 341 Beaulard,gguarato2636,gianfrancesco.guarato32174@example.com,"ezNgC$SLxRjR20o6mLu95#6ZH7ZIdq9)v4?&#*tdsG.k.%isFPYtGJF*q@Da?vmz,8Lkm?&585@uO21ayh"
93,Alessio,alessio,Maggioli,maggioli,,Rotonda Ruggero 42 Ponte Nova,amaggioli1566,alessio.maggioli80141@example.com,"(9IDYVtrJNT1fcan1KA,R20i2XTMvNO)Ly%FI)uHPDNNpHjTjpu$fN4ps3oGgpG2KpdNKSY1A!S2"
94,Dario,dario,Tresoldi,tresoldi,1969-06-29,Canale Marissa 80 Corrido,dtresoldi4864,dario.tresoldi49979@example.com,E7y*c2Z(tJ*.ILP&1tIRjScDj6srev*lu0#vetpb1EdArd21)mFj)B97f@353)2Kdhq$
95,Mirco,mirco,Galvani,galvani,,Borgo Camuccini 6 Neviano De Rossi,mgalvani2830,mirco.galvani10453@example.com,"l7,AEqYNwCs@TSniJ@8C?#0Grg(%S$Re4BcoY03Q$oRtNMSDn4YRc%Q7jDWgvkJk9I3aYGBAv&8lbutJ"
96,Mariano,mariano,Calvo,calvo,,Vicolo Mercadante 70 Fobello,mcalvo602,mariano.calvo48132@example.com,"HwHcbfnDP*ID9qcSp?,WaAAL)@O!icxS,#TdgN7J.e#WzYF@kqcst,.yT"
97,Giacobbe,giacobbe,Raimondi,raimondi,1964-01-19,Via Ravaglioli 159 Nimis,graimondi7303,giacobbe.raimondi77931@example.com,OtV$qK1@836XQ!eb%Pee2
98,Liliana,liliana,Fantini,fantini,1990-08-25,Strada Sylvia 41 Montecatini Terme,lfantini8140,liliana.fantini24452@example.com,Bh34P2NUr4s1bCaQWql2x1&P.DTzUausG7nPEIvFu*lK0&*D
99,Gionata,gionata,Franzese,franzese,,Viale Piergiuseppe 10 Pratovecchio,gfranzese563,gionata.franzese1828@example.com,"M$xXtbfPPpEBAMyfq&@,E#e!PR)2ssU?0.EftJ&.SAB)(MRZZ??zj.jXs1qqQFB%2OW8FF"
100,Rembrandt,rembrandt,Falloppio,falloppio,,Rotonda Sagese 5 Fossola,rfalloppio1473,rembrandt.falloppio94704@example.com,"$r4ogey6yW1PUJ!yEM(aRHmdH)&sYo?IoD9(xSIQT,kKF4XnZgpFnfQ)maiHNA@ZV5wvH?@j%2WFJ"
101,Camillo,camillo,Lucarelli,lucarelli,1955-06-03,Borgo Villarosa 282 San Bernardo,clucarelli8989,camillo.lucarelli86739@example.com,"kcYwR11IC)b)$gnNc#uJ?mR3RVU*)!&AO9CoALg)J?L)(lvtUic8frvWiiXNB%GrWnv9,ool.*8)4(IyU"
102,Gianni,gianni,Orengo,orengo,1978-03-18,Borgo Stefanelli 13 Nuraxi Figus,gorengo9116,gianni.orengo60362@example.com,"7B(1j.7XM5P7*3edL0e!Go#jfiCE#GPgHCy0pJ8AWxio8$MBqQ5Ko2@WPjQaQ4!AC,$pgzEPXPsBr"
103,Elmo,elmo,Vergassola,vergassola,1950-03-07,Contrada Licia 1 Borgo San Giacomo,evergassola1235,elmo.vergassola47076@example.com,$R@mBO$#oHn*fWxqC8jBLN(fUN#6iT5nbGUIQ@#ZpNx*0kgB%gXDmWR01u&hF@3%#Nnll
104,Guglielmo,guglielmo,Galiazzo,galiazzo,,Canale Vincenza 719 Ognio,ggaliazzo9195,guglielmo.galiazzo59387@example.com,C#fdQtkT)e82RKyA$Eos0SH&oouBRwXxxBlO8JUSd3@sBPq6N*0A9
105,Priscilla,priscilla,Notarbartolo,notarbartolo,1958-10-15,Via Barcaccia 6 San Pellegrinetto,pnotarbartolo1898,priscilla.notarbartolo35499@example.com,Q@)X!9u$f4A!vOuV4HL9YnaVuNx8zW
106,Ricciotti,ricciotti,Baracca,baracca,,Via Miniati 610 Barbariga,rbaracca332,ricciotti.baracca14821@example.com,UJPsoJf(b1#paBNAF&AOZjlj*&#d%OU&*a$8naoFTfbsoTYGmJ#cIR
107,Gianluigi,gianluigi,Fuseli,fuseli,,Contrada Fabrizi 86 San Clemente,gfuseli8946,gianluigi.fuseli82595@example.com,"Wf56to$o0Ex(N79eZM?3I3tz,QDvPKAmTR)hBW02oK!UvRonOZHy*t0*cvys51&Ab892yQhr2QBEPq%KDdh?3!0K7hV&G3"
108,Silvio,silvio,Fornaciari,fornaciari,2006-04-04,Vicolo Natta 5 Villaggio Busonera,sfornaciari7287,silvio.fornaciari16658@example.com,AA#ZCR5ZMMZW?Fv!mivq6?jqBo#mc)DV*cS2ki5&74y1#2fL&Bgkmuq0EA)KjaS#@l3%!cL2iIu*xr%1CbNBPK4Gk06r(!UWtM5j2ZE?8Zk
109,Damiano,damiano,Fischetti,fischetti,1957-06-30,Canale Surian 51 Ponte Crepaldo,dfischetti5406,damiano.fischetti83628@example.com,"8AMM#.yRf)AS@1$MjI504NXt9n63wL29QM$FBDtEhcz*?8*(iLr7(rb46#?Q,$%15v8(0dQWUO8.PhN8yO2$3"
110,Eugenia,eugenia,Visconti,visconti,,Borgo Luisa 60 Villar Perosa,evisconti5168,eugenia.visconti80697@example.com,"kJ.RO0R4ECCdOU6RWlb7FMo.@(1RFOAUqD?N&Bw8wVsg7uG4MoT)H3JY*DRLzpl8p!EnEb4?4uScEwKahdqLaoVUTDfqMRscQfzYJ!gr6xg,2uIN,du5"
111,Virginia,virginia,Argento,argento,,Vicolo Schicchi 671 Sarroch,vargento6793,virginia.argento21902@example.com,V*C@L93ok%VirH72.W$bdRhmEe9)qw2zvtz8o%&q&DMQ2jVDRa0P1zo5&
112,Eva,eva,Broggini,broggini,,Strada Vincenzo 8 Mezzolago,ebroggini9470,eva.broggini38159@example.com,9VfpSge06U&t359t6D@qW2ln?iY8?$rds)#RpwCJOHK29UEd@N&E5g9jqyD1ZCJ#GJk2
113,Piergiuseppe,piergiuseppe,Garozzo,garozzo,,Stretto Fernanda 478 Valditacca,pgarozzo7612,piergiuseppe.garozzo66538@example.com,0u*n3ZDR0RShhdF*6$PbJF
114,Gianni,gianni,Righi,righi,,Viale Sorrentino 0 Commessaggio,grighi3602,gianni.righi61747@example.com,"q6vB5u$ycq1#Fk,Vl1AB*#lZQIm5cw@hId8&VfnuFibQZkx9q@ZkQTI.XLW&Pmb*848ckc*i!frShuM"
115,Antonino,antonino,Munari,munari,,Viale Vigorelli 2 Campo Tures,amunari956,antonino.munari77025@example.com,.1H3pI$GU4xAQrkMaIz3JP?!uLTNyxt%g
116,Nicoletta,nicoletta,Lippomano,lippomano,,Strada Morrocco 89 Ognio,nlippomano9244,nicoletta.lippomano99813@example.com,"RK,5cg&A9(5PvOH1rnvKouA&$4ytqAJy9qixx0!X#rFa*&36"
117,Enrico,enrico,Garozzo,garozzo,,Borgo Delle 592 Torriglia,egarozzo4893,enrico.garozzo29710@example.com,K)k4QpNvPSM$Kx3VnRriUb8M3v7g3ckX@&r*@YD)et#)zpW4@xQ1p)Svf4bV@4cscO7Cd3LHzaEV@tH!D@d)4QH.nKJGlqaGSl!Oli!k3zXWeY(a8E%?fdYYx
118,Arnaldo,arnaldo,Sforza,sforza,,Viale Barzini 96 Villa Bozza,asforza2465,arnaldo.sforza94233@example.com,J)c&KVvFS#IZEe20hGLlTOnfUfC5N$tXfrYcFnhO&aeDY7Z#Crzk9LSOvycRmWio59I8G%9TA5VvlmiD%8GrOU3H@zqmh9I6tck5QT&f@8g
119,Fiorino,fiorino,Granatelli,granatelli,,Stretto Benito 44 SantAlbino,fgranatelli3240,fiorino.granatelli78480@example.com,tIkK?k1K57WLZDNFrz9O!cgP5
120,Orazio,orazio,Giannuzzi,giannuzzi,,Via Marconi 79 Racchiuso,ogiannuzzi1646,orazio.giannuzzi88586@example.com,wwzZJMLIg)Kks19&U3VXOA3ym2JNJKJ?#(0Hn76v!
121,Ludovica,ludovica,Salata,salata,1960-10-30,Strada Mondaini 88 Piazza Brembana,lsalata795,ludovica.salata79383@example.com,zcXHoq!#3Yg@Y
122,Adele,adele,Casarin,casarin,1985-03-12,Piazza Mirco 40 Laccio,acasarin6910,adele.casarin92267@example.com,BtGiqh*iDnc&96X9ymW&#9EKKRJxl3Rs73C%bRzV85$lOKCw%V!ZBgg&aqLp?V9
123,Melissa,melissa,Columbo,columbo,,Rotonda Sbarbaro 68 Bossea,mcolumbo4766,melissa.columbo62078@example.com,"0oIeIVZp)#$CtOOs5m!C,!Tyq!s9N1)K6yr)4fx%nE4kBTG(r3KO4YaPnnJfcX8rWSw4$NUzFx(xv89THzteDu?d2TWkBd0J%seH3Obq?&9J"
124,Alessio,alessio,Jilani,jilani,,Strada Cecilia 55 Castellino,ajilani6840,alessio.jilani61998@example.com,"y?n5EOpnYLqjc@l@EtI,3oQx98K%yu%14G2PN3i3Q"
125,Rodolfo,rodolfo,Dibiasi,dibiasi,1962-01-21,Rotonda Fortunata 99 Ortelle,rdibiasi4893,rodolfo.dibiasi24806@example.com,"sIoxq825P3y)s#uBf3eRD30Q9eg#tMvLb#pt2.&F99,07)e"
126,Mariana,mariana,Gradenigo,gradenigo,,Rotonda Sauro 50 Canepina,mgradenigo7895,mariana.gradenigo54997@example.com,FkO5Wgvo4Px7sbR$TvINKJEMuCS
127,Paoletta,paoletta,Boccioni,boccioni,1964-04-04,Rotonda Camilla 94 Cicagna,pboccioni5310,paoletta.boccioni78257@example.com,"5AR$YA7bRAmzjzA(e)S$d8PMDb!?13&kWi9bQ62cyZMRAnyvFxclRkj0EEO5)ZGI4GI3nu2mPMHFGiUI,dLdPHACIFXBLKdkr*Wm#bd*$Dyx0Ce"
128,Gian,gian,Pacomio,pacomio,1986-03-11,Piazza Annamaria 60 Lamalunga,gpacomio4540,gian.pacomio83648@example.com,"1L@6(ihQM(%b%w*k2,oZn%5Ss&CACuK(FxFaWnED(JnLur0NR23f.OE,ZBmed6T..sdGk!&inF#Kjlb@i)BGe0CGZfmMZRE(jpxyu9xodlp*jjF4%K$7v828u(J#2Zl"
129,Susanna,susanna,Barillaro,barillaro,,Via Lippomano 11 Saccolongo,sbarillaro3077,susanna.barillaro28835@example.com,kNJp5%n27m4yQ6cG8bv!uDD49dU#%TqgA7g4XQ!0%E.yBo(!sSO.wMDQfa
130,Rosa,rosa,Micca,micca,,Canale Venancio 80 Ca Degli Oppi,rmicca8544,rosa.micca10562@example.com,Hegu?o1OIvCF06p)
131,Laura,laura,Panicucci,panicucci,1996-11-20,Piazza Calgari 93 Sandetole,lpanicucci8497,laura.panicucci75701@example.com,"t7KxMOnvFdaccbH%hJ2Mo6wAHkjkSq(X2L4t?OR.6MjeT?!XS.QWcuMqqc91p@GpEalO#nP8YR$C1#.P.if2FI55*Phn35epdRIu9,*Qo)aWx"
132,Ornella,ornella,Fattori,fattori,1958-02-11,Vicolo Orlando 199 Rizziconi,ofattori8381,ornella.fattori62355@example.com,tl$o0)vc!hWq.(zV(o0x(2CSByIU$G@DfcfOvbL$7Aec)9nw4.J4XFeMiZ8?yt!meDqSZUHnC?r(BJrOGd*.Ot(
133,Ranieri,ranieri,Peranda,peranda,1972-07-02,Via Soranzo 93 Piombino,rperanda5007,ranieri.peranda85292@example.com,"NWjBaX5p7FaHFU,p3?bDc?wtPp$RvjRM?F3bSUg4Xxl8#ojps3FP1ojR0h"
134,Martina,martina,Turchetta,turchetta,,Stretto Adelmo 5 San Vittorino Amiterno,mturchetta4376,martina.turchetta30448@example.com,$spFZ2omF*%ZRu*@FK9qgAu%g2@CWYSs#Sc7aD3!BDvnbR2p3q!&q9q#vl7(h*XH(GiBPJgsQ
135,Mariano,mariano,Parri,parri,,Rotonda Gian 0 Filicaia,mparri3253,mariano.parri25216@example.com,"v)tqx(j#?T$17S4TYVY1qAYC9(UnLMfr,Po))!GLqN3&BS3fW"
136,Livia,livia,Capuana,capuana,1964-08-31,Borgo Florio 38 Dorsino,lcapuana3714,livia.capuana17975@example.com,"SJ3DdG0r!q7Jt7WBSjaK$26p,f8Ez*M$)cxW0gGW8#JRG1V9X5btlrDvRwuQsgEwCp$WRHAKJmAd*D&n32QpOrt)Q,8ViyPXMObYaI1B65ws"
137,Fabrizio,fabrizio,Luzi,luzi,,Stretto Ortese 550 Piacenza,fluzi5731,fabrizio.luzi17609@example.com,B!8s6$2A#seVz9E*YSAda
138,Benedetto,benedetto,Zaguri,zaguri,,Borgo Filippa 2 Oltresarca,bzaguri4355,benedetto.zaguri32349@example.com,szwR&4OaEx@HsL
139,Nico,nico,Brugnaro,brugnaro,,Via Ludovica 0 Galluccio,nbrugnaro4571,nico.brugnaro83936@example.com,G!s.9hMXlo(0bMfrOpzypg1SNJ*7
140,Eleanora,eleanora,Pisaroni,pisaroni,,Borgo Buscetta 2 Macine,episaroni922,eleanora.pisaroni14646@example.com,9*Q)mVCBa)
141,Filippo,filippo,Iacobucci,iacobucci,1969-02-09,Strada Ilaria 7 Gangi,fiacobucci5312,filippo.iacobucci23857@example.com,"bT3pA3TpmYG5weeXOd(eXSKF@k*RuQE)fMj#leaaM,0af,iQ&v!oCaRBG)1i01G96%p%qp9CvE6AwJS?Er6"
142,Irma,irma,Proietti,proietti,1991-11-29,Via Cipriano 8 Santa Luce,iproietti6846,irma.proietti55937@example.com,ySV(YBTZdr2*h94j)v3?Np)W5@oPpWu*HG*#6NI4x73%6##Ji!Z1XzptT7decWVt
143,Mariana,mariana,Mancini,mancini,,Vicolo Pincherle 22 Sassatella,mmancini6061,mariana.mancini46374@example.com,"i,?ptvc4m9!QyO,($$Uh#bqcfw@@R8PLLv8it1dVAmOn%Q6xGImFvpAq1jP"
144,Emma,emma,Carosone,carosone,1982-03-17,Piazza Malaparte 759 Calusco DAdda,ecarosone5757,emma.carosone86726@example.com,"efr@hFS,4PywUPEu?.g@cXt,8SRF*fp7kdOfU6LcSGM.*HkD3YAbdi4wUgW03l&YOZSkq8Q4*c(qNA4yA91iivH3jFbly)9dOYn48GNZ6n.%smMnbu"
145,Ludovico,ludovico,Ceci,ceci,,Vicolo Germana 922 Casa Castalda,lceci1921,ludovico.ceci99011@example.com,"xHnYkMCI&3A@Bb$!2efRrOvZdb1tW77xV?%gHo*1&ftW63a4hjxJ!Po,#)f5KhyTE)G8IyQwT((96PgS$TRQ!D6NCi"
146,Lauretta,lauretta,Rossi,rossi,,Canale Grossi 4 Pontecchio Marconi,lrossi1227,lauretta.rossi34923@example.com,"Lojhf9ah.h9ZISa1*2RN!V$gwZyfsq(G@Mpml*#Qa3RrpQ4AYXida9RVImlFD,8)v9xsA*6b!A7,DJ!9%DCbR*A0MdlKm9s!P9fY8@Hv3#v4A!!?MFA!9pWkTQvrX"
147,Giacomo,giacomo,Greco,greco,,Borgo Interminei 22 Pescosansonesco,ggreco9187,giacomo.greco77903@example.com,"#mUHPzTzeVX%dvG)bBlv@PmZw#8N&5JB4q%oRz)m02iW8.OsRqSni0RnCIVC,V9fkC68#?2XJFvun?AJ10GE5y*gIo(!8j."
148,Domenico,domenico,Tutino,tutino,,Canale Durante 33 Piedimulera,dtutino1478,domenico.tutino63273@example.com,*9VvzIsx
149,Vincenzo,vincenzo,Armellini,armellini,1950-10-13,Strada Marta 76 Cartari,varmellini3457,vincenzo.armellini13912@example.com,"aPnOBdfYfQ8XY3$2TEXzd5uW$4cs?OEuRgtB@&R((CDUz*Kzl8iYT@n0LggtJ@RZg#J8,.1M!*2SSTo$g"
150,Oreste,oreste,Colletti,colletti,,Rotonda Fagotto 2 Falesina,ocolletti151,oreste.colletti69661@example.com,yOmj$@DzysKng#LX&A3flkbuNxfME0ChTrPUmusy9em5L980E)gKa
151,Guglielmo,guglielmo,Pisani,pisani,,Borgo Barbarigo 291 Piobesi DAlba,gpisani2895,guglielmo.pisani77456@example.com,pvq7%3VAGNg%$O6
152,Giuliana,giuliana,Salgari,salgari,1956-08-03,Canale Alberto 48 Bioglio,gsalgari8539,giuliana.salgari49595@example.com,"LXMEXBN8qeTG*rqkevohAEfU3vy(F,r8s3!dT7SjR1RQRZEEhm2Vbv1a"
153,Pompeo,pompeo,Duse,duse,,Strada Ligorio 354 Cresseglio,pduse1041,pompeo.duse85557@example.com,6vRWTQ4RhGt2gpJKjjd#TPu7v6Z?
154,Morena,morena,Spadafora,spadafora,1980-05-29,Via Filippini 40 Urio,mspadafora8744,morena.spadafora82854@example.com,"T)zZwpjGvHNN&4V18p,B%iV6z4?b2TJ0l."
155,Pompeo,pompeo,Tron,tron,1997-11-20,Strada Gaspare 5 SantEgidio Alla Vibrata,ptron1417,pompeo.tron72162@example.com,*66OD!0gE
156,Fabio,fabio,Deledda,deledda,,Viale Toni 3 Borgata Mezzanone,fdeledda1237,fabio.deledda54289@example.com,"Mqta8*ZNPcL25,k#"
157,Dionigi,dionigi,Polesel,polesel,1950-04-26,Borgo Lilla 3 Motta Sulla Secchia,dpolesel1746,dionigi.polesel91204@example.com,J%h?hAJm#58aWn7bq0hxRI0Ho(#&oOEl3Pc9yr
158,Giampaolo,giampaolo,Aporti,aporti,1968-04-23,Stretto Telemaco 38 SantAndrea A Montecchio,gaporti6902,giampaolo.aporti93966@example.com,",(2&gHlpVQ($9wBVvTkO4FF,5.TStUxvUO#kL3!f"
159,Vincentio,vincentio,Riccati,riccati,1962-09-23,Borgo Pellegrino 544 Monterosso Al Mare,vriccati8912,vincentio.riccati65192@example.com,"9h2SONpZ&SRwvTfAA?bvX1t3f8an(kqh2AlI4*Us7csD6.5SHAp7#rhh7rs?aNVNocd,,z&h%e6ACcOluHj#gKGLqe6D&sM"
160,Olga,olga,Modiano,modiano,1997-12-21,Contrada Lara 33 Stadolina,omodiano7047,olga.modiano2410@example.com,RKP)Q$&22N.w9b)&Y0u6LxF(qt8CInHpjBiwBmRsXGEbdTCagXeSw$V!TJ0BJz8MSy0aZu0fhEd2%pmcHhfhlgh9MJB3M.vrbAk(veF&O%be
161,Cesare,cesare,Miniati,miniati,,Via Comolli 0 SantEgidio Del Monte Albino,cminiati3019,cesare.miniati45873@example.com,JjMVvWUAaW1@5
162,Donatella,donatella,Norbiato,norbiato,,Stretto Cassandra 41 Barrea,dnorbiato2981,donatella.norbiato27218@example.com,cEVgPH*BqwhcG@4zKT4ToV!m0ML3q.C#VUOD8W9@qLk)PLJ(4PfWD84895Pp)l%CFC%.P7Oi#flff
163,Tullio,tullio,Dandolo,dandolo,1975-03-05,Strada Durante 9 Monte San Giovanni,tdandolo1359,tullio.dandolo82876@example.com,"PuNelm7?I!6i$h#vP0lADS8&aBuXvXUUagRxNgd7qPVvcevYgztBNP55W1Ka2V&btIvpD4n154MeluxzH)vCYVvT2I6Le37z0gyjBgvhFqA1Zba?LOQbw,YsxD*BceG6"
164,Angelo,angelo,Giacometti,giacometti,1953-07-28,Viale Salieri 743 Tiggiano,agiacometti2859,angelo.giacometti58186@example.com,"X)TiEWzM,*&Yxwz2ifx%f6X6uxTJhDlyG9vu00xOLnXQZ@qbVySJrVg.AJJ(0h*wuW.WgZgYoUmsskA2(vczCFt$iL!PL7Kk8Y8mq485?"
165,Sergius,sergius,Gonzaga,gonzaga,,Borgo Gemito 37 Setteville Di Guidonia,sgonzaga6628,sergius.gonzaga83106@example.com,VB7nsu1777lIP@IXKDj?879A3R0ylgb*l139UtJ9FJx1gb3@rrG
166,Livia,livia,Bevilacqua,bevilacqua,,Borgo Annunziata 61 Verzegnis,lbevilacqua1358,livia.bevilacqua81607@example.com,#hkb%CV*UBmGXSf0qR)qIy@Ogi8I26CEWHwO(ej&S5z896CXVtHJV4#KdF
167,Uberto,uberto,Fusani,fusani,1968-09-29,Rotonda Cociarelli 8 San Cataldo,ufusani189,uberto.fusani18796@example.com,"qpd)Ncfh,I122DwM!yS(?F8Ka%tizxjrIulQukdw$3T*M#9i9Vb$Qt.6mfdr*l%iqXEl4t22Owl@v@#jvS46tc8Nf5fFgCFr"
168,Claudia,claudia,Bondumier,bondumier,,Borgo Greggio 722 Jonadi,cbondumier8952,claudia.bondumier66885@example.com,M7Jr3PkytPa4w3.iQ#PsomJS3wRQ.K4GaN38KG86j8gs7Aw$O7Sy61QEZG$b%p.X8yITGTLtBXO8V@9FZvyK&xoHV$c5Wbn9tmP5w1Y%ppFAh)@mN0s
169,Anita,anita,Ferretti,ferretti,,Vicolo Fagiani 357 Lattarico,aferretti9969,anita.ferretti6608@example.com,"JR5NAL@s.XVR*Jc9JYlGcE?fC,O0yNI#MKt49$Frtng&taIgAx(nM..Pu*GP?Cc30.dHSjBp3DGzG#p%TWn%6BENhFwMhYFtPC)cjfLiMtJd8dp00cxyvn@ptnQT6$"
170,Pietro,pietro,Meucci,meucci,,Contrada Gianpietro 892 Treiso,pmeucci5299,pietro.meucci31030@example.com,"oslgnr&!x4d5D!wtHd4a@aJl?lUGFcy4#KJ23HG,qhf!?rIQ1k$m$c#4TfzDT2uvrX(qv4YPV"
171,Flora,flora,Sermonti,sermonti,,Vicolo Zoppetti 45 Borghetto,fsermonti4017,flora.sermonti20917@example.com,"L)62@vS1iFE3b4ORYCQTsjch93uTV%wH3Nw?L.e6RliuxRywA7je)99BZsZWBFB*D@gDq8&2SHebmU2ZSa$3$y?s$,BYe"
172,Federico,federico,Seddio,seddio,,Strada Casaleggio 62 Erto E Casso,fseddio4071,federico.seddio96103@example.com,#&n.w8?yz.pN$0.#A?A8zRj4QHDC2!YtO5J?xNE1EFdRpY5?!cH8okoe9c.yC6ZDQM&fWqnly(cI%Su)N!2cxeM$1LbV&o)nzxJYkxeOW%$A?YJC$0!nJ7@TzGyLF
173,Cirillo,cirillo,Botta,botta,2008-10-14,Via Pellegrino 4 Sceti,cbotta5136,cirillo.botta16622@example.com,qk&P5*c80fgWGrVIeFQBx&
174,Bianca,bianca,Tarantini,tarantini,,Via Ferrara 186 Velezzo Lomellina,btarantini9850,bianca.tarantini56703@example.com,"#!S*8kqJ78e5Ods,Yk@NAheg)*hwP()VoJc4rFftW68Kj86bbv5cS4a*E1LPe#YA1)hCQpE%DbyGClvHa0"
175,Matteo,matteo,Toselli,toselli,1953-04-13,Via Camillo 89 Poggio Mirteto Stazione,mtoselli850,matteo.toselli23355@example.com,"bLi*WgTPCDFb)LLy(buFYI%4Je%q&2T.8bQ.&I!k51MWgiNKEoLtbEMZqT,1GUY3OEYnSaIOz$!!@DkS#6lOo3)*9gYu!GE*$VvS2?p7vVGq443an9CK@F8@&(kxfc"
176,Lorenzo,lorenzo,Camicione,camicione,1998-10-16,Canale Pier 4 Scala Ritiro,lcamicione7635,lorenzo.camicione1655@example.com,"E#@3POrJph.MA6lTaOc.j!eY.p?I9E!,L$*feyfv*1zYOCUh)3%9XtUtmO6*64xtdJ8f&Rak0HQ?lE3TKtO7dA%6wyCk,Pk!eKVt8#yyS(mkuQDn%8zlTBzj"
177,Annunziata,annunziata,Ramazzotti,ramazzotti,,Stretto Lara 974 Lungomare,aramazzotti7574,annunziata.ramazzotti3672@example.com,RCN6Zqde!I8
178,Donatello,donatello,Petrocelli,petrocelli,,Vicolo Piane 84 Sirai,dpetrocelli959,donatello.petrocelli18744@example.com,BGa!63?zf*&vwPZciM1z0Z8Dl
179,Giacomo,giacomo,Monaco,monaco,1967-05-25,Strada Pergolesi 7 Porto Ceresio,gmonaco6142,giacomo.monaco68727@example.com,gNw?ST%b(D2Ka
180,Nanni,nanni,Maderna,maderna,,Piazza Persico 96 Portovenere,nmaderna8768,nanni.maderna71570@example.com,"qWo.y%cvji0)XfXiv%Edu5d(1%4!zV8,SlGEknUz$!ar%5n,xn6OJWDhZV6RXa)gyN"
181,Marisa,marisa,Campano,campano,,Canale Marcello 88 Calvi Risorta,mcampano1716,marisa.campano48527@example.com,"x@lETREV9ZLlQ1rgfAJjjYY))Ba,@K@QnB.hWTylhhkYyE$(bqsk6Dhv72?RSoUtGQY0Of6EeTPd9NCjVn%9CiP%Rbpl7Wj*c$qX06MhVr7j%J?uR"
182,Fabrizia,fabrizia,Gucci,gucci,2010-03-28,Strada Pometta 34 Andriano,fgucci5939,fabrizia.gucci49210@example.com,"gAEAjN9QeD0AOZ.B,Y29.K!8xTxk%zMniB0B0#.zPhvtjz2K4,7@G81G?zKEu0y!uSMhlEljibwRf4oFM2P?twrl8Km"
183,Claudia,claudia,Ariasso,ariasso,1961-05-07,Vicolo Alphons 39 Poggio Tulliano,cariasso7504,claudia.ariasso88876@example.com,W1(mYJ9lUi*arro(4(%lz
184,Veronica,veronica,Cattaneo,cattaneo,,Canale Iacobucci 36 Lumezzane Pieve,vcattaneo2757,veronica.cattaneo25084@example.com,"8w#06Qn1hw&234fMEbw,Ep,$I@V%i?vO8?BoM2oi@uK)m@ignyux#y3wOqn.2h4y"
185,Matilda,matilda,Santorio,santorio,1948-08-23,Canale Coriolano 18 Cicognolo,msantorio3593,matilda.santorio98759@example.com,"7q*1OZj4c2Hj98Fw,MJS$Uqe(,ZICef?3F6f2cK7LcwYYiNf)22$D&eByAFMAdB@G@4f2Al0,qF?l%!2GY2CtKAm8y87"
186,Alina,alina,Cattaneo,cattaneo,,Viale Ida 2 Casanova Del Morbasco,acattaneo4632,alina.cattaneo68995@example.com,!f*EW1RYr%uSi8zl%nK
187,Annalisa,annalisa,Cadorna,cadorna,1979-04-16,Rotonda Vigorelli 97 Salto Di Fondi,acadorna1016,annalisa.cadorna29129@example.com,"6@IUiiFPqDifsVQ6yOSdAs5OC#mz0FKIJQfr3U97Lgr8jmh@,$%AGuhPm6Ujus?2hUYsK2kOfz&lDqA?X!DFi6K&!I$in,ZXkfWDG1%nbi9"
188,Marcella,marcella,Calvo,calvo,,Borgo Cassandra 273 SantAntonio Tortal,mcalvo5707,marcella.calvo47717@example.com,)5ZO2GBq3F&%q6ECs?30keMBZeVk2h2K6m@a7AgaM7RZrgPl6MI%0Q0JUjLIOZppiUSaem
189,Donatella,donatella,Bellò,bello,1968-01-16,Rotonda Saverio 631 Bassa,dbello8695,donatella.bello43293@example.com,"6Uc,b8g2epuAC$jN.L?JN*vxJf5)C2w&Nc*6KLXEAOJKJ0@g2QF$urhnGM&*EcfR3uAdV8flHUM?M2%n2lkx!QUolQe8a9"
190,Giacomo,giacomo,Mastandrea,mastandrea,1973-09-28,Viale Pizziol 13 Serina,gmastandrea8804,giacomo.mastandrea15568@example.com,"BPX()nCGa7Vv%55xFCJaTodr1LsuA1r07Pa@?N,m.L0U6vSwd26uXrxNlt$QoWPM,v(Rl.O2DWs(h1wBw0Hz"
191,Dino,dino,Mercati,mercati,1959-11-03,Strada Mondadori 73 Riesi,dmercati3302,dino.mercati50079@example.com,HZaO)vaf45FwUFs2Da6h2!ie#Ua&Ts9%hrda&)yEHkw?sJ2&#pO(Y*bbvtJ%gf%2uyE0Gwe98D2
192,Carla,carla,Beccaria,beccaria,,Rotonda Badoer 3 Guastalla,cbeccaria1710,carla.beccaria59507@example.com,"VP@wCOf&HrjqJK%80GQb)VwY@uQNYd(@d$8!@6bpz#0w1WOcsVx?MkOnM7PvqpTPYeN2Y,EypY%,$OtXW8v"
193,Ignazio,ignazio,Casini,casini,1955-07-21,Vicolo Pierangelo 70 Villa DAsolo,icasini2550,ignazio.casini252@example.com,"kdLAc*mIxnpa%mds.mVzL,?faA!RNKR?G3C.K@e6EK0Nwy7wU%3?$5M%ZEs)m&zU31.BClOv7@l8yPLZdDjPZ$D3V1&a4eB!fnGcc&!uWJoj9CPn(tgaJDV8?M4S9W"
194,Lisa,lisa,Bertoni,bertoni,,Canale Gaggini 310 Ascensione,lbertoni6995,lisa.bertoni53409@example.com,"DscYAG9PRMeE@Ab)*DH4@)3Wlk,rL5kWxSYgz!NG7vL"
195,Eva,eva,Jilani,jilani,,Vicolo Elena 4 Barbuglio,ejilani624,eva.jilani24682@example.com,TOnd$F7vFyGn3fKKqs5X*DSMBEqzmJRj7u&3gR9pctzjotXt?JAt(4Vui)mgragMAWFZkNORi@wV0xs6#NtC#OoVr$dR*uh0zkFzoOH8XZx.z5S!7Z%Y
196,Pasquale,pasquale,Chittolini,chittolini,,Contrada Cardano 9 Palmariggi,pchittolini689,pasquale.chittolini66073@example.com,"R(N7GjTf7KrYg@@*#Fu8x!LkbG.N9vc2Jz7ncntZwD4XO,M"
197,Marissa,marissa,Liguori,liguori,1966-05-30,Stretto Girolamo 4 Besenzone,mliguori3784,marissa.liguori51688@example.com,uW(BK!Mr?Puoqmaevi9Wz2#RqDt)yI.JjKcFdjB3kkwxZV22.qxLarN3*IpNCRCv0T680W*)9CwRu%.
198,Girolamo,girolamo,Tassoni,tassoni,1958-06-17,Via Toni 971 Monte Petrosu,gtassoni572,girolamo.tassoni27860@example.com,"cZdtvU40k%aboOekbckJtE#g1,%BILJgP0"
199,Lucrezia,lucrezia,Civaschi,civaschi,,Borgo Flavia 838 Pikolein,lcivaschi9307,lucrezia.civaschi41972@example.com,ZCUeJnd6h7#MC82
200,Matteo,matteo,Casaleggio,casaleggio,2010-07-15,Piazza Beccaria 0 Castelvenere,mcasaleggio3317,matteo.casaleggio88329@example.com,"5YPx&)6sGXnCpcE&x0zu&Avz.TMNyVl,VcH0B0Wbt3e9)f82t0G6Ne9p"
201,Venancio,venancio,Emanuelli,emanuelli,,Via Treves 594 Buggiano,vemanuelli7869,venancio.emanuelli78259@example.com,"4c95(%%96*57DfC73ShAwB8ow1cpg82#xdIy1#T2?D@9Xz!RN),DWodhZC!AD(k*e5F1LOg1HfUQmnKxUClmxycRjLDvrF.J8PkL1!zOtI)3rt"
202,Alphons,alphons,Geraci,geraci,2010-06-26,Rotonda Nedda 12 Barme,ageraci304,alphons.geraci52543@example.com,"e&7nOQ?jOU6Mq#zCpK6?rmPoQW!6d&G!02?uiuboZA%4M*seC*SK#SJJOSYGXj%DCSMTN?cGy1w,SFxa)1qvUTC01H(X3)&7S2jQH@M4cRXHmLVzBI$r(CjS%ywc"
203,Paride,paride,Zichichi,zichichi,,Stretto Calogero 97 Martignacco,pzichichi2836,paride.zichichi386@example.com,"QBJ($XclL5#Xx.KFJeiVOQ#wo,bMn)y5YzNMsGYh9"
204,Priscilla,priscilla,Martucci,martucci,,Canale Iannelli 920 Argenta,pmartucci3245,priscilla.martucci52051@example.com,5gs@OdE#kBVkTT%Vu(AHQGpZ$2i2HujAtSp&9N4M&mX66wiJt&5aQ7Nhns
205,Pier,pier,Caetani,caetani,2005-09-10,Rotonda Abba 769 Trezzano Sul Naviglio,pcaetani4914,pier.caetani37676@example.com,ISggA1fW0quMO)o*?FaPBw)JpKlv?b)nOve
206,Rosina,rosina,Fagiani,fagiani,1969-12-25,Viale Dina 87 Castions Di Strada,rfagiani4881,rosina.fagiani29730@example.com,NAgkYde8fYRLRwo&i!X1HF5#1?sgJ5zxYQ&V#h6POJjyOPc2&
207,Osvaldo,osvaldo,Cimini,cimini,1991-05-24,Strada Faggiani 53 Piacenza DAdige,ocimini4342,osvaldo.cimini44138@example.com,"&%#.M3Vc#@dME46tHc.Ey!S7bi8sQ$PmbsizVTBVaIyKsh,Q"
208,Leone,leone,Mastandrea,mastandrea,1999-05-13,Stretto Luca 22 San Vito Taranto,lmastandrea6784,leone.mastandrea88006@example.com,HK1cPHLDqlVHi$ZDa1hig
209,Carlo,carlo,Toso,toso,,Strada Annetta 37 Vesime,ctoso7684,carlo.toso82409@example.com,1iZsOCk7fs08yne*eY$1hWXp?W$kn90IhX4ZkI*j0w@P@SLE#y7N?5k*Ineetj@z?#!EmeQ0PLbNTpq?iso#z5DDw9DC%DWR
210,Agostino,agostino,Zanichelli,zanichelli,,Canale Vittorio 662 Cossato,azanichelli2612,agostino.zanichelli32988@example.com,9hX$5uT6g5GrkAk@L5(dSheyvXUmrwKXgPcSF1qQ(bdC2pGl5nn0l*mbJ!L2HmeWzI&Ia6X2B8Tw8doBJuOQ@A)aqzkxj@e
211,Marcella,marcella,Ricciardi,ricciardi,,Vicolo Durante 30 Ossona,mricciardi1550,marcella.ricciardi79933@example.com,"lq@4IJn$(b2,BA%P6fq7TS"
212,Sandra,sandra,Mantegna,mantegna,1957-12-31,Stretto Cipriano 17 Coverciano,smantegna1533,sandra.mantegna10105@example.com,"3IAJ,dN6@pRe.R@KQ4rB91So!qIZK$R$FCa(e@f24yg4"
213,Nino,nino,Gravina,gravina,,Strada Eva 67 Servigliano,ngravina7040,nino.gravina98646@example.com,"LoDHKJZNY#i&!wT@e2BMGWFwF,5bvlK5xy%ahxE3ne7T2&!p"
214,Fulvio,fulvio,Martinelli,martinelli,,Canale Liana 84 Castel Maggiore,fmartinelli8771,fulvio.martinelli48699@example.com,Xd$0QAWPeJQSzZ$wVke5MX7YNK.vMU5BBcr.*zfq&G?ejvRM7yzvn$Iuieuy#1@ZHD%t6Cl1Zt#6R1
215,Pierluigi,pierluigi,Trevisan,trevisan,,Borgo Speri 41 Paruzzaro,ptrevisan8195,pierluigi.trevisan70879@example.com,"jS!lK7s1qZIsZQurwZ)Caj@oC?RP0iVd335CoV@.JrOlvAUyiG*N0BW$,BaOVI%e&04KX@b.6?l"
216,Stella,stella,Caccioppoli,caccioppoli,,Strada Ceravolo 7 Sferracavallo,scaccioppoli6525,stella.caccioppoli71319@example.com,Y*N32B%DFP8d1Mw%4qY$Tnjg(2)W6mP!8(b$0QwZX83PANfxgkDzR5wvB2
217,Laura,laura,Pertini,pertini,1947-10-26,Rotonda Verdone 80 Civitella Alfedena,lpertini2385,laura.pertini70579@example.com,"gYO@fhwU.PCZ4uhSyGD9(8W7M#1Se$pO)mSLv$oos*)AlQPr!GT(VTeJ!iWhI#iDUX0RNmwjR$tYgKPw10OilL50SF,SBr"
218,Geronimo,geronimo,Nicolini,nicolini,,Incrocio Santino 28 Bergantino,gnicolini9777,geronimo.nicolini83633@example.com,EhDTPD$5x$mI)RB6UOCGahabwRh)jKat7z6Qnz*zknfZXiDPkZQBXKM1$M6b#)v&
219,Annalisa,annalisa,Fantozzi,fantozzi,1951-01-07,Stretto Saverio 4 Montechiarugolo,afantozzi8378,annalisa.fantozzi40321@example.com,CfLxLtMn@9Uy
220,Giorgio,giorgio,Guarato,guarato,,Incrocio Milena 4 SantElena Sannita,gguarato9148,giorgio.guarato11004@example.com,"4.)HA*QjCciH3KOgkDr3m?ydwM%!zwv3D$%,@9RtY?j,p$C,hb(ZG)YCF6A9a6PW6Ky2EwGoL8a1(Uf@f?07a31vGZ)Wu(w?U0yXK80ucGvJ9A10&fnbUdhwa5A!nQk"
221,Fernanda,fernanda,Ubaldi,ubaldi,,Stretto Gustavo 31 Val Masino,fubaldi1532,fernanda.ubaldi42634@example.com,"nhYezkLnT@2,.P&n6KQ2sIWCwcHmeinjOb?S8xRktNoR!0YK*PD%Nc)AUc6efH?dgZp&@c4gZ1xgO&?4EoAhxMBNpYp?V&g*w&"
222,Lidia,lidia,Travia,travia,2000-08-14,Vicolo Serena 244 Portocannone,ltravia4986,lidia.travia8116@example.com,"UW$cf&iao,&UpRlK3Yr?XZvp0XpS9#xCcFRG*a4@mU4nx4bzvXH0FHsHreautS(uRExPq51hz&IQ79"
223,Vincenza,vincenza,Tamburini,tamburini,,Viale Paganini 473 Spongano,vtamburini733,vincenza.tamburini33626@example.com,"1i,(dR36YlA?L*vFpfbLQW#i73Qyg#(i"
224,Roberto,roberto,Vecoli,vecoli,2010-03-08,Via Dionigi 2 Pianello Val Tidone,rvecoli3919,roberto.vecoli352@example.com,"0goIkwSYn%xk$IV?#D63C@%(t4vC8IapQPcDVXYdrj9vVA&?8t$h,SDJg0mTfT,yFzDRRT"
225,Tonia,tonia,Gregori,gregori,2008-09-11,Incrocio Serafina 81 Castrignano De Greci,tgregori7963,tonia.gregori9108@example.com,"YGRHzrUiXI94pK#SLtaWhI8UqL.veJIV)C?Mdq!&2m4hA$pg9RcbuY,qJByDD%%SQU1EAVeaLj4.r2RML*O)NENo**sxfzJd"
226,Romina,romina,Avogadro,avogadro,,Strada Fanucci 61 Onifai,ravogadro4172,romina.avogadro85815@example.com,"JytX7?Eiq!Kxb*IqmUZ,C,ckZol0MhCKp6Xr3bkTEUFdY2%svbNLn.6LjJd##F(O86T&*3WniC3glRzuw9PKLVnF?uG!C)@"
227,Coluccio,coluccio,Venier,venier,1952-10-03,Via Antonucci 684 SantAlessio In Aspromonte,cvenier2956,coluccio.venier32074@example.com,46&Ek&FLWNN@h?ReSTf@792e
228,Viridiana,viridiana,Depero,depero,2000-10-23,Rotonda Valentina 55 Quartucciu,vdepero9444,viridiana.depero78081@example.com,8dv$RsjgVreZ0Ata()XXu5
229,Veronica,veronica,Faugno,faugno,1953-09-22,Vicolo Baldassare 413 Montelapiano,vfaugno392,veronica.faugno87989@example.com,wxYt%SnbfdYO5tym$5XUrZHMqb4v6pfwc?u7
230,Melania,melania,Meucci,meucci,,Stretto Condoleo 31 Unsere Frau i. Schnals,mmeucci9675,melania.meucci68572@example.com,s@YXzZM7sJmeNa5!2$.xVxw8p
231,Ippazio,ippazio,Zanazzo,zanazzo,,Incrocio Nitto 836 San Domino,izanazzo4019,ippazio.zanazzo34500@example.com,z0$NxII7W&
232,Adelmo,adelmo,Galtarossa,galtarossa,1965-12-14,Strada Guido 88 Lingueglietta,agaltarossa441,adelmo.galtarossa64446@example.com,P*mdwF)DED7hFOGcpVTFaYJFjTSzvxKOuI4aB4onwC5B0WbmQE%z?LWe5tChoNFDH*eGd!j@PxoEAF!fn)U!z*QM(CY%MbX$iS(9DQa1N%U)d@8cie*&V9
233,Antonio,antonio,Solari,solari,1967-07-18,Stretto Veltroni 5 Borgo Montello,asolari8902,antonio.solari72524@example.com,6a%J1zoZ99Ray$e((iwV
234,Salvatore,salvatore,Ungaretti,ungaretti,1996-12-27,Incrocio Serafina 0 Melano,sungaretti6347,salvatore.ungaretti16043@example.com,"Sr0ofcJ#V5riGsmC?FP18J96U6aDcW,fdA$LR8E7s2GQ?4.@natdV)"
235,Gianluigi,gianluigi,Costanzi,costanzi,,Piazza Garibaldi 8 Montazzoli,gcostanzi3216,gianluigi.costanzi46415@example.com,"5gjsjNAygaV,HzC?3B8#0Zg*WvP7$j,SXwGZKHxS0E#DoO!ss8G4.#fpB9iYTWVN%80uvcYEWqZgtdE%ylyNzFU8eg$%vH&O#mpyjbKE@@pja5rYr*ctP"
236,Agnolo,agnolo,Bonanno,bonanno,2004-10-03,Viale Fermi 20 Alcara Li Fusi,abonanno5923,agnolo.bonanno12980@example.com,7hND!jhMA(VxWNS8Kwbnxt&jqB%LRGbhz(NgI9AR*FJs
237,Berenice,berenice,Vasari,vasari,1962-06-27,Borgo Alphons 141 Ospedaletto Lodigiano,bvasari472,berenice.vasari99129@example.com,"ji4sLuU.n9bbYsnc0lex(fCOSbLN)C94Z3Bp&OO)7X)FVD#)3wU8qH&@hfpTf8MTSvPg74dm!U%gucuKEaRxF,e%"
238,Rembrandt,rembrandt,Fiorucci,fiorucci,1947-12-06,Piazza Marini 0 Valdobbiadene,rfiorucci8950,rembrandt.fiorucci79790@example.com,"qB&%yJ8)Gr6s%qYPIoyu*U!,$$6Yvi)OhK1uSJ1x3hFH7?0C&q00i,.zOvTW"
239,Eraldo,eraldo,Ciampi,ciampi,,Contrada Totino 9 Corno Di Rosazzo,eciampi4652,eraldo.ciampi62015@example.com,qE2oFlX(p2rEae$O5*hK?DOI6vr0JAoe5HplqOTDY#RVM%%vGviJ8fwt6?JK?s3ecbhnQ?UDxF6Mlq2Jh3i#X#Eq$SK3AlzkgKCSyL.fILjhsURyHP(q*F4
240,Renata,renata,Natta,natta,,Borgo Ruggiero 18 San Donato Di Ninea,rnatta2815,renata.natta17871@example.com,go1ROB#gqFbm@a.DPxAkzKpARCx3XTZdf9(UUXi5*qsN%wWLfkztOKb6(fcMn.qqsQogT#5N5FjeDdvFbiNlY0RvnRb7
241,Anita,anita,Rossi,rossi,,Borgo Navone 8 Marano,arossi2970,anita.rossi20757@example.com,4gCl4##4xzj8.hKSF
242,Imelda,imelda,Stefanelli,stefanelli,2011-06-22,Strada Vecellio 4 Castiglione Cosentino,istefanelli5674,imelda.stefanelli13556@example.com,ytTirov#RaI7fltg$&Nu%$Xde2c?XRiW$aeB40ZAuYPIT7!v(A*
243,Annalisa,annalisa,Turchi,turchi,2011-04-03,Incrocio Guarana 4 Gordona,aturchi4001,annalisa.turchi21689@example.com,wL%wc*L5
244,Gionata,gionata,Gargallo,gargallo,1950-08-13,Vicolo Clelia 7 Lagnasco,ggargallo9632,gionata.gargallo13579@example.com,"rX7d(?OoV,2K?Lc9KnrCuI0phR9GF$u9g?nLJQGLE,xRd&JKtDVnr$%C5#XhR8&1cXx9ggeO3O@LRI(%XH5Njd5m8HEQmCtf,CAB4TM(iMGUW2lUva#Qti"
245,Massimo,massimo,Adinolfi,adinolfi,2009-07-25,Contrada Jolanda 257 Perticato,madinolfi689,massimo.adinolfi52011@example.com,3V27*PQfgR
246,Bruno,bruno,Scandone,scandone,1964-03-20,Via Fortunata 874 Castions Di Strada,bscandone307,bruno.scandone34781@example.com,Z4p(hAbZQ6jl#zbT&oUnkQ@TpM%qJ4%qtHpi6x8Dq&T&c&c5ocHp
247,Massimiliano,massimiliano,Boito,boito,1978-07-16,Via Tamburello 76 Villata,mboito2840,massimiliano.boito63565@example.com,"ju*H4NkmodpXQSI(tRDDhXBG&LpA*uFo9t2q3y7T4Zi114MagRI&x,o"
248,Livia,livia,Poerio,poerio,,Vicolo Borzomì 64 Giglio Campese,lpoerio5643,livia.poerio69772@example.com,"dLSqKn8y4SaS9SR0&,v4OC3IU657hG?)vjWBE4I0vRc&ZaGIw?2GdeTVM4i(%&&fWf@DE*uCZTDiosQ2,bGHU7Q(P3ItJGoWRBI.*yUE,ji.ZF&EdAXMnQRdK#m%I"
249,Silvia,silvia,Tagliafierro,tagliafierro,2000-02-04,Rotonda Pizzetti 488 Fucecchio,stagliafierro4958,silvia.tagliafierro27435@example.com,"yWp8fFcvJ,&bbWoMCST77)WG&E8g@NMB.8rZED#l,gTNpmC)X@9nTkh0gwIQ7n,EXGy8K*@c%7ROh*MTOAB1%azNzq0V8c"
250,Piergiuseppe,piergiuseppe,Lupo,lupo,2003-08-11,Incrocio Einaudi 21 Entiklar,plupo4473,piergiuseppe.lupo27906@example.com,"kPFfUp%E%0a?Mto7#F!h0Pt.7#Sc7peBl)l1IdUgZT8YH1Q,mnMA1Lp0WNwEHriqrlZFP9,B"
251,Marina,marina,Rizzoli,rizzoli,,Canale Montanariello 76 San Vittorino Amiterno,mrizzoli4341,marina.rizzoli21926@example.com,"bB#X*1PlM3q5%WK4AbgB72uH!#9tz1,J84QSREGu0j63lC,$fwJfXPhswA6sp4J.jrSnvDJVeTcpXtj*O7#)H4,j7MdWaTs4wE"
252,Ranieri,ranieri,Sorrentino,sorrentino,,Canale Tuzzolino 5 Carciano,rsorrentino6966,ranieri.sorrentino17131@example.com,"(70*!H8sE)bd,Lyi6g1j5a@a7bP6!(9nE#wsyD"
253,Alessandro,alessandro,Casellati,casellati,,Stretto Oreste 14 Breda Cisoni,acasellati7269,alessandro.casellati85870@example.com,cA4*UlT$#o4nOY&qof)aA4f8DNFr4w.Q#4AFPKgG5evJoEozR7SNplX)2Y(!Gi!4hgVIKg9Q.FqLDjxhJETVzxd
254,Puccio,puccio,Pennetta,pennetta,2004-05-12,Viale Tassoni 0 Camerana,ppennetta8006,puccio.pennetta94997@example.com,P.zT?B.h#njjfom8t3Do$ABTedzU3
255,Stella,stella,Lanfranchi,lanfranchi,1997-04-21,Via Giacobbe 6 Villamaina,slanfranchi6977,stella.lanfranchi29882@example.com,"o3AWD?&99@y5A?2)R*b5FS,ygTh75w0gO@rESV8?9W8d!T3*71Ij3"
256,Ermenegildo,ermenegildo,Babato,babato,,Viale Ugo 21 Mercatale,ebabato6151,ermenegildo.babato74942@example.com,WZ4OOcUxSGK6an*tQ?LTmaRfFRNKEKgmU$%WqpRenvziT3p6Wy57b@&mdhvpBQ4U
257,Simone,simone,Grossi,grossi,1958-06-09,Vicolo Graziella 6 Piaggione,sgrossi424,simone.grossi957@example.com,"!KFEJxba1%Zra(.PXE5y3t9VBqywqXQZsnGVBDt#sMyXWT1i(?3LaK2T9RY%meR0866%.@Yr2yInr5J*7Z$7)jKnYvD$I1Hb0,Iu67G.GNWnv7VEHYnQN(mNoWtEM"
258,Arturo,arturo,Gritti,gritti,,Strada Santino 96 Elmas,agritti464,arturo.gritti47242@example.com,3*E!g#u)4Q)KYsPF
259,Rembrandt,rembrandt,Busoni,busoni,,Rotonda Antonio 98 San Giovanni Al Natisone,rbusoni6446,rembrandt.busoni71182@example.com,DiWi)xunsUliFY3Bxsa&6mOXu.pF5
260,Adriana,adriana,Iannotti,iannotti,1975-06-18,Rotonda Ferrabosco 10 Baressa,aiannotti9015,adriana.iannotti88732@example.com,WTBx7nm2yq8E3WV$4dBEPMF0P%@h7hY9bRkCxgK(ffCc0KuJB.*5(
261,Benito,benito,Rossetti,rossetti,,Incrocio Borsiere 33 Biandrate,brossetti5327,benito.rossetti91302@example.com,.%K%*hyQpBX2PWYTz*5Th49hNN4nkjvGx.0SLkNt#*UB3L&CfSQHuy1?WcYZATKQa7WZ0Rp#EKk4ZAG#LF?
262,Rosalia,rosalia,Moccia,moccia,,Contrada Mattia 21 Trabia,rmoccia5889,rosalia.moccia71081@example.com,KSkT&O80k#2@W3X3ESsg5V.d$f1Vf2q.ZEg8D6GtqAdF5js7&ak6%Oo)L5v)DOu3t#3#U107Z2Bvi0csCRw&SgVSI62
263,Annibale,annibale,Interminelli,interminelli,,Rotonda Accardo 96 Scalo Teverina,ainterminelli5128,annibale.interminelli26248@example.com,@#LoZnXg1xhzl3jsQvtQ)R81Nm?D*Tc1?
264,Ferdinando,ferdinando,Salandra,salandra,2009-12-05,Contrada Dante 9 Montefalcone Appennino,fsalandra7735,ferdinando.salandra93450@example.com,"Tf$L1n)Ooph8SnHscuY*i19s(bMgYgr8JWmi0%mp!v!EC.d0vCr7Teqf5iX?NGx)SAwDe,MsYO3NY61rPdx14$3rE&235q?1"
265,Alderano,alderano,Parmitano,parmitano,,Piazza Goffredo 373 Niviano,aparmitano6539,alderano.parmitano7357@example.com,C9u$kT7Y?PNnJ@31R49sW#FkYOjLB.%Z96rD(SK@p1Q9XgD*ldqTFEmJjI?p1nMDvNX
266,Raffaele,raffaele,Cristoforetti,cristoforetti,,Vicolo Angelina 83 Piadena,rcristoforetti9352,raffaele.cristoforetti6493@example.com,"Vy97?$3AiK0Ad8EZP@jAjf5o%HK$DjQyu#QrxO9SBpGVcvF?8NlqbB432AF!BBQ)j7r8,?SCwwOtuu)Gb7LY"
267,Ottone,ottone,Goldstein,goldstein,2004-09-07,Via Achille 464 Pintura,ogoldstein8114,ottone.goldstein53556@example.com,hH2iWmh08jNF.jlR#St
268,Enzo,enzo,Gagliardi,gagliardi,1982-01-07,Rotonda Bocca 731 San Piero A Grado,egagliardi2547,enzo.gagliardi52049@example.com,#Xj80wD0cw0?e.tQ2qo@EJBt&.JMKVEQ
269,Rosaria,rosaria,Sibilia,sibilia,1974-01-20,Via Greco 3 Tofe,rsibilia5951,rosaria.sibilia66491@example.com,@5fgaBRe(xzI!F9g0)%TvQv6pCIU9$jSG&tLv*uVJ#HuUyaV0)iO&09DLfO!qGRTe#!vjlHDp1kp7f8aixwx2QeKkEop35Muf63Pctg#pJR6zv..9idSWzDNMCf
270,Susanna,susanna,Morpurgo,morpurgo,,Piazza Fioravanti 1 Orani,smorpurgo5553,susanna.morpurgo88444@example.com,"lqvf#La?3D?D?(zm0kHlhZjikib.QjZ,xz?hV0g.62p8KLPg.hWasFIX#gA@8P4zmVeK2(OIxNiEGsLW34S$iRJ*uXWEZ#AEQ34LTMLx5jN@iJ($.Fq9h@nKb?onJk"
271,Lauretta,lauretta,Andreozzi,andreozzi,1996-06-30,Piazza Scaramucci 67 Piozzano,landreozzi5926,lauretta.andreozzi41692@example.com,"g!d1&)4qw?zOn#T.6ef)wJj@CInizt9saud?aL*KUiWZbYv,NX,?(&&YCdn.r2pfig,O$vSoiR1fRWNrMXaDf3m$6EH(IEM@kcns8&YmoU2eu?2ukQZof"
272,Carla,carla,Roero,roero,1995-01-24,Strada Manzoni 459 Cividate Camuno,croero1823,carla.roero84827@example.com,&6)P.!k#RMgC!Ho@&5RuCL%b@P?
273,Pomponio,pomponio,Ferraris,ferraris,,Stretto Riccardo 57 Caiolo,pferraris1217,pomponio.ferraris19835@example.com,Rz6qFVGO)2NYQv5G
274,Galasso,galasso,Pellico,pellico,,Canale Guinizzelli 694 San Mauro Pascoli,gpellico4420,galasso.pellico71717@example.com,nDj*Fx92ZRmr
275,Danilo,danilo,Sonnino,sonnino,,Vicolo Pininfarina 71 Albinia,dsonnino2996,danilo.sonnino71994@example.com,"oElybd!,ZWmeQSUC0?*NJiRJCrw9xvMBvA1h2CML.HDp2DeM49Twl567&Fzr%V9.GWNx4tETYE@hLY,hRGaB52.5Y%LnT0$cTDbuZ3z"
276,Clelia,clelia,Scaramucci,scaramucci,1995-04-14,Viale Vanessa 84 Cariglio,cscaramucci665,clelia.scaramucci46567@example.com,ZneidRa1x(4xRZHVfi*gRIupTg?gG?QrWVQiD32?d?26DaG#qfZlynU*AuuciHqad09r*Ocyj2cropi?C9V2D!X?8gTx$?t(f&bRXbmpL76HMmgyS&@Lj0jap0bZ?#
277,Gloria,gloria,Filzi,filzi,1979-06-03,Stretto Petrassi 25 Copersito Cilento,gfilzi8281,gloria.filzi44875@example.com,4$JX!It!anAB*L!VH4*x?%HKsuJ@Nkn001cquf#
278,Severino,severino,Fagiani,fagiani,,Borgo Tatiana 874 Succiso,sfagiani5660,severino.fagiani88962@example.com,kW*R&S6N8R(tiX8w32qOAxZ.s5A
279,Gastone,gastone,Ceci,ceci,,Rotonda Solimena 878 Foiano Della Chiana,gceci3792,gastone.ceci64829@example.com,"%FGoi1xpTPMi?q!G7Io.ubkwagDl5,COvt7eV)GLuEv%)9fjsirl&k7d4ogmvz@)#?kki,&TD&i(uR!0L7M0YmgL8DXs9Z4k75TRzK,)u2eCbVCz"
280,Roman,roman,Antonini,antonini,1986-02-11,Via Camilla 77 Vairano Scalo,rantonini1039,roman.antonini56169@example.com,RI0MlQC(*
281,Vanessa,vanessa,Aloisio,aloisio,1956-04-21,Vicolo Geronimo 5 Agnana Calabra,valoisio393,vanessa.aloisio61505@example.com,"ws0t7LlY2%@F9nE8D%jCPdJM0l9znteihaT85ogQL7ypRPUbHmr,6VdFXvSux5ZkqgLK*RhfRnElYO4)*gQUXOe)NI6PDrDKZt1TFs!to.Sa"
282,Serena,serena,Mondadori,mondadori,1998-10-22,Viale Ravaglioli 90 Cirello,smondadori9606,serena.mondadori82135@example.com,qltp@W2SSKMoCkUfoe3I*TF6hgXgX3f.(21kK@)K
283,Roberta,roberta,Salvo,salvo,,Incrocio Dino 88 Ellen,rsalvo5837,roberta.salvo59489@example.com,jmFk7)LQip
284,Torquato,torquato,Sagese,sagese,,Viale Paulina 964 Scarnafigi,tsagese2266,torquato.sagese36556@example.com,"4Ho&ybNNJq2l83WX,Oa,zeE(ugiU8k,cjk*UxQ5@8XksrSBlCFgLjC7q1"
285,Donato,donato,Monduzzi,monduzzi,,Canale Costantino 90 Adria,dmonduzzi9910,donato.monduzzi45466@example.com,"L)8J1TuVdoeuREjCe,q1z#(cPJDRoKJbZE"
286,Fabia,fabia,Sibilia,sibilia,,Piazza Gullotta 57 Aritzo,fsibilia4230,fabia.sibilia18679@example.com,2ix@blJTY%Uc2LGJEsXKxn
287,Lina,lina,Foa,foa,,Incrocio Mantegna 4 Lamalunga,lfoa6567,lina.foa63505@example.com,3EEQTp$Cp%o5&FCAR)I8Pt17#l(AgC7JhQQCsto!WT8d5.CO49FReGmYJT8GOCjRPA6qO0.LV%rG2.ML0&O*
288,Dina,dina,Soderini,soderini,1998-08-27,Piazza Gabriella 266 Conselice,dsoderini8928,dina.soderini86040@example.com,*jex)*@NnCZRA3sByjpDTMW@S01UY7gS1y#IlkBdPpXRFs$%00Y*RJwKNZPk
289,Giorgia,giorgia,Saragat,saragat,1965-07-16,Canale Paulina 10 Lasino,gsaragat2022,giorgia.saragat90663@example.com,qw$ng)g7%LVppcyYz*NyximursgMN$0Q8)tv?HYT&(4Ma.gNqxbzToNAJKsWRWyDJ5zaPZg6lPBnRdRibSx4zbD#Tvv.LM!UcEWSK2CN6e)vWR9#$X066cUKln)kH?N
290,Gianfrancesco,gianfrancesco,Bragadin,bragadin,1996-06-18,Canale Galeati 88 Santo Stefano Di Rogliano,gbragadin8228,gianfrancesco.bragadin33610@example.com,4yXV(S%3%m#tZ(BMrE?h7xugIDEV4Kqwce4GsAv
291,Marissa,marissa,Randazzo,randazzo,,Vicolo Parri 53 Arten,mrandazzo1941,marissa.randazzo62242@example.com,"&WxcXyWkYCN14&7%&bZ&oNjBa$oFI%W2Z(h,ZlMkj#s%8(E&19vZVt(*!RL*IAFCQk@e9w1imW.eGv7"
292,Achille,achille,Tirabassi,tirabassi,1984-05-20,Strada Donatella 689 Viganella,atirabassi1682,achille.tirabassi23370@example.com,"O1yjBmI5VR!Gnc*)Izp?bN8D7pGo5mP#U72bjcRB@2IB,Qrrt9g4v(g4,%uzm0.qBfnnPk6,SQVdiCLeD8yP?Jqkpj(sBPT55#Nye*sQ@,JJ63"
293,Silvio,silvio,Sobrero,sobrero,1947-03-22,Contrada Greca 88 Cocullo,ssobrero7199,silvio.sobrero40957@example.com,AcHE#PR!3Y(.)9z*P
294,Isabella,isabella,Zanzi,zanzi,1958-06-15,Canale Toso 88 Casola Di Napoli,izanzi8656,isabella.zanzi69884@example.com,"g&4$Ux0.X,SpPY#uwr!1KxDzvLSeSp328V("
295,Antonina,antonina,Giannone,giannone,,Incrocio Manzoni 4 Montereggio,agiannone4705,antonina.giannone91162@example.com,4lz(DFA#0zIPOvI2fw?eg5e)WA?Bbw(7nP#0r)TF0qU4UL5#Tt2cuXtYxhd.f0@ipLJ1MC)i
296,Ramona,ramona,Mancini,mancini,1953-08-26,Borgo Irma 352 Lucolena,rmancini8419,ramona.mancini84650@example.com,"97#FzEk3N.Z%%k7fBgWImAoG(pWLATBr4Nf2JNn$N)RyAG9aH2uaV!JBDTk1xm?n4*A6lPSmv0h9mh,6(wpi0@vbNIeK9kw7Q?.b0L,9C"
297,Aurora,aurora,Florio,florio,,Piazza Sandi 1 Castions Delle Mura,aflorio8961,aurora.florio8522@example.com,W992r0V9&nED%yzIOhD3)@hRB00O652V4C@J(PNLM2B!sJTuV7)iV1txvEgxBmrSH(84Al!5Z!V*t.
298,Melina,melina,Tresoldi,tresoldi,,Contrada Michelangelo 864 St.Walburg Ulte,mtresoldi890,melina.tresoldi15278@example.com,"?3vQ0eXuEj.CXpih)kMgUlj7.ZbKu,S3)Y8wlFv6@MVS#b7nj)k!KNMI0Ae@$rHeS@"
299,Maura,maura,Doglioni,doglioni,,Piazza Paride 937 Cassolo,mdoglioni6029,maura.doglioni67252@example.com,"WFQ&u2!$yQx6nyHSgnNT$&ym6fYhBVi%U#qAck4hyScJNScul@6b8OPn1tG30@RbDJ&tgUU4EA4o#2QTw,IU7wC@*OJEBBwyM9drl"
300,Camillo,camillo,Favata,favata,1959-06-07,Contrada Trapani 969 Cavour,cfavata4972,camillo.favata47615@example.com,"e#Dp#$)w222Buws%PN2#jYdpUw@3NvKrFX4#!NI#%ARp3o?h2*4kkmpN(Qa97HxZq,WJI*8@8A&u.xziq3#.U)6KivSFLzNHRN0JqDy"
301,Donato,donato,Canil,canil,1955-02-18,Stretto Bassi 10 Ticineto,dcanil3600,donato.canil50634@example.com,U$@#a7Q95o6xk0ZaM
302,Priscilla,priscilla,Piane,piane,1992-01-26,Viale Giorgetti 85 La Storta,ppiane9036,priscilla.piane63202@example.com,8heJLxe2(BOLtfN@h3wLz$j8!XasvOWW(rSOaP2?dEwWtfGV!0(6
303,Livio,livio,Casale,casale,2005-10-04,Canale Conte 43 Vigna Di Valle,lcasale7190,livio.casale132@example.com,"D?Wq7e46%HA6)xzIvbVCB7AQqNCHx6QPGMn#?HkhEb)?cqR6img&g#mE,%&eC!l?gtm8yre*51kD6bUr9Xvi44XAcFalVMu%x?"
304,Nico,nico,Cremonesi,cremonesi,,Rotonda Ninetta 547 Colle Sannita,ncremonesi6270,nico.cremonesi84179@example.com,"ayh5&hDe4*l%o0j@@588(,L5PTFc,CDT.1%RjjaZY))4e(3&qKn%zGmC,d5$?Z)@INirk$#jyx*CKU0K8PiIdLViv&6o4,3!IE2z5scVC2g3I#65A(3CozTar*"
305,Umberto,umberto,Moccia,moccia,2004-03-23,Strada Giancarlo 5 Ivrea,umoccia3766,umberto.moccia43765@example.com,Lg6yFhNYk8BxL98obvlfSlj@O$3*I9f&hcR1oh46GPh5Pmi2InM)omixQkaz@L.aPW&?kzX23Y*SoQALmtIhSxbOuZ%cAOu!4Amm@BKK@POi(J8XNmt1iX0(
306,Federico,federico,Berrè,berre,1959-10-06,Incrocio Zaccagnini 739 Villaggio Madonna Delle Grazie,fberre9095,federico.berre70377@example.com,W(r6QgHGFDMIo8&?
307,Coriolano,coriolano,Trapanese,trapanese,1985-11-06,Rotonda Vincenza 6 Campese,ctrapanese7178,coriolano.trapanese72533@example.com,BapDFl!U!v%FZ2iiMYubkj&e(?4Z#PNemK%qKp6f!vY!w5cH6.dqRzk?D.*A
308,Sophia,sophia,Pacillo,pacillo,,Strada Tropea 17 Badia A Ripoli,spacillo4894,sophia.pacillo10783@example.com,"dx2s!i#xeSh$X9k2w4wgXfqj%4ftvWKmsx59eMCPvRkWtTZoKN#!kLPx5TDCloQveD6,bZeaDdfGGG8AqKN*IU6$ID7X%Tl7wVCkHTiQK9jybEnV(iW"
309,Vanessa,vanessa,Marazzi,marazzi,,Piazza Offredi 35 Extrepieraz,vmarazzi5895,vanessa.marazzi45917@example.com,fBKhaOc53khCVbEUQY@Nf*#qifM#(FTrTKssb*DcGu.CYcCLY(GfVb2h9JP4E@S2QM06B)
310,Stella,stella,Santoro,santoro,,Rotonda Querini 58 Senale San Felice,ssantoro1532,stella.santoro38085@example.com,"J4Pf2QgEk1DMsHecazQ(@Mu&a5#TfI1RRaL52pX1HKEmeSWox,OMZ4oYK8ZEEt2.CzGn6UyrFaTLg5*34J@P6c"
311,Cesare,cesare,Cavanna,cavanna,,Incrocio Taliani 451 Sarule,ccavanna918,cesare.cavanna62074@example.com,"ZYG6MTOUXgQNlx)N(sK$CF.8sMzE)$Od8&IBHaOZij$ED,vOqdSC"
312,Bruno,bruno,Gemito,gemito,,Piazza Fattori 30 San Pietro A Maida,bgemito3567,bruno.gemito30441@example.com,$Ri3u#iWP?exL!0l$M#VD&gdIf?7r%*kPXJLL)a0
313,Benvenuto,benvenuto,Antelami,antelami,,Rotonda Adriana 7 Colfelice,bantelami3797,benvenuto.antelami23160@example.com,"E!Q.x8GsU%pV7scl)upEfmo7@Wd1d14N#bSsxCeDW,la%0REmQ2s8*Z!k8yHcy&.LY9dwyqR1Ru#*HNV5VU49Wx$BhSJTfnyYQlJyxwpPUZrkq58xTNBCTrx6iVc"
314,Imelda,imelda,Collodi,collodi,1968-12-02,Rotonda Luciano 795 Cavagnolo,icollodi7608,imelda.collodi38577@example.com,"?eJxV4fspE3y,.s.pmlQe,?KP1M?z)y)ops1C4pwT85Jml)hkvA6pYiNZA!5HA2BS?plzem3wjA.Nk(OqbuLqJHLSahwF(1"
315,Cirillo,cirillo,Giacconi,giacconi,,Via Cocci 52 Sala Consilina,cgiacconi1191,cirillo.giacconi33498@example.com,gg8yydm@9RLyH
316,Cesare,cesare,Badoglio,badoglio,1971-01-23,Incrocio Russo 25 Marina Velca,cbadoglio1475,cesare.badoglio58990@example.com,"usAiP*fRaQIkPG(G,jz?(mc0iBO.Qvq7tDi$gYH!YS6t$bJBHHp,T6*3"
317,Agostino,agostino,Cristoforetti,cristoforetti,,Contrada Palombi 6 Ferriera,acristoforetti6080,agostino.cristoforetti13814@example.com,T&w4JJuzg4USGvGwOL1aZiXR
318,Sergius,sergius,Littizzetto,littizzetto,,Contrada Azeglio 75 Mariano,slittizzetto7789,sergius.littizzetto91647@example.com,!vHt7qqk1Ao#7(*q!7MPFZRG%v?e(
319,Bianca,bianca,Lamborghini,lamborghini,2010-05-16,Viale Perozzo 777 Caprazzino,blamborghini7613,bianca.lamborghini44148@example.com,"R7ot,q41yccYG$$U03XvWKZ94BC87OZY"
320,Lina,lina,Giolitti,giolitti,1996-10-28,Incrocio Concetta 382 Vessalico,lgiolitti3028,lina.giolitti18852@example.com,"clfEU?PpmpWd)iU0k,Rs,LHT9svv2B,f#mg.YCN587gE7qdP)Vu.6J2@eBa)tuMoz&Dkj3XWrkOANV"
321,Baccio,baccio,Finzi,finzi,,Via Sismondi 83 Musci,bfinzi6290,baccio.finzi11896@example.com,.a47%k0(qhM@z!Z9zCxwsrTd
322,Alphons,alphons,Farnese,farnese,,Via Pavarotti 93 Rocca Di Neto,afarnese1582,alphons.farnese76047@example.com,U1L.LMe@6QW#?dvIYe!(Fe6cdy)kqjq5e(OxXArSQNh0J0%tswfBsLTDKX
323,Elena,elena,Gagliardi,gagliardi,1969-02-17,Piazza Prodi 0 Cintello,egagliardi3503,elena.gagliardi7565@example.com,F@j2.*zLXTQFUW(cPLPXMo#!()z6mP.B26P.XXZNiCxpD&nUxpiXVkF6
324,Lina,lina,Grimani,grimani,1948-07-10,Piazza Roman 66 Pontecorvo,lgrimani6422,lina.grimani79795@example.com,5abXw%Qmm6OQ&z55#pSmECs#(JNx)1?!@q8#owH%RmdqT&08%)VlyAc1K
325,Luigina,luigina,Gotti,gotti,1959-11-12,Borgo Donini 819 Ievoli,lgotti434,luigina.gotti58937@example.com,"fmwT0j6a#)Mi)b$d*I%,H5DaDWahz,EN%HqNWGs5XiQliALzN(QzXR)knDqeLm*)voYfmEfeILDDC"
326,Clelia,clelia,Petrassi,petrassi,,Vicolo Mogherini 7 Valera,cpetrassi9714,clelia.petrassi34103@example.com,"63JeAc&$znJrs#i,p0(QVA0Lxyewg,3CN?O&X#vZIVV@5AoQ@ROD*b?O63bjoeUW6UPx5Io#A!0hS*b$R2XOI#?$Su1$?6S"
327,Mercedes,mercedes,Franscini,franscini,,Incrocio Vittorio 4 Laag,mfranscini5741,mercedes.franscini1998@example.com,uF$JdIx3RS9a4Ny4a541IicIy$H#%)Px9Z)b?BY@3hy0RR)A8oTChgd$r@vc&?&yzsUyd$Egp?qdXB9m$
328,Mercedes,mercedes,Trapanese,trapanese,,Incrocio Filippo 1 Teulada,mtrapanese8090,mercedes.trapanese57522@example.com,xZxr2T67&x(2
329,Francesco,francesco,Fantozzi,fantozzi,1983-08-19,Borgo Tencalla 881 Selvatelle,ffantozzi5430,francesco.fantozzi25228@example.com,)lKjH5puiK.Kvs@BojoM!vq7kbrp@on3Nh3k7RFibzTPQh
330,Hugo,hugo,Comolli,comolli,1986-02-02,Borgo Castiglione 75 Testaccio DIschia,hcomolli3155,hugo.comolli59946@example.com,JGUWXViB3WIHzuLRid%Rx94skbOnc!?aXJ6Myd%nLdRe32ySQHmls.Xcyq346whJGJitrq!JkqbveJ
331,Lisa,lisa,Abba,abba,1990-04-24,Via Fabia 9 Marano Equo,labba9157,lisa.abba54934@example.com,"(YFS4hebPIY*i4A@5BJxjSD,oDtKysK8MNUc!?wEl,B@rV&OWhSlQtt7m)GbpSHt0mGXS!(qYQgi8(QVk?0!hPzMD1&y!(fv"
332,Beatrice,beatrice,Santorio,santorio,,Viale Scaramucci 38 Tol,bsantorio3714,beatrice.santorio48639@example.com,59bX(4)2#rJ?S&JwnVqnlM3uo!k
333,Livio,livio,Castioni,castioni,,Piazza Comeriato 4 Panocchia,lcastioni4265,livio.castioni24304@example.com,"mr@?ojIG21QsW*DAKRukKI0w*$$m!aTf&sF1W4,!*YW8eeoiBJDZppn$9G7cj#CwTL75LX3hc&.sJl1(3ZN)fHkQjbUEqoM7)nBErV7j48bQ"
334,Raffaellino,raffaellino,Giannone,giannone,1972-10-29,Strada Malatesta 15 Burcei,rgiannone1811,raffaellino.giannone41035@example.com,5yj3!9h9tzoo(TlbEvyfElT0&qbcRYO.#R5pjKN1SOGSLk.SAJjsp
335,Alina,alina,Redi,redi,1970-11-03,Piazza Meucci 6 Monale,aredi7582,alina.redi83890@example.com,"9?%e6J?lteUXL97GskiTxRZmatLKYjy,z5P#jBKQh*wWFka,ey)h3xv?@JSXirizEyEte)PQ*@1180sKPJ4yrM8mDHi7UcnAmSe"
336,Sergius,sergius,Guarana,guarana,,Canale Elladio 42 Amalfi,sguarana1343,sergius.guarana52581@example.com,vv7h0&274IPW4z5tn*R9kqwi&U6L$S21a
337,Sabatino,sabatino,Parini,parini,2011-11-14,Borgo Fallaci 312 Wangen,sparini8946,sabatino.parini12780@example.com,Ka.Yaln8%Ut4lhmQMD@IJk)wLTh5&R5CFhlIoah0E(kYRZpJ0a
338,Piersanti,piersanti,Moccia,moccia,1972-01-20,Incrocio Giuliano 61 Lomaso,pmoccia7942,piersanti.moccia37408@example.com,%6x(n)RG?S)2kvB&yv*IgX4@8O@!dM&hRjavjQweQidiK1UzRAazWdAV(bHyW
339,Marco,marco,Comboni,comboni,,Viale Esposito 944 Gravago,mcomboni8025,marco.comboni74099@example.com,"sBvN&eL3d(*P&S8hht0HtB,OTyFz5I.BiIE@Q#rF*f(2,9wH!cjZsfYMXCsnINc5y?3wxZ6T0"
340,Flora,flora,Gianetti,gianetti,,Incrocio Enzo 96 Cautano,fgianetti9864,flora.gianetti32038@example.com,oyKnAGxRiz$!4G8K#ONKL4hfTEGEMyTnJx)C2PGEsBngnBpJ)f(wuEiKl9Al7X882M
341,Eleanora,eleanora,Semitecolo,semitecolo,1976-01-18,Borgo Savorgnan 240 Giffone,esemitecolo1184,eleanora.semitecolo19606@example.com,r!k$4?mmRQkw8wdH5FJHTtVMtKT7Qms7@#%UNo#2?b2p#YiP4R24BKt
342,Niccolò,niccolo,Conti,conti,,Viale Tosi 863 La Santona,nconti3445,niccolo.conti77393@example.com,"h4mJj0PK94MiR3,L1h@.R#niI!5W&PH&8m#es5n!CIuIHQ#IR1d9)#KKv!Y7#i(6Zf@(y5.Ln6nca?i4g,vWxj5FFkGH$"
343,Carla,carla,Coardi,coardi,,Rotonda Vincentio 3 Verzino,ccoardi5293,carla.coardi27125@example.com,eJ0Q@*Psbi1YlS5JawU$PAhuw3DPiywAG9$90
344,Nicoletta,nicoletta,Pennetta,pennetta,2013-04-16,Stretto Cassarà 19 Bonferraro,npennetta6837,nicoletta.pennetta27307@example.com,"i,mDW@d?bLu6kT@84fQ!p(ALeSS48Eofrr7E5q#zh.nS&*YNh!&nPYb2j@RFqGed,j%3qfL6C?Yu3Q)teHXVig6A?2!"
345,Ruggero,ruggero,Pisacane,pisacane,,Borgo Balla 8 Trivigliano,rpisacane3645,ruggero.pisacane58169@example.com,"bAEswm&E3W!7AQoE&67PVpr*KgqUd#?vEh(5F97j06iWEXJoad95vsJhClJypB7y!Rz3e6iR47pRAo$4XdiJ9osB),oE968D.gq&xTF"
346,Costantino,costantino,Morlacchi,morlacchi,,Rotonda Totino 1 Lestans,cmorlacchi2947,costantino.morlacchi54990@example.com,PwI(J@qaTLNvdD$jdn)dQ1Z139PRZ@N#&yfr5W@
347,Aldo,aldo,Sanguineti,sanguineti,2011-09-30,Canale Adelmo 832 Casacorba,asanguineti1670,aldo.sanguineti19690@example.com,"gkkMnDvieTYz,@e1R*RtR8BTvzQ0QK!n245*djcX(X#Mu#8*NXpVAIUPTUeszC3LrY&rKeT!,&*wkqHRY,?7y3ZCRblGYOc2(kb7Pd6B3g.*Y7NveoubnGN9XF$0"
348,Stefano,stefano,Borsiere,borsiere,1992-09-30,Canale Lolita 175 Alberone Di Guarda,sborsiere7244,stefano.borsiere64975@example.com,8(#g0LI96f0NB(e%h6vnD*V
349,Francesco,francesco,Pellegrini,pellegrini,1999-04-17,Stretto Leoncavallo 25 Roccanolfi,fpellegrini5336,francesco.pellegrini18178@example.com,QzZoK9Z3LGsoBNfLBwuiHDDOW8$qfF8yfLmTPM8kH@$uPkNJJbTePIdy5Eg@k?TMOQzX#vCqbv7aYBGDsUdRF1z7HLixj9%cB2Kb#PQG
350,Osvaldo,osvaldo,Mercalli,mercalli,2007-10-08,Piazza Cutuli 30 Arnasco,omercalli5040,osvaldo.mercalli13755@example.com,"AbH.@92OieqvkGTMrQms?@pvvQDmX9IbElU3FNHM!Op.?TupoX(KO9M$n0cks3f#bB%LEOhtPil84b.8F4P$F,U2kvkUa0Y(hgR!w,kMmXJTI5G"
351,Donatello,donatello,Verdone,verdone,,Strada Bernardo 97 Lovere,dverdone7174,donatello.verdone93738@example.com,",3ayohxWpqGE(lO07M#bWFBC4gtn$lGvhqu&vA*WfRnfk64aoUxOaL&q9pX4HFR1jUl1gzr8D)z0%jQ&ajn.kuWLZ$aDqLR!y)OEs.)DgvaFm.j9oQmr$x&"
352,Claudia,claudia,Torricelli,torricelli,1981-07-26,Strada Coriolano 60 Vauda Canavese Superiore,ctorricelli6336,claudia.torricelli73900@example.com,"m2j50%Xoi8VH4r(*mrx8L,9Ug#((QR3ENxl5o#X%aOcbKpQrQ*o#W%,e6KB%DF9w$Xagw)uc?tR3YAB4Xqkof#c4t!z6y5Qv07laOsiW4yiZ4dexFq&wRR"
353,Nedda,nedda,Ughi,ughi,1954-03-31,Incrocio Scamarcio 6 Trarego Viggiona,nughi5410,nedda.ughi51684@example.com,Mnfi.YtKQRCQAp.m7i8d$4vB2JRkXDPX7Ya?q13RPCLj6)*kp4A3jBVXHrokCDl*dcQlTPGsN&wPghVBbAU!WTUQQtOJ8p6Q0xbP#7)49umzV
354,Calogero,calogero,Inzaghi,inzaghi,,Incrocio Carmelo 4 Puntalazzo,cinzaghi4798,calogero.inzaghi44242@example.com,OAHJ6PWPf@SMS(gYHaQtA?8zok@u.%o&
355,Amico,amico,Vecellio,vecellio,,Vicolo Ivo 67 Ancona,avecellio4408,amico.vecellio52276@example.com,"BjWRtPjf%W0Ps9WQL#ehq?SquEJdR6OO6JJu*Yq,JyKX3hyuA.pZ@%%@YS.eAk&R*YFw5)MooxZXJ&%6jVpDx%W.gADBFYn%Dm.yhV(*9C"
356,Maria,maria,Pellico,pellico,1989-07-10,Incrocio Gioberti 85 Domio,mpellico213,maria.pellico66542@example.com,"yJWIEvux%Z6iJTY78%6&Xz#PdP(iHf8$!TV92O*Rryw4*vyLUg$4NsTcl@W1DUjUc7@MO,n"
357,Marisa,marisa,Leonardi,leonardi,,Viale Munari 86 Gosi Pianvignale,mleonardi2797,marisa.leonardi33613@example.com,"KMrK4r?r%f1&to.Ukj*9B35%4m5RU&jibbnxGYugr!OYy2BcBsF*rAdK.7@B0AF1c5un&(eV*io*d,&Q?uvjdpPl4w7Ta.tbSkODdw11Edp7$!gdmS"
358,Ennio,ennio,Berlusconi,berlusconi,,Strada Bergoglio 29 Coseano,eberlusconi234,ennio.berlusconi87701@example.com,Kkp8lThrbKDct#$pE(h)NR2SQGspoFofe&c0Hx)I3f*
359,Alfredo,alfredo,Dellucci,dellucci,1965-02-27,Vicolo Donatoni 29 Pens,adellucci5004,alfredo.dellucci46731@example.com,qK$NxDW0z$(NbVbu6Y46pnxWEPIJs5oMc@9oD7#Ngr0uJ2?j!RgqS
360,Baccio,baccio,Tozzi,tozzi,1948-02-05,Canale Bulzoni 234 Busso,btozzi3661,baccio.tozzi51298@example.com,xgoJwU#a9SStjtcJ3r?e0mlVkrrResOWgkXGyTP#VN1pjDsBnHl4TsTubAtS8Pd8DkI5
361,Ippazio,ippazio,Luzi,luzi,,Contrada Basso 54 Caprarola,iluzi4852,ippazio.luzi85531@example.com,uGk#TdV(xKJdYfXvwLBQgY&JRVFtwa7NoIhZcBdBcHumS4aY.BlQ6wp7?dCcXTaLlu7AQ.?TPoxFowqvPtDr6t.dcwO.pg5Fi%4(3.2gSGADhIb%H
362,Orlando,orlando,Pininfarina,pininfarina,,Rotonda Mazzacurati 97 Sandetole,opininfarina7300,orlando.pininfarina75131@example.com,"MDeP1?qul)oJFn2rI6$x7mt,k2K.7sOcq!I!oB#QnriT6ZK?(gjzD#YCr&!JPPgm)@qtr?Lji5$S#.uAzJ,xf8LP4"
363,Pierluigi,pierluigi,Persico,persico,,Borgo Pasqua 631 Ponti,ppersico2897,pierluigi.persico32674@example.com,grh9KUXrVEoy9zXr)PMapNBClnKQDWJKOpfN(T(O?Tq8(l9$df?IVsAYEzhhnl*
364,Osvaldo,osvaldo,Zeffirelli,zeffirelli,1948-03-18,Contrada Michelangelo 65 Campo Di Pietra,ozeffirelli1002,osvaldo.zeffirelli2038@example.com,m0e5NUHPeKE2!Y$
365,Patrizia,patrizia,Pasqua,pasqua,1987-01-29,Strada Scarpetta 288 Pianiga,ppasqua6461,patrizia.pasqua50406@example.com,)%MOe*E#Vnf!)X099p8tmPnKFHw)1&!Z%LSYDy.$5YZ6n*JdfVqEKQJBo?7QW2Vio.z6nZlC7vYhL6S
366,Arnaldo,arnaldo,Saragat,saragat,1981-02-25,Rotonda Federico 62 SantAntonio Di Gallura,asaragat9261,arnaldo.saragat40081@example.com,"X(K.S2CoNkS!?6YH@2r3EsPoASuV@AUrYju5SGvn5a*Q8IBI#,9tl52Mgd1M"
367,Daniele,daniele,Prati,prati,1984-09-19,Borgo Gabrieli 139 Villa Di Chiavenna,dprati2854,daniele.prati38836@example.com,"Ch#yCyT@%FhRp$ud*&W8@&VV5uj(YP#Z3dptwUD3aEvfob!Gpnw#M!(xu,5.1AFd@Qf)yEoa!djrj9)hOj"
368,Claudio,claudio,Tosi,tosi,,Strada Nedda 554 Campo Di Fano,ctosi1303,claudio.tosi91015@example.com,"5p(&V4,SCrN0B,p3lqzib(PFZ6)*@Dy%LM&(Ju.z5*)EOu$5FGfRgGawi!1#LWfsS,NnJA@Bpd)EfaZYXS"
369,Angelo,angelo,Montecchi,montecchi,,Vicolo Antonini 9 Monte Colombo,amontecchi2080,angelo.montecchi35083@example.com,"RU5ihA4),xDbG4T(alf4#c554!#8KnMZ0y1Z&3f9J6&JeFq?ce0J0jL4bK8x@AenG.1%wFFnJ0nE7EyxBisnXc$B?TN0ZJ6!(FY7SSt?HwojnQ"
370,Temistocle,temistocle,Pepe,pepe,,Borgo Ostinelli 92 Valera,tpepe2343,temistocle.pepe32956@example.com,51v(HUIC?tjZeyITh6GqL@Kwf(D4a.m7bk
371,Federico,federico,Virgilio,virgilio,1997-12-30,Via Ugolino 186 Riana,fvirgilio7589,federico.virgilio14089@example.com,X#@oCpF7*%
372,Vittorio,vittorio,Chechi,chechi,,Strada Toni 0 Fontainemore,vchechi1089,vittorio.chechi56417@example.com,"N?A7*tgFgmx,nbvA!E#!MP&7pKfnV,F@gKhV?KnPhKQZx%ZLOBlf$wuT*hy"
373,Flavio,flavio,Chigi,chigi,,Viale Donatella 43 Ponte Trebbia,fchigi3418,flavio.chigi6405@example.com,"dd0k9AbtE,dENeOn.gR%c),7n%mBfTAV16r,ko4O.fcB5NoLuyBLsMr5Z(5TTR#ShXUr"
374,Evangelista,evangelista,Argenti,argenti,,Via Piergiorgio 849 Gfrill/Unterland,eargenti7994,evangelista.argenti14103@example.com,"YTyc(uM*iFFEF$fNlPiv#hn$$08FovzZBptO0%Knq0Oq&iIRLz)bHLgL30oWRiaC*HXDk3p76eEnE0R4XS%u@jxVuz35,kb#Ko4AoG1ZGSHD9r(0)RfuQqnXSP"
375,Umberto,umberto,Fuseli,fuseli,,Contrada Graziano 8 Seit,ufuseli6981,umberto.fuseli22295@example.com,"f!q*fD)l7j4VG(IAkMS)9k@#62,9haL,JijVY?*(F8C9FLUB)6UK02aD!G"
376,Graziella,graziella,Ferrata,ferrata,,Piazza Turchi 12 Posta Fibreno,gferrata6963,graziella.ferrata13054@example.com,"IEHzJ5dLWY07@aJOZ#*VsDT3Vba8EXwo?SnmUV0KCfJwlrbezY%$c*tCfIPPf.A,tu#5sX&&vKzTYVmcdGne8kU8GPnIrm.8fMTxcW0gpW("
377,Michele,michele,Tozzi,tozzi,,Vicolo Mercedes 8 Pfalzen,mtozzi900,michele.tozzi40750@example.com,"aOBxTU,@vOdpTnWlukm@rt1BPwPThLfHr#?@@r1y9Mgr5@4E##V)Ev$BX*gUR5d(s3Ml75D%c57j&6aTKTuLrJIg)$4!JoViWt"
378,Natalia,natalia,Chechi,chechi,1988-06-26,Incrocio Babbo 417 Valdivilla,nchechi8148,natalia.chechi63605@example.com,"0%FvvYL*4d,0.dPbUCSL6t$@M*c"
379,Sylvia,sylvia,Caruso,caruso,1957-09-01,Rotonda Tomei 451 Danigarci,scaruso4578,sylvia.caruso19627@example.com,WIQk3kOHmUA?2NUYOpJhPJVwmTb31u6qtHuB@?fCHlhdNfCK4hD*05(4yfpl60H5roTbgE)dsB(4XB5WvOPc6#DA(Z
380,Clelia,clelia,Pacetti,pacetti,1961-08-23,Vicolo Montesano 4 Cormano,cpacetti7982,clelia.pacetti40657@example.com,"ZNL4)Fram9NxI#Ov,NMo&2NCmmpYp&Tq5AB9KgTW(@7edBhNlk*XyVrksDHsQY"
381,Tina,tina,Catalano,catalano,2006-09-03,Via Luigi 961 Valconasso,tcatalano2657,tina.catalano91648@example.com,U8knuN$pOFF1&FGg.Un2S3.@mg?FaTfTp?NMR(w
382,Roman,roman,Gentili,gentili,1998-09-29,Via Maspero 843 Nuchis,rgentili3343,roman.gentili20957@example.com,"1KTt,RUNyi#&Kx5Nd6CP$R4XEH$?)5q!A8kSU"
383,Amleto,amleto,Tasca,tasca,,Strada Spallanzani 96 Coperchia,atasca7737,amleto.tasca64892@example.com,"CgpNws7eIE$u6CXr@6TFy32P$RF*6LPVh*n.zx2Ez6aSP6FEMKLvs!jdM*4bs4v.,?c$GQyR!e,Y!TV%Tv?Jggs9B0RBWEpn"
384,Camilla,camilla,Pascarella,pascarella,,Strada Binaghi 2 Glaning,cpascarella5600,camilla.pascarella53003@example.com,"(SiIsBkAX3%?Pr7*wv2H.YfW,?Hs#$VqrOk23n4rRB(8uOX0.T0EVHx3NsJvpvjopUA#l6*ufAY#OWYG"
385,Luigina,luigina,Bettin,bettin,1979-08-18,Canale Livia 72 San Patrizio,lbettin2444,luigina.bettin22705@example.com,"#CLsE&3OgWNHGsFa.xI6VskPgFTGjnx1WG3GTwUA,hFemdS9xFNk$?O4Tmn$qTs35Xbl4TAMz6i3EXqdU0?ii6#S(L@KHuGA3$qkU&%r,i!OcQ,YV6BYE"
386,Eraldo,eraldo,Gianvecchio,gianvecchio,1948-10-02,Viale Barzini 47 Monterubbiano,egianvecchio6771,eraldo.gianvecchio16976@example.com,1SuRZ)tMV
387,Romina,romina,Pagnotto,pagnotto,1992-02-25,Rotonda Bellocchio 491 Raviscanina,rpagnotto9131,romina.pagnotto86161@example.com,OHztBrcG2Awf8qNCtE8N*8W8q4qx(kuzQXV2jhg@3I&FFxLiDORAAZA)AgjDHF$3bo*#
388,Bernardo,bernardo,Galuppi,galuppi,,Viale Franco 4 Innerpfitsch,bgaluppi9865,bernardo.galuppi18285@example.com,"1hT$yuOe9pPOo4,P#My0o15!Z(T&kd(kTiSDZqn(VGewAlaZ()K"
389,Sergius,sergius,Torricelli,torricelli,,Borgo Mercedes 76 San Giorgio Monferrato,storricelli4040,sergius.torricelli52547@example.com,"7(UXEClr7$tLQU1Zxde!diZiF5mH.@i,z0(QfGsvh!mu))*u,kIM6*uRS"
390,Ludovico,ludovico,Balbi,balbi,1993-08-15,Incrocio Ferrante 874 Puzzi,lbalbi3374,ludovico.balbi54247@example.com,"Uj,knvhG((Gz!Rnw4qO?%5PM0Ru$e@$n2?p?yzKyGqLD10DP*E80gsmP95J4.jouGD7j)R2k!fncI.U%zkZFFtT%%*8oHX"
391,Raimondo,raimondo,Proietti,proietti,,Stretto Tonia 44 Sinopoli,rproietti1122,raimondo.proietti95805@example.com,Z%zB6b*&Mvw3N81o?mC@$&q3g3
392,Diana,diana,Bersani,bersani,,Vicolo Camuccini 53 Ozzano DellEmilia,dbersani3771,diana.bersani31621@example.com,"lPg%IGBIK)vX.@hy0h$H8I*@D6,a(TUL82!t!S"
393,Milena,milena,Trincavelli,trincavelli,,Vicolo Alessio 43 Valmarana,mtrincavelli3137,milena.trincavelli6619@example.com,U33(Iez6$2w.wP2!uR7Klqv)4bR.MlMNno2W4
394,Romolo,romolo,Germano,germano,,Vicolo Broggini 26 Cassio,rgermano4217,romolo.germano93213@example.com,"Yg3lgNDz@7s$2pfr,1%Lm2!#m@8EEcOx5&!E*1V"
395,Adriano,adriano,Jilani,jilani,1997-02-23,Vicolo Gregori 14 Maranello,ajilani3056,adriano.jilani33966@example.com,"2XPnQE89ebgzCP.1dK%12yS(yK#DpT,(s$UFHC0eXfL8aKjC86pB)wi7hpTqUF3L%LD1%gRvcDcLQbUgTIhU.b?Kl!p5?!GiQMzlDnpUcD.%cY@uLLG!#1"
396,Fortunata,fortunata,Boiardo,boiardo,,Strada Natalia 622 Angeli,fboiardo5147,fortunata.boiardo51246@example.com,B&6ITkV#y!hMTkds6nclq
397,Ermanno,ermanno,Mozart,mozart,,Piazza Scotto 96 Serricella,emozart1842,ermanno.mozart12214@example.com,"8KhQpa8H,RyG,SCL,QL4y@bvD,glM,%bHhQJSvDB#dRLaRNujXqiEh*RRqgTvLH!e,WROLFL*kpAC6TxZB%ZoyYwHYCw6G?2T%,dlm,zNo5yGEsxzYNsbPqwpmH%"
398,Elladio,elladio,Tartaglia,tartaglia,,Viale Saverio 844 Grandola Ed Uniti,etartaglia9646,elladio.tartaglia15422@example.com,"@KyuNf6N,dE!YHwPgy)dvyqMBKXpN,1UoW.qY&.*lJpfiADkBKwy.DOVF&4$sP9@Q%zmuEr3"
399,Fabia,fabia,Palombi,palombi,,Piazza Foscari 932 San Paolo Di Jesi,fpalombi5445,fabia.palombi24171@example.com,8xGymDJ3#
400,Giuseppe,giuseppe,Bataglia,bataglia,1993-11-28,Rotonda Cilibrasi 8 Nogarole Vicentino,gbataglia7508,giuseppe.bataglia56634@example.com,"mwyI57IXPmabvGw9M#OQN9ICtsKz,pbtSRt.A3(xC%k)Bhtbs3o2P78aVv4fM,bBTthpYQ*"
401,Arnaldo,arnaldo,Cagnotto,cagnotto,1987-09-25,Borgo Antonino 71 Rezzanello,acagnotto7678,arnaldo.cagnotto2240@example.com,XV8tn&vV0xs6g?k7he(hQIS(d$02Uxw02
402,Maurilio,maurilio,Gargallo,gargallo,,Rotonda Pierpaolo 53 Serpiano,mgargallo8302,maurilio.gargallo73845@example.com,"VU#sv%50uKRNPdfH4N.VekKkaEroLkcY(4%6claF9UGvk.J9epsPP$faU*4OKo,7jd7f)KymKY@RFgtA#pC9fkEqKaH"
403,Bianca,bianca,Zaguri,zaguri,,Incrocio Claudio 93 Fengo,bzaguri1932,bianca.zaguri84813@example.com,"3DMeB(JXrGhHaXd(Q7$yQL%W0L5G6USxmg&g,d?Y5mJ97kNXXkc4@WBNLjVNB5*Ez$WH4neuE@t?##adP8"
404,Ludovico,ludovico,Ciampi,ciampi,1975-04-29,Rotonda Broschi 62 Acerenza,lciampi6895,ludovico.ciampi16481@example.com,DU%G41xp.2N$
405,Adelasia,adelasia,Carullo,carullo,,Strada Soprano 65 Albignasego,acarullo5728,adelasia.carullo38369@example.com,z?80iVg.61wawntGhWV3
406,Torquato,torquato,Gregorio,gregorio,,Via Vanessa 556 Cinquefrondi,tgregorio6110,torquato.gregorio50717@example.com,"09VrYjVyo7GzX4!P8uZ#nufCjbZ.hiXrUkzRhqSMsyJXT%@.tW8EWuOb5vYws9l?lJdl385lT%!QJIqkzd*Q!cjuN*2(3S,pPZKSotOL.FCE"
407,Sabatino,sabatino,Bignami,bignami,2008-07-25,Viale Goldstein 85 Roccagorga,sbignami1273,sabatino.bignami71890@example.com,R4!x#ZJwI$XwNkZGLOb&ttf&vp1h!aj0c*&rEH%kP@pafDWW2qK8vh&qmXWWLHf#B?*KuKCKD4#cwui3AYyNh@bN*cAaEp
408,Marco,marco,Puccini,puccini,2001-07-21,Vicolo Rizzoli 95 Pesconuovo,mpuccini5990,marco.puccini52428@example.com,n#W9ZGYAFXBg)92l*$HEhtgn&#L5VE63h*XzG6
409,Elisa,elisa,Jovinelli,jovinelli,,Borgo Disdero 78 Motta Di Costigliole,ejovinelli6636,elisa.jovinelli92601@example.com,"o@0KwErRy*yAVdgLfmHb?JgIc$Hm(9l1s?NLY0Gl)g&?XRR.,,70Zec4Xsgtt48c88d1EN)t!RQ87W$#sBKpbh,yTSz$tE61bNGZ.pVU0JmiZqH,3lrh"
410,Cristina,cristina,Trentini,trentini,,Strada Nicoletta 91 San Felice Del Molise,ctrentini207,cristina.trentini54955@example.com,RazMDQnrw8WVxD92F@.1jS?ED$x1Xz4DmNZprZ(K1Vw*6$a.IkRC
411,Marina,marina,Aldobrandi,aldobrandi,,Via Laura 262 San Costantino Albanese,maldobrandi2334,marina.aldobrandi58898@example.com,"prcG7j944&g$5N$iKHU7*DdIMYoWKMqez?VS)EX@fTY3gi!Uq71o,aiFHCI.gq9iZTFTdq$vu6ug1?4*4zw*V#zAj0jLsOgxj%cg7*s0d(,$2vGGSzpOM"
412,Ruggiero,ruggiero,Regge,regge,1964-05-11,Via Paride 9 Bariano,rregge5880,ruggiero.regge27952@example.com,b9#&fFJlrjEWqL4$)52
413,Giacobbe,giacobbe,Aulenti,aulenti,,Rotonda Lodovico 76 Serra Ricco,gaulenti1683,giacobbe.aulenti18018@example.com,"Bbv)#9tMBlp@vQP)#*MKc$8,9ZkTU.u*8h7i,?5qmK8$js)gS@n9dA2NeDZFd.YmWfWGp#nu&TrE5v2xlxeWR?w0bFa8&3c$r#4ToH#9Bz#ty)P$AHuwpz"
414,Filippo,filippo,Savorgnan,savorgnan,1990-09-01,Viale Farinelli 3 Solighetto,fsavorgnan3148,filippo.savorgnan80980@example.com,a&wigf!r.SxX7PQRPtJco!Zm$J!xY$3I1wBB42R!iylOPi9J%mGm#nHZwnGCR8.htAPCpiMV!Z#4*uqXeduW2bt88X4CrC*2J.1&YJ3Qqw
415,Gianpietro,gianpietro,Tassoni,tassoni,,Borgo Emilio 21 St.Lugan,gtassoni8175,gianpietro.tassoni26361@example.com,"h%HH!.OP9dm#8$HrjNY#NlrVybA,t,vB#J.VpUw,c&)(j261NYQ%V8T?V3kxw)g4ggqhRZ3!$V#F.3TDRd9n!K*@Ox!b8fBrJvsfmh6qqtd"
416,Nicolò,nicolo,Majorana,majorana,,Piazza Giacinto 59 Vernate,nmajorana536,nicolo.majorana92862@example.com,Mq5AM48Vk9mvW)R(eV(#zhYPZ)Us@R984I.juFC1C7tBI3I#AqU.@
417,Ivan,ivan,Adinolfi,adinolfi,,Canale Salvemini 20 Briga Alta,iadinolfi1153,ivan.adinolfi81041@example.com,"O9dy)7,yr#&ACEX,J"
418,Victoria,victoria,Ritacca,ritacca,,Via Leopoldo 1 Rossano Veneto,vritacca9263,victoria.ritacca68018@example.com,"6mmtbx!C0H7.z)!7v4o8fIyfTT(LMpt2aS,GpOBSvTHVC$vf11xwiCw7Kc9WF9ck#I,QpduGa$"
419,Vito,vito,Schicchi,schicchi,,Incrocio Gregori 885 San Giovanni Alla Vena,vschicchi5152,vito.schicchi21135@example.com,"5w3Rd,en#j4T9,O1Syz(TCfC1%V9lNScb&KbP3EzcJNFDp*m3!F?NUujJ%XXeRH?6sS"
420,Lucio,lucio,Alboni,alboni,,Canale Trillini 395 Borgo Bainsizza,lalboni2941,lucio.alboni5704@example.com,"2)%c58?v&6mR(mTCnrToEI!#0sPUlmiz1,3YI(TDfgXN9GnsWkG24b5NENg#1(!dRNThUM"
421,Donna,donna,Galeati,galeati,,Incrocio Piane 469 Alliste,dgaleati325,donna.galeati10396@example.com,jQ&g8%CT7fn&aVK#*1HMvm6NXe.fU3kXRuK#X@gwJV0pZ!m0
422,Martino,martino,Fantini,fantini,1945-12-26,Incrocio Boccaccio 43 Ponteromito,mfantini6293,martino.fantini78197@example.com,"Cin#4w0L7,&2TIQ6u7Y8.*Utz2kM&dI)pL8gClEqGPl58n*qZg2KRpipwlo#*Apxc02$1klaNJvCt"
423,Giorgia,giorgia,Dovara,dovara,,Rotonda Farnese 845 Castroreale,gdovara5166,giorgia.dovara4821@example.com,b*!YEBwg(E0hD?
424,Valerio,valerio,Ricciardi,ricciardi,,Via Praga 90 Ischia San Michele,vricciardi8937,valerio.ricciardi49711@example.com,mEssT&LzU(eX*D*.sWkGum0ATP?&ooZiSTl4x.MVo.YDCO2
425,Annalisa,annalisa,Vismara,vismara,,Borgo Calbo 858 Gualdo Cattaneo,avismara3482,annalisa.vismara8571@example.com,"@XmmLr6u5a2lJ3nSI@dN,iaxVG)D0do!@hlYw&x@?DmRUG8Qimey0h&7*M0u%tkC#Bn($&zJcI*K.CA&AL2Dyg!k"
426,Pierluigi,pierluigi,Botticelli,botticelli,,Incrocio Goffredo 413 Torregaveta,pbotticelli905,pierluigi.botticelli52786@example.com,&@*SlsHSm%?Xz2Wfc@9q%dbOwLYb7MlNJKcmeIxCsBJxIBX3g?7ZK%RGho3k5eD7Milu4qZIkG(1hvRd.lE2W
427,Margherita,margherita,Trentini,trentini,1994-08-21,Via Jolanda 31 SantAnna Di Valdieri,mtrentini9782,margherita.trentini8963@example.com,"aL0IUp%jHpJHzxIZ3eF?l)9p&oM@wW,SIew9Qp$z(.u8u9npRG0MSSXibh*uegOfH?xXM5W3hB5yUP(lA3,*N7?u,,RSWe$,M?$ey9?9nZL,@uHPrsH#0Ua"
428,Ida,ida,Faranda,faranda,,Piazza Gino 1 Migheli,ifaranda5046,ida.faranda87481@example.com,Oa&DxB$IG6p#z8qsiOH!v9$9#MN
429,Lilla,lilla,Ceri,ceri,,Piazza Pennetta 211 Garniga Terme,lceri4253,lilla.ceri3413@example.com,"g%byW2e7D)uD0SvJ9ZKpjg3E219JkUa2co#VR,LoQuS@1qMNNBpOg8rQ,?1DgFeQta.4jJtc"
430,Giovanna,giovanna,Marini,marini,1951-09-25,Incrocio Alina 39 San Leonardo Valcellina,gmarini3906,giovanna.marini84593@example.com,y.yxJI(pqnDho0X8R3eFxe22f8Us*Ye%!smF
431,Venancio,venancio,Rizzo,rizzo,,Incrocio Azeglio 967 Fenestrelle,vrizzo9355,venancio.rizzo29400@example.com,BmCng$K(z1!8*yIlcxtAvc9!Q6
432,Ferdinando,ferdinando,Cerutti,cerutti,2012-11-18,Strada Paulina 683 Giungano,fcerutti8372,ferdinando.cerutti43203@example.com,WdKrucx*aBMp172aSMM93g)IQEAIuc0Me6i)Lifi*Bqbj&h(
433,Melina,melina,Battelli,battelli,1959-02-03,Strada Pertile 317 Moschiano,mbattelli9186,melina.battelli14609@example.com,?(sRdFr.$Xt(1p4vAYo&je8099D(n2#ietNI&NQjuafHtmZU4N5xTJyKbSSpAs1O
434,Silvia,silvia,Bignami,bignami,,Via Sabatino 90 Bergeggi,sbignami4849,silvia.bignami4773@example.com,28I%ConhB(mrsI8pI5*d#nYwA!jRrH(!MNF6N7lbqa0xvt)24mLyrqKm23te
435,Pier,pier,Bettin,bettin,2011-07-15,Viale Rosalia 55 Gambellara,pbettin9582,pier.bettin68579@example.com,VBnMQ4v9Dco94h1MIe0jJUCP0z9PMTl7ipgzU2UF!pJmb6QyTCa#xZD@rF.W.?i8AJcqJlV1nB!#AZLG29F@)4R#Xwb!Gm!r(7y58CdlciXt%AQylMt(ff
436,Camilla,camilla,Battaglia,battaglia,1995-03-08,Piazza Cipriano 39 Ottiolu,cbattaglia710,camilla.battaglia94062@example.com,I8aDzb!2So2Vfe)40aAjP5Q#w4L)rLrcXpW?dp5B
437,Beppe,beppe,Zarlino,zarlino,1975-09-24,Vicolo Temistocle 13 Tissano,bzarlino8960,beppe.zarlino23027@example.com,",y#@,4b3vd$FEQsb54%$T3H@HRcf&XfqM"
438,Giancarlo,giancarlo,Ortese,ortese,1952-07-08,Borgo Volterra 2 Talamello,gortese4155,giancarlo.ortese5620@example.com,8I4u%Q0C7vIqdXS?Tom($E)gPdF%A)@1lPNF2lcoE&H%r68&1Zw!SY6vOdadYbj(k!reIqs@q*td393MOn!zVLTb@qpKw@4lF9cmoltz2#fw&@$@$C?M5WX04
439,Nanni,nanni,Fiorucci,fiorucci,2006-03-05,Via Susanna 16 Melano Bastia,nfiorucci1414,nanni.fiorucci17054@example.com,O3jFN&NGK4tTkrsZ!DgI*NB5%fSoP?$*fiS$xSTA8b&SBc2Uc3N4Xp9FUv!j(@5qv6i90j0H8UBddf3lDaO7#)UyPvH#g)iDQMmo?
440,Benito,benito,Panicucci,panicucci,1969-12-04,Incrocio Nitto 3 Tornata,bpanicucci7349,benito.panicucci56681@example.com,HWXElTRr!J?Ins373Ao#RdY?9CBxDsLg
441,Carlo,carlo,Grasso,grasso,,Viale Raffaele 513 Cerfignano,cgrasso7544,carlo.grasso57667@example.com,"*L688JUYAD1q4BDPJUYh4hbRVz$L(7nSBZY9jdaUEhoop&S@o*iYX8JnQ0My8oLGKU.a9gYBv1w.K%,oPMICAC%hls$OWxULQcOB7%CtZG)Gf@ZdwgR"
442,Elvira,elvira,Liguori,liguori,,Piazza Vianello 0 Feglino,eliguori4133,elvira.liguori41590@example.com,8bZjNy!q$s9IiZv.0P&nD14F)GxM
443,Agostino,agostino,Soderini,soderini,,Piazza Livio 13 Gamalero,asoderini3938,agostino.soderini74738@example.com,"05aQpINEchM,Iu,$QL$YDJ58@&CGtJ*4"
444,Oreste,oreste,Gualandi,gualandi,,Viale Canali 2 Fornase,ogualandi4962,oreste.gualandi6090@example.com,",uKXP$rO,0#ts3d2R%evJp)Ypeh9.UzW#N!CFmY0eyvT7s#NOZkbB7L8pu.G3wRVzGzB(K7t(Ee,epz)KLW@Da(EgH)n8owMt"
445,Lolita,lolita,Filippini,filippini,,Incrocio Camicione 684 Piadena,lfilippini867,lolita.filippini9984@example.com,W8smw#@jYNpckJrbuh5u6eV?P!C0O7kYi$VJG2(Fq3b0%43w2bi#8HlAaunBcFc3%bIEV8gl%YejvzFptG@3iMIMi%5PU1Jq0oNl%&tz1iG3)g8s
446,Vittorio,vittorio,Soranzo,soranzo,1958-12-08,Piazza Gionata 0 Sogliano Cavour,vsoranzo7795,vittorio.soranzo94097@example.com,",EBxOI9sx&E.sZ#a?H2,GXb$1k7&o6xAoRBCD)wn$PoxdS(?j!?8p!at*T2"
447,Gianmarco,gianmarco,Giunti,giunti,,Stretto Raffaele 666 Monghidoro,ggiunti3230,gianmarco.giunti87757@example.com,tdnWny0WLl$T5#Esfboy9VrZ9SarSsT$EEcX%w1hLd3bHsHB
448,Gianfranco,gianfranco,Longhena,longhena,,Viale Tosi 71 Luvinate,glonghena2558,gianfranco.longhena51856@example.com,b?EBTHKeJfb(REWD5Awm0En(O1nGS4Ek5SFtFniIbo7oUQPtB$FUo$x(0$xx$Fc1UGg8y.m!Bqf5LRECt@qj9ezR7@j
449,Ignazio,ignazio,Giannuzzi,giannuzzi,,Viale Mancini 856 Quinto De Stampi,igiannuzzi1625,ignazio.giannuzzi72185@example.com,Oes@7*.R9)ZFoxE(7QWxpox4nEv9SwU8rR&paJwu3$!d$RPic
450,Leonardo,leonardo,Granatelli,granatelli,,Strada Scarpetta 89 Breda Di Piave,lgranatelli9912,leonardo.granatelli34006@example.com,EFdUOBl0XBs35NSY.n$Z#KXUTu?@?VGnZCAfnmZuon*hKEq&PUwo#tuoQ5icDm7!acs?*o1o)1sxRoS1o6p*NeVmBCjN7vjo?YAK#%1p*FUnTcK&MFCaQ(0$eW
451,Olga,olga,Carocci,carocci,,Via Elena 76 Vada,ocarocci3661,olga.carocci98694@example.com,"hX5IJl!TITZKyg1q09hWEfq!xN6@FHyjbARbVmM&bgf8R2re#9f3),dE8y8C@AX!J4DAeAbungZp82WUDFPKV3p#zHe%OdkV*@wea5p.Q9*LHWjS.#ly&)4J0I"
452,Melissa,melissa,Trentini,trentini,1970-02-24,Borgo Pavarotti 96 Roveredo In Piano,mtrentini2751,melissa.trentini48955@example.com,"z(rUmNMs225qw20VDmB@KeMg8WJ0a50r88(TY6Nz(FJ9,iYe5XP"
453,Leopoldo,leopoldo,Napolitano,napolitano,1971-11-01,Piazza Elladio 5 Terradura,lnapolitano2452,leopoldo.napolitano30986@example.com,"RxrhNZ26#tu@p7SSbQ1qxI@PrCEeIw3aTrFmH@R0GgUz?sjne,,fesr%7ErVDUnqL9&wuI&K4QUqvcvImt.wSGI@UbaxoK%0Kf6.hUzkL1uu5BCFHAQC)A0OQ),"
454,Natalia,natalia,Toso,toso,,Rotonda Cicilia 921 Indiprete,ntoso8872,natalia.toso48682@example.com,I(af8UaOg)Tg
455,Saverio,saverio,Orsini,orsini,1963-09-07,Rotonda Jolanda 4 Goldrai,sorsini8743,saverio.orsini30294@example.com,"9CqnyBxJ!wj8,JF"
456,Nicola,nicola,Saraceno,saraceno,,Canale Galuppi 27 Lajatico,nsaraceno7707,nicola.saraceno67061@example.com,%9TmjC.fWL0)sE8YS5cG32iU&!pD2eyR?*S?IWrX(jR
457,Giacobbe,giacobbe,Galilei,galilei,,Canale Montecchi 93 San Foca,ggalilei7181,giacobbe.galilei70883@example.com,M0Y712JGW@1XKnx(Vs9aiCFrzKjf7BG76N43(qd4XBs0h4Zr*ESjQ!RJ9W**nG@09zr381A2X.h%*0qT.7tFHS%S)pabI.9untRlRssrd
458,Bianca,bianca,Boccaccio,boccaccio,1998-10-21,Stretto Luigina 161 Romito Magra,bboccaccio5925,bianca.boccaccio65323@example.com,NEk)U9ZQV6qZ%eYImH0wSFQRw9pN9eTq%mPYXJ&1nd(cB#hEd@fdKHMenDhvVAoxVi(v2Z2LyNnU(z@G2.Z
459,Alderano,alderano,Pistoletto,pistoletto,2004-10-11,Viale Annetta 533 Montemurro,apistoletto1566,alderano.pistoletto9348@example.com,*G2sNoG5(krveH%h9QP4!L5Ztg4JYkT.t4aFkyUsxbzWmQ6eM06!28A
460,Donatella,donatella,Cossiga,cossiga,,Piazza Gastone 98 Badualga,dcossiga1781,donatella.cossiga87490@example.com,Ff?YnVG1@
461,Simonetta,simonetta,Guarneri,guarneri,,Stretto Scarfoglio 136 Bibbiano,sguarneri4464,simonetta.guarneri10599@example.com,"$kT*?sw2LM3jUGAIA*b9BxK,qI$Wqge49Oh1"
462,Aldo,aldo,Nordio,nordio,,Strada Romeo 11 Mercogliano,anordio3543,aldo.nordio60599@example.com,*YM?HfBSq94U8HIldGsASeKKProl$$A?e)0*($$LPZ0EqU0b1JZk!Fg.cDZYm27hj?ZmQABMh&b3dWE*IAW65sv*N
463,Chiara,chiara,Leonetti,leonetti,,Via Gozzi 5 Vigonza,cleonetti700,chiara.leonetti48898@example.com,"#ox,f%bb!Py5sHt6NzKG?P&nFzK@ciKO&YB8o*KiP$D06U3Ek$5w*7CY!&NbwF,pCEW3SBVde"
464,Daria,daria,Berrè,berre,,Rotonda Pierpaolo 49 Paullo Di Casina,dberre2436,daria.berre26606@example.com,"oAac.fN(w#6ZV4A5%wxAY@bI6C?Yg3xRd2s(H*h1uz#XgRGlG7L)Jl?Ns(44,qOVZXFn&Ksvz2gdLh%ADAL5jar)EV)sBDni4kja"
465,Silvio,silvio,Morandi,morandi,,Canale Letizia 698 Frassilongo,smorandi465,silvio.morandi20775@example.com,"?4G(v??*fn!6yKgddO?6ienX.L*9Z.!gE,,Z)M,6P@g@RAtxy0N6yuFJGDrUwvNENV%.#1r.5oh58MheD?e"
466,Agostino,agostino,Malenchini,malenchini,,Contrada Carla 16 Bellisio Solfare,amalenchini4851,agostino.malenchini36281@example.com,"jQP87@%00hIFcEyhtmC0CPeSDC4Bo!?RPssV@BeL!Tf2OdWEl9V2A?#*OSuIG9vGASj.zfJ,t*.fZDLbpIU7PfS"
467,Pierina,pierina,Cibin,cibin,1963-10-01,Via Vincenza 2 Grottacalda,pcibin9916,pierina.cibin39258@example.com,$qk0m5Md*!4.T1tKY*EdYi)R5abX3Hr1MsHtP6Go%2
468,Barbara,barbara,Bellini,bellini,,Strada Bignardi 160 Strozza,bbellini2828,barbara.bellini17495@example.com,"7(MW)rq)?A.JHD&ktLvRY?#&1C2xw7JWcSU?@&VwW%7*AQ8eoEaTsMlyASLe?RHTYt6Q,V)qi3$RKRli?Ay4s0.(6qyF@nJHH)%6Ol(X@Gi"
469,Bianca,bianca,Ossani,ossani,,Piazza Beppe 71 Triparni,bossani7382,bianca.ossani79262@example.com,c7Vy93%L3a3I9$AbZFf3
470,Lazzaro,lazzaro,Blasi,blasi,1953-03-11,Rotonda Elisa 134 Tezze Sul Brenta,lblasi5754,lazzaro.blasi38349@example.com,"QswkDwtahZ&TcnWbFY(Pg2v7v(P,t8RW##x"
471,Lolita,lolita,Peranda,peranda,1991-03-07,Contrada Luisa 98 Nigoline,lperanda5389,lolita.peranda80484@example.com,NBItVUumPRT86vL#iRz57aQ0nLZaYqj2Q#!wwUgSZ(R?GyWkS)btkUmYeM@@o
472,Iolanda,iolanda,Pennetta,pennetta,1974-06-10,Strada Treves 54 Grassobbio,ipennetta7190,iolanda.pennetta66429@example.com,4BfYky(?XeKDA4nxi(YkM*.#bm4))mFIi?%T.zY?6VPPD(c)IeG8v#5LA0x0kFaQi?DHN(4hYvsArsNJr0a#I5
473,Stefani,stefani,Giannone,giannone,,Canale Siffredi 88 Rivoira,sgiannone7332,stefani.giannone18816@example.com,"lJO%49CN?Pp8qB4b01CeTsN1a!(wdh%g#cu5AERwVSZr,vW@nY!"
474,Jolanda,jolanda,Lovato,lovato,2003-11-17,Via Roman 267 St.Magdalen,jlovato3606,jolanda.lovato4298@example.com,wMbsotMjPQB!b)P%#HuKjWKU?1y7k*MWOCh6gy*iTa7jJ6DNC2hPF$DKOk1LBDnkj
475,Nedda,nedda,Volterra,volterra,1946-09-03,Via Giancarlo 85 Orbassano,nvolterra5260,nedda.volterra95158@example.com,6QVA)!TEAA)066o1Hd.(5wwPtNMM4Ryyd3g.X#6Mu#JJasV?@*Nv(cvwzuhbPJZlbx4L
476,Paolo,paolo,Parisi,parisi,2000-07-26,Viale Amanda 421 Fie Allo Sciliar,pparisi864,paolo.parisi11456@example.com,"e(Sg4FikP5SdCx1u*8ngs9?zyi!,)UzshJ(5aqly&beZJgjLngk&RY@lC)0$,pVN6N"
477,Donna,donna,Foscari,foscari,,Vicolo Pacomio 5 Pieve Caina,dfoscari1009,donna.foscari85238@example.com,"R58lHANZ)k9UvdsqeLdYYSXM?GOFX5OiK$EHCLu!n$1F%R%O@FL&Q6@@Tuz(WAD4grdAad)AoT(LKgTk61dUNcG*Wc*CjMt,ft7FJIB95f?x"
478,Victoria,victoria,Morabito,morabito,1976-06-17,Incrocio Piccio 58 Lavariano,vmorabito8920,victoria.morabito37805@example.com,"CaOtBR2v5Qt7%w)75AR*GDMFwTE0Z4vEJvw,DOXdKs#xHqReKEHqlM%P9E5gF&!7d5dU,9%uH9UF3s"
479,Gino,gino,Tirabassi,tirabassi,1976-10-19,Incrocio Vigorelli 60 Peschiera,gtirabassi9128,gino.tirabassi38917@example.com,"Md8.PNt,MUVKt&?F1j8Y)46T#z?cb%)sqrv*r,)Rf40uIVqBoKMDgiH1Qich0mN@jTFNSSti$lSri"
480,Raffaele,raffaele,Foà,foa,1994-04-05,Via Maurizio 15 Pioppi,rfoa2557,raffaele.foa25130@example.com,"Y(#@fz4cuWWhxnZt(b0n?14i#XyP!Rp11wZQQ2uYme!%PQ4.TuvSQfIkHw@6VL?0QHdWu.o)K@$V&v7h0gS3,5$9PL%tVdr7sonCpOx@sfZlD)KqTxVQ"
481,Leopoldo,leopoldo,Tarantini,tarantini,1999-02-06,Incrocio Mengolo 963 Vallelunga Pratameno,ltarantini5343,leopoldo.tarantini16517@example.com,"lxjj6EAdVhK0W8Aw(BYBCKjoEjLSGS!0z?x(1S,0@OTh$8)@"
482,Beppe,beppe,Zanzi,zanzi,1989-03-17,Piazza Sylvia 967 Le Ville,bzanzi7240,beppe.zanzi67617@example.com,S?6Vb16Kq*$i(6jLs
483,Ivo,ivo,Bajardi,bajardi,,Vicolo Piccinni 931 Scandriglia,ibajardi1041,ivo.bajardi23166@example.com,"H2NvrO0cdzzwSJ,)0$4sg7(J%6gPJ?U6aYKPQnSBz9GcgnHqUZfHm9U4X38f&gfGAw"
484,Patrizia,patrizia,Pugliese,pugliese,2010-04-02,Viale Berenice 9 Salemi,ppugliese4874,patrizia.pugliese26020@example.com,"aFu)1d7X.&wUnmSkD4QphwN!,*X$Z5clqeE*bt$XTHc0g1PGkF!JhHMXcgIQSk!vrZN#F0jpfGc7I3KgM*3cbSNw2u?vEDoQgyONgNeG&hQ3"
485,Daria,daria,Toldo,toldo,1964-10-18,Strada Pier 35 Camisasca,dtoldo4004,daria.toldo47073@example.com,U$vNimJtmO6z543lIVSeek1x&7!7&xtcoIC(Wj%Qc1D6KIk%m?M@K%TlG9q*YthF%*RkA1.lXdH2ysrO1D((FTu%5
486,Gelsomina,gelsomina,Badoer,badoer,1956-11-12,Piazza Donatella 15 Giampilieri,gbadoer9113,gelsomina.badoer195@example.com,dZWE5GEsvh6%h5cB9le%#.EXfLRoQcS
487,Dario,dario,Gotti,gotti,1970-07-28,Rotonda Ermes 486 Serravalle,dgotti1888,dario.gotti90006@example.com,#ux$k2s8e4XwF3T0
488,Patrizia,patrizia,Martinelli,martinelli,1953-05-12,Via Piergiuseppe 840 Cervesina,pmartinelli7303,patrizia.martinelli42720@example.com,61z!F0t8
489,Marcantonio,marcantonio,Villarosa,villarosa,1995-12-29,Contrada Renata 92 Moresco,mvillarosa7451,marcantonio.villarosa58733@example.com,bqxkzm$Y5CrY*v@E%!4vQs*z&a2yqUoat%rYE2LfHSV&*7iAFaQe98Ic)A*@8ZYEWvK#ydrj%nZ(i(t)5t$U0*#GjGWi.Lcm4(Gs10QDdGNDYjkt1Ytue)?Iz
490,Antonello,antonello,Caracciolo,caracciolo,1996-01-25,Rotonda Sylvia 174 San Costantino Di Briatico,acaracciolo2518,antonello.caracciolo14562@example.com,uiUXBlI45JbosS.8APgY&4nN@A%#(4!e@t0.p2H1R55*8eWnJqKuhWuc8FE#y.ozHtgq96q4
491,Massimiliano,massimiliano,Odescalchi,odescalchi,,Via Brunelleschi 984 Tordandrea,modescalchi1243,massimiliano.odescalchi98919@example.com,")#(Z(.KLHyDrzVUwzo)(wXfWPE,mAMO%Y$nFHIQb.V2tdZ?NcWcS3fRBnm&a1sA..5E)2Z6.Bx.0?g6.NXtf9ymz4i#TZ@j!yMP7bz%cF.m?0QH07%,3jh30T1A8)mL"
492,Rosalia,rosalia,Gotti,gotti,,Canale Pininfarina 698 Cervere,rgotti2692,rosalia.gotti14850@example.com,"f,$VZnH@tQvF%dlb@e%Kao$z*%WfA5lhFXqJSK4dazPvwBclA#56Fcj.87&(Rd7z664h?V#ngK5QPR5KNyb2tFuP,kFO@&Xui8EDRuGgAev&2h5ja@e(DhRX"
493,Guarino,guarino,Bramante,bramante,,Vicolo Etta 0 San Lorenzo Maggiore,gbramante3500,guarino.bramante42119@example.com,Sm6cFaqbyrlKucuerLnMhOSGW47P.9J5FzsV?awLoRbyg&CL2OShdAsyvoKxJBxW2fN*RcvJQ2?(zn62(D%k47%qgj8g
494,Riccardo,riccardo,Pace,pace,1949-05-22,Viale Marina 54 Tignes,rpace1916,riccardo.pace93913@example.com,q@Ei61NFjjJ5oSBUZ#?!JLdlc@qOI)vS(3z1Na3
495,Panfilo,panfilo,Angeli,angeli,1972-03-02,Viale Emanuelli 966 Cislago,pangeli4509,panfilo.angeli96015@example.com,*zLB3M0JamqCkx6$!q8?$%t$66@99lM8A@6P2FU)LKckDn!u%Eu4vSbwnzJ#RH%l?lFv@j?YO%1tz6JpWSzIhVA
496,Valentina,valentina,Spanevello,spanevello,,Canale Biagio 2 Mattarello,vspanevello140,valentina.spanevello87351@example.com,"92SThZy0uVUu%rjUqTQ7rwyCc,4UW3@9?vIFRb!@Eq@!"
497,Sandro,sandro,Berrè,berre,,Canale Girolamo 79 Viverone,sberre7903,sandro.berre22373@example.com,"mpfn&CNJIu4f8U!Qh,k,h,*GPtYIodfKp4U0g7dmUdVBjeEB0UQ%iB0dt"
498,Pierangelo,pierangelo,Orlando,orlando,,Contrada Germana 331 Malcesine,porlando7201,pierangelo.orlando81044@example.com,"i?I1E!nbRuhxX.2CnM3&9..2NYLoX*TaUJA94NBSHx1bF38Sjoowz4U7E*xo)VnOi&NU&kUctrNxpn!gYW,c6"
499,Corrado,corrado,Beccaria,beccaria,1951-08-24,Piazza Luca 826 Falconara Albanese,cbeccaria3841,corrado.beccaria53033@example.com,HUI)6(CxvsN1*OtSc%t73T40sK65Rn&Hs?tTAjN92z.8wDYEfclqsDirG7spJic#.?E52T5Tyv?e5ReBR.tDyyrzL89TeUseKwz1.ANd55n19#.6a?k)to(ukH0D!%N
500,Tonia,tonia,Dallapé,dallape,,Borgo Camanni 7 Civita Castellana Stazione,tdallape2490,tonia.dallape17089@example.com,"PQ$c?Hk38RxgM5knYcOR6,fSnc0EX$gVKkhui!46f$mRczUgV%Jc!8W2dPC4uo6ehCo*RKhbU8jn6wN@6RWpKOu8yMwhN*TF)2gN)N%9i)9jLshhE4I"
501,Massimiliano,massimiliano,Strangio,strangio,1949-01-23,Strada Villarosa 66 Cassibile,mstrangio6755,massimiliano.strangio50138@example.com,".B%y#EpIY(AMedyl?sKQW$)hxw0%E$*u)XvuMBhdxPngiLCRgPMlQpQ),V*(03(Y.2?HmBUkVIHX!h"
502,Francesco,francesco,Roth,roth,,Borgo Altera 88 Talsano,froth6842,francesco.roth56184@example.com,"4JyV*@XPcsHY9k$6dMqp8j?E&GOjAiYJzUhZ.!k6HbvmA,H1"
503,Saverio,saverio,Costalonga,costalonga,1977-02-03,Canale Niggli 169 Santi Cosma E Damiano,scostalonga9186,saverio.costalonga31596@example.com,"Wek.Dxf5,tUd*JzKRD(,VBRmGA04945&FeMduC8f&Wew("
504,Virginia,virginia,Govoni,govoni,,Rotonda Maderna 153 Tribulina,vgovoni1444,virginia.govoni21042@example.com,!SRTsUbhXBsehN.ukh8FtV
505,Ramona,ramona,Nitto,nitto,1992-06-04,Strada Milo 434 Vertemate Con Minoprio,rnitto4332,ramona.nitto28391@example.com,1@9yy2XAPuVqf&zb4vDGXUsog&5%fHkiH#gYJj#oLA)N0&8xD@O
506,Ida,ida,Petruzzi,petruzzi,1964-07-06,Strada Pacomio 6 Pizzale,ipetruzzi2828,ida.petruzzi57033@example.com,"PZ1g5a@9DhwXQJxoHnONAiEO.!mjxfew)D!N89cx&T(,xQZlHZ?1cuRcbT68$j&#e3e4sIQs#nS)lb@*wRK2AuMpEV5Y6WisIcIlFt"
507,Sole,sole,Capone,capone,,Viale Sonia 81 Celle Sul Rigo,scapone5120,sole.capone49545@example.com,sGgvRbBovcO?PNP5zbC3.SOq(9E8@i4(IiCPa3fpIR3jaHHMxv(ZotOP.ah!
508,Francesco,francesco,Solari,solari,,Rotonda Nedda 65 Colere,fsolari216,francesco.solari95198@example.com,NTrr9Ai5UYWx$T*4*5myD
509,Ettore,ettore,Spinelli,spinelli,1984-04-23,Viale Oreste 4 Nulvi,espinelli3488,ettore.spinelli85524@example.com,l5Ik82%N5MPJTbHp?)QmF(d89brSSQx*8c5$H9
510,Antonello,antonello,Corcos,corcos,1953-12-06,Incrocio Gioacchino 623 Marsaglia,acorcos9287,antonello.corcos11436@example.com,B$&7An#D52EaNDbZw$f
511,Ermanno,ermanno,Cuda,cuda,,Contrada Lucciano 3 San Giovanni Del Dosso,ecuda6154,ermanno.cuda83376@example.com,"SiJv9(2Nbrb(0vRTA9qoV#q.!YP)Ei7TVrC&j$xL,IZW7hGTr)BWNd$3CMMi$JGE%@gV?"
512,Roberta,roberta,Ajello,ajello,1986-02-06,Borgo Fiamma 64 Montaione,rajello8574,roberta.ajello72733@example.com,J7@xr&*86zlZpDZTOOBla60UnI)6P9c1mVeIFD
513,Allegra,allegra,Stefanelli,stefanelli,1967-03-29,Viale Tirabassi 815 Passalacqua,astefanelli6138,allegra.stefanelli66432@example.com,Un2&f2@6qDyvIvpND5q2ddoevpj&kk)pj&fGHBBnz99WGnXNHMbz75$I?#G3&jd0gHlPh.jx12PxsO19tp#NrLEWib!GdfWlBEjM%3fkd3Gb
514,Pierina,pierina,Bottaro,bottaro,,Canale Bettina 9 Zangarona Di Lamezia Terme,pbottaro2471,pierina.bottaro49182@example.com,")3MHu,coX3S&*TrDSl1TR(PxnYmdl*,E5UQz9@Gw?llVqZI2Jx,%"
515,Dino,dino,Cusano,cusano,,Piazza Cociarelli 5 Altamura,dcusano5402,dino.cusano48597@example.com,"DIL4rNAQqjocMdS@2j6J,5X.iRaM$Ac#nxZq#tn?lcv"
516,Federico,federico,Battelli,battelli,,Stretto Dario 887 Montecassiano,fbattelli6517,federico.battelli88530@example.com,"1kr6%jrx3,j95Y!4oyDywej0nG9M#JJVIh2co(SUarDwDht($joTN%?fouFki#&L9#$5z."
517,Gustavo,gustavo,Canevascini,canevascini,,Via Abbagnale 5 Chesallet Sarre,gcanevascini566,gustavo.canevascini66742@example.com,.0zd#dDrqdEM2vBuEx0ip65nTK&&5dijEcH3SlpdbyAm7)v$JUqIzUY%$rFbcZZnWLu4bTi%TF?t7oIR8Rw
518,Germana,germana,Cabibbo,cabibbo,1967-04-24,Viale Rossetti 49 Fraore,gcabibbo5310,germana.cabibbo64368@example.com,"e2GSr)4Xfq,(LVgfOp((K6f"
519,Ramona,ramona,Comolli,comolli,1971-11-02,Vicolo Ricciotti 872 Borgo San Martino Di Cerveteri,rcomolli2635,ramona.comolli14345@example.com,"T0pZ0z0UFBgssq*Oeno5xW2HYThQpH9V2a8p,NdcJ1D!Lq$,At7fCbB6R1uGtrLimhs(cgySnSo!JtsY3xKI*l4$zGrZJV1u)pAXk%tm(sC4JDiqKr27XdI2cHHNlm"
520,Raffaella,raffaella,Capuana,capuana,1950-03-21,Rotonda Laura 68 Verzuolo,rcapuana3405,raffaella.capuana77438@example.com,50L$dm8z9VmPVeJdmKIZ&9rP7L9i(Id46wGYEWQLcSS(!PzIa9a1W#2VM#W.)*KAwK(ts5A
521,Antonella,antonella,Grossi,grossi,,Borgo Giampaolo 859 Balsorano,agrossi1120,antonella.grossi28144@example.com,st4ih#1st&SWaG9Wb
522,Fiamma,fiamma,Montanari,montanari,1966-11-21,Borgo Giammusso 791 Piana Battolla,fmontanari7190,fiamma.montanari79276@example.com,".*Tdzyi!T2U&nixj85zggoY@5HK8M6h9Tqs,DZ2NC5pFvv25J$gZuwa9D2#Fr0QKqz!ybAG*k7(T%!(4,@bvDRUd.?yEqzKHvC5HSJv)AAq1W)TixbRg$d"
523,Dionigi,dionigi,Zoppetto,zoppetto,1965-01-31,Vicolo Emilio 276 La Luce,dzoppetto8288,dionigi.zoppetto82061@example.com,eVcctjax1OGu.cU?sTC6uy8oti?WPYN8dy@DrITO)joKPXd**RcQEU3FQT?cjuSC#uN%zG*%5p0DeTBG#v@7aNykR9U.znd#*4qU4XYC#Sk5inBBr
524,Bernardo,bernardo,Sinisi,sinisi,2011-09-02,Via Lolita 5 Valfenera,bsinisi4720,bernardo.sinisi45829@example.com,9vIeIDzmXBAmzz*H.BW(!m%eW3?)t4&wzP07g*C?18NtniiRjQDXt*oF$6ZxbjkOM95lQ9q1dtx071?2w$2@ofrTM!aE0RLY8jT1
525,Federico,federico,Berrè,berre,2000-03-17,Borgo Jilani 69 Muceno,fberre4200,federico.berre9778@example.com,Tz&Hh#33J3Qh*$M
526,Fedele,fedele,Trombetta,trombetta,2005-03-05,Vicolo Marcella 195 San Rocco Di Bernezzo,ftrombetta6154,fedele.trombetta99101@example.com,",0Y0ng4fzF&ke#SoKI6ikrqVKdsP9uHNm4Clodc(bz#z"
527,Giosuè,giosue,Luria,luria,,Stretto Impastato 26 Melezzole,gluria4317,giosue.luria43134@example.com,$hAo4tbPS4dlnww#pBJ35PEx$zDakuLUOllg%TV&k(44t7uoK!wWB9e(llut)39LTv.!zZYKsf$V.&&XQLRRFbbftBn65SA87KnHFW9qO
528,Eva,eva,Udinese,udinese,1972-10-24,Contrada Pagliaro 39 San Lorenzo Di Rovetta,eudinese8495,eva.udinese6665@example.com,gW.a?s5wRr#5Z6TL2rabmEV?@H)UMl!B8huxwXnThvx8TJb6FTJW
529,Ramona,ramona,Palumbo,palumbo,1980-02-24,Piazza Parri 76 Trevisago,rpalumbo3930,ramona.palumbo79389@example.com,"4v1,@sNWsC?i?U"
530,Daniele,daniele,Virgilio,virgilio,1988-04-09,Piazza Maurizio 7 Montefalcione,dvirgilio8902,daniele.virgilio71932@example.com,"5?)QA9frN3vFpjZn&Xx&cYln!)BADpS5L?4#YF*@,IsPSPKwcgmXOonRepUVb2Q&1DR7wAEU2d20s!Fwm84#tZpo97izio$)"
531,Melina,melina,Pincherle,pincherle,1988-01-23,Via Pertini 8 Terrasini,mpincherle8190,melina.pincherle75482@example.com,"sIjhsHIF#5rmkwS#$dt%dn)@9ANfVs0qwPC,iVBAWt8ORu0LTt)$"
532,Claudio,claudio,Merisi,merisi,2008-09-23,Vicolo Lovato 70 Fonte,cmerisi8995,claudio.merisi29505@example.com,"oRqnIf.j?Q,EhnX?C!pq863*eAcQa&!uv.(lrl9hP)zf0kkS9gs!AqNe6KHY8$nP%YNaCfuSG*B.Rg.hmDoab.USizY$mdp$A1@q?zRub)0a%S.GmGEj1paoCT%GEFIw"
533,Cristina,cristina,Caetani,caetani,,Incrocio Daniele 481 Mineo,ccaetani9190,cristina.caetani76234@example.com,"ki0$RaGQKUgbTWL@Dl*5(RJCKpOPwHCw2jWNTbC1D?,M.@Z,DdK2L&0%G$#M&zvQHWJ#IfuVwh01ur*@sUkalFHg7aOoxXm!AP"
534,Gabriella,gabriella,Lucarelli,lucarelli,1997-08-31,Stretto Tremonti 87 Quero,glucarelli800,gabriella.lucarelli27744@example.com,"mUTUu,JlfW@kT)d7UC*gKkMMvBayr0y0pFn9u*UqafV$lV5w,wfLV$5SWbYl3I!6$BCt"
535,Costantino,costantino,Botta,botta,,Stretto Nadi 753 San Polo Dei Cavalieri,cbotta5159,costantino.botta72948@example.com,"ui1#I,wt#srg2UHVHRUzY"
536,Paolo,paolo,Brichese,brichese,1976-08-23,Vicolo Viridiana 10 Agums,pbrichese4931,paolo.brichese31793@example.com,9mRjb$zW7(yxdFIFB7%bVWpcezTfATUn#QtLRgDe?2s$m.jc@SA1Yv)1e1poJi#cdP0e9F793*d?NBf$M?MQh$i#lN%i
537,Giosuè,giosue,Milanesi,milanesi,,Contrada Verri 11 Ostuni,gmilanesi5654,giosue.milanesi27287@example.com,%MzdUJL!YISvr)MYh0YIzq0xiZEO6sJZt@jQ)YgvdF*O0e#M(?AqU68%8*
538,Renata,renata,Montessori,montessori,,Canale Luzi 48 Landriano,rmontessori8729,renata.montessori42460@example.com,"(w#3R7EzgSskH$AZDm#6)!DT7u!SMe5x3Yf.Lr,tXU33VdsMS6e1kUswW*Tb)p5s"
539,Michele,michele,Gilardoni,gilardoni,,Vicolo Sinisi 24 Caselette,mgilardoni4819,michele.gilardoni11884@example.com,"!SXg@tpy41rZxYG,We7mj0vacu@R"
540,Lucio,lucio,Abbagnale,abbagnale,1984-12-24,Canale Lando 45 Brazzolo,labbagnale5177,lucio.abbagnale73931@example.com,fW!.la&eLE)(uP!5ym4RGC15wfqgWsmkBX&3tMKmfAwOp?Kd%L*Q)Ch)O3vXjvofULa)G7rckXlt2ACshYKOxv@LtmE8vk!NRj1
541,Armando,armando,Peranda,peranda,1986-01-15,Viale Michele 7 Masera,aperanda1970,armando.peranda49363@example.com,k&KQ!e57%gCU!B&b%KO$UnMfzLA0#STaiRfJd685EFO6(*DlhX(
542,Pompeo,pompeo,Varano,varano,,Canale Eraldo 62 Leonessa,pvarano8748,pompeo.varano3229@example.com,ON0wS.9#%K41TRM!rsj4S3z$H(ZP
543,Lucia,lucia,Golgi,golgi,,Rotonda Matteo 23 Caserta,lgolgi9350,lucia.golgi37214@example.com,IrY6Fkp@zNHX$tF0Qz#EL
544,Roberto,roberto,Mogherini,mogherini,,Viale Lupo 46 Poggiodomo,rmogherini9319,roberto.mogherini76224@example.com,Pl8Kg9pemG#P!k*@pB!
545,Carolina,carolina,Parini,parini,1947-03-27,Contrada Pietro 5 Ala,cparini441,carolina.parini28740@example.com,"R9dgp6N*g,Wm*dBDhTJW"
546,Filippa,filippa,Milanesi,milanesi,1963-10-26,Contrada Francesco 82 Villa Motta,fmilanesi875,filippa.milanesi17596@example.com,"bb@Kcw7,Umpqs16!0WadL9L.2dEC*qAA!BY?5,48H*JZ3d(bgQS$Ju@$cP1AKfMhg#gfJ&jCe%FSV801d(KLdzeGazq(w"
547,Cecilia,cecilia,Navarria,navarria,2002-03-25,Viale Schiavo 71 Cerchiara,cnavarria4099,cecilia.navarria31079@example.com,K7jM9!rJ!2
548,Franco,franco,Curatoli,curatoli,,Rotonda Ippazio 434 Mezzano Rondani,fcuratoli4791,franco.curatoli76864@example.com,"HRsOKtpkcSCe0vxvCko$E,l9Tid(b82$8lAGVntRw**%5P$az6M%5EBi8@Eq.p%5i4oyHxhNDC0.dLgYrX2Y)5(!T0K$p*Qieb3x5HE"
549,Sophia,sophia,Golino,golino,1988-01-21,Piazza Milena 781 Cesano,sgolino3729,sophia.golino19885@example.com,aBFA#4(ve#.ly@RLztrnXZNx@3c7LpfqzznInA3$34!1hE*cuHCujp8C
550,Ruggiero,ruggiero,Bondumier,bondumier,2000-03-08,Borgo Renzi 11 Brunate,rbondumier5041,ruggiero.bondumier11988@example.com,6A5NYa6pQEL(i&GZvQ$Prq52c7(X&WWWU@e3.%!DO65BKQKU57ab@MQ$l!?wlr$no&EY8xxw0UQPxi9g?#n7BQZo2FjXUSo&3LuIU$W8%BXoEigoN##nyu
551,Ilaria,ilaria,Rossini,rossini,,Strada Alfredo 28 Balme,irossini1863,ilaria.rossini88801@example.com,le!vZr03mvLj0T1$rRy5?
552,Sophia,sophia,Santoro,santoro,,Strada Bartolomeo 936 Fanzolo,ssantoro6070,sophia.santoro1065@example.com,hfz9ACC@AKrd#EnmvPg@J4u!?ns
553,Guido,guido,Perozzo,perozzo,,Strada Faugno 957 Verona,gperozzo2144,guido.perozzo60677@example.com,z2SO@4!&WVdtcp.X
554,Cipriano,cipriano,Casale,casale,1953-07-23,Vicolo Zaira 7 Premolo,ccasale3785,cipriano.casale92486@example.com,H1Mw#1%csWAO(u
555,Olga,olga,Agostini,agostini,,Stretto Sommaruga 45 Viconago,oagostini1856,olga.agostini17094@example.com,")MoAaOUowDohBmNJ%.Q3,t#SU3JwwchSNC.!Yp)5S&6jlnvdD,mQh4QlONBnFR?oDH@92V9zalu.lRV.$*!9fiU?HCd!tW"
556,Nino,nino,Tencalla,tencalla,1984-08-06,Stretto Alderano 887 Parona,ntencalla3029,nino.tencalla31110@example.com,"c3h63xF9CS*zGE!7$relbI3Yx0gZG&6!5MZJN6ld)iqY)4LMkEA!D6l?k*?@YA(7B0)EOyhveLwoo?AIbUbM)eA!)cqfAnouEj,Nmyj$vV&oTerggM3Pr8.jLK4.a2n"
557,Antonina,antonina,Pergolesi,pergolesi,,Viale Verdi 286 Guastameroli,apergolesi1409,antonina.pergolesi58946@example.com,9tFg.OtyNPN8L8)PD)g7e9wClOyIr70@WipMa#%B3VGkm5$ywNZuEL#XmglZ(RyJV2vl5fK#8ZULWn%HgCsA9!!ahdJT6fgPcOwu@eqJbD0lLe?IOo?u&hyz*
558,Gianni,gianni,Aporti,aporti,2007-10-14,Viale Donatoni 44 Pereto,gaporti7725,gianni.aporti34147@example.com,H1XoabjOzvqh!udTYc6Q)Xz8?JDQMP?!*H!U9SUonqlk6YYNl#dtn*Zs8!x8H3vPcTW21FZ.6RI4lSc*%zHVocxlXf%?
559,Alderano,alderano,Cendron,cendron,1948-07-25,Via Massimiliano 50 San Matteo,acendron3358,alderano.cendron57241@example.com,"reX4DD05oT4d,jJfI9#UEPE!2Q#snvHKP*P(uBmZov0uH3QmTzikGneBK5R.jyjhnYHx5W(D&&s"
560,Gemma,gemma,Cabrini,cabrini,1999-07-21,Vicolo Greco 949 Castelvetro Di Modena,gcabrini5359,gemma.cabrini10982@example.com,"AB8UFwbYoxBX8JI$jM95t2b!mcq*MOBVTLt1bw(boH&yxpHFKi4ZbbL56lx3N5KsurXCL#q?v#,w4Rj19#vzjKDDPz"
561,Lauretta,lauretta,Rosselli,rosselli,,Contrada Ludovisi 788 Monti Di Licciana,lrosselli9586,lauretta.rosselli60497@example.com,ZokN#r1K*
562,Puccio,puccio,Cherubini,cherubini,,Incrocio Fo 7 Guinadi,pcherubini5615,puccio.cherubini2823@example.com,2eJ)KD?HN$#CJShS#xyRZWmL!cgZ)l2FpElYH09jXqgJIzPGT1JKLmbv0@0N!aSKU@KQ9R9F(F@(BZn*qGE&cD9y!kDcLCTFx?r5asLH(gvWI#8r*kB7
563,Venancio,venancio,Cignaroli,cignaroli,2008-10-01,Vicolo Borromeo 82 Villa Garibaldi,vcignaroli911,venancio.cignaroli48499@example.com,boZ%vsLs5VV!K
564,Pietro,pietro,Manacorda,manacorda,2000-01-25,Viale Giacinto 44 Tavernanova,pmanacorda3643,pietro.manacorda69643@example.com,wZO8w8#mNb)p)
565,Etta,etta,Garobbio,garobbio,,Via Endrizzi 63 Casanova Lonati,egarobbio7749,etta.garobbio75254@example.com,$yq6mVPn4$8riNzD1tMKBgKSI2oRTl
566,Coriolano,coriolano,Gentili,gentili,1952-11-03,Stretto Savorgnan 928 Vellezzo Bellini,cgentili2925,coriolano.gentili47915@example.com,AQ15%jqYeI5Z#klGR51fQsiMW!8RW
567,Gemma,gemma,Galiazzo,galiazzo,1971-07-09,Stretto Baccio 2 Laurito,ggaliazzo7672,gemma.galiazzo31360@example.com,su&rjBVG@TfiAj70593wWk?9cJ4wi0P.Uln4s1UO5E9!mnvOpWVR
568,Carla,carla,Treves,treves,1985-08-01,Via Giuliana 297 Salice Calabro,ctreves3006,carla.treves88431@example.com,qxfo78dUL9l2vCpiENo6uf1h@jw&NQFwXzZ453H6mFF*Q*W@UIBc%)@I8!XK4@VkZR(T@$Ah6RBD%$vNv.TvX4Sk9pCpTUB%V5s884c$Xb
569,Geronimo,geronimo,Pelli,pelli,,Canale Prada 4 Matrice,gpelli843,geronimo.pelli98439@example.com,"k@phv*,x.rJNFL6tFN()RKza2fuYn9f18O!HzsrdEbBEL1wF$cLmaTR844umJ2f."
570,Umberto,umberto,Spadafora,spadafora,2002-09-02,Incrocio Mercati 68 Garlate,uspadafora1817,umberto.spadafora96730@example.com,",7434n7T)BXVsMD*wKVVy"
571,Ramona,ramona,Mantegna,mantegna,1953-09-22,Contrada Luxardo 89 Piangipane,rmantegna4469,ramona.mantegna83003@example.com,"h8p#HagHY.kM6TW0Fcdm?!9ts?IdIau&euunJ$)Rzs?e)V(7H.h4UQpXyRDlXHtwsSfZqXK0As,E75qJ%XGq)cvR#AVTTLL(q.0YrH0UGjZ)6AR64&g@ScVIKw5A"
572,Amanda,amanda,Proietti,proietti,1966-10-01,Rotonda Luca 18 Cascina Buon Gesu,aproietti3101,amanda.proietti42361@example.com,"%D2Hj(*RH$!q6jGOmj*8T,cm$h,5m&bUzcRw8?xXx$Zk3!r**efBtg#cp).ssN3B9(z&YS.tF*&FY1UlyNQWkA9a"
573,Elvira,elvira,Vivaldi,vivaldi,1958-09-08,Vicolo Gualtieri 55 Ferrandina,evivaldi4227,elvira.vivaldi2682@example.com,d3&EAb0V2grXWCs!QJ0z%K44m!W??Sm*iDiprS05nJ2egz#Vx7733Cvrzq*G9xmJqXFX
574,Tina,tina,Brenna,brenna,2012-08-01,Via Ungaretti 21 Verano,tbrenna8963,tina.brenna52067@example.com,"Hb37eOu#?&Ko3PmU?7,MxCacyuEq.!*U4kS8haiMXxHd!VPJEK8tD7MobbHTCQuMqiBnTng2G4dCOn)!t6ct%9L&cw(z7vK4ZPrTYMy45$z*TeKs,pay#LT%fnuc"
575,Biagio,biagio,Castellitto,castellitto,1997-09-24,Incrocio Serena 36 Scarmagno,bcastellitto5610,biagio.castellitto29840@example.com,"!iJeYP!sTQN(DSww0GHY.AtGQXGT$pepHaS?Evm$u(d,FqzWT2VP$vXA.1F$JBn#F%WWgiOEnch2caG5euirUCF$Bac.Gh&&Hr(r6Xjwlp1RqBMgdZ6Kin?"
576,Pasquale,pasquale,Oliboni,oliboni,,Borgo Proietti 46 Groscavallo,poliboni207,pasquale.oliboni5460@example.com,yXE7nt@vEjqBAUSRAb?xnhZnmG78xqMiHOlHXXZwArCv)*W079hRJCXnkI)
577,Annunziata,annunziata,Tosto,tosto,1955-09-04,Incrocio Paride 260 Savignano Montetassi,atosto370,annunziata.tosto5903@example.com,"NDYlTuk88aQhghauty.E6zGJidXhh*N1$u2BUG*T746B&x&)KVcd07W8%64j8XL$EfcwmebRUn2dzyJ*aAb69Kok?RDmvAEizzzMji2J5UqfHh,)OKJap"
578,Rita,rita,Cheda,cheda,1947-11-13,Piazza Ovadia 546 Grosotto,rcheda5327,rita.cheda91249@example.com,"mCbXsBYkd#ZB#CN6QLizZ@jL,O"
579,Nicolò,nicolo,Tamburini,tamburini,1991-02-24,Via Francesca 66 Castel DellAquila,ntamburini5820,nicolo.tamburini49469@example.com,?uDK#ils?F1c!UE?%xnv?8$tLV#ux04&?!R.QNqYUBz%Ra6S?5.O)5@Con2RvaIS6WZFdQxLcKefOXFY.H!eoAp07o2OgzdE5I)X@703erPHn
580,Sabatino,sabatino,Piazzi,piazzi,,Piazza Milo 396 Gorla Maggiore,spiazzi2207,sabatino.piazzi72713@example.com,"3xmv5D.zRKk(pTZI3,@?5ZV32NgH%jeka$BoBYwexdgPx@X1q.#&hWPk97&@7KPA(VRmPJ9#72vP0WN6X(MTxWB%%GC*v8RZ(v8tsVaz3TSCP&$0&"
581,Griselda,griselda,Gualtieri,gualtieri,1966-01-06,Vicolo Piane 67 Curanuova,ggualtieri8385,griselda.gualtieri27129@example.com,"ejKMrGPxpijw(Y3MnHJQOYZ1R$3$CQ!.v@J#)2sxNB4b7Fg,btApfM4L7gyJT(4AbE*j1Tx9)7CF.aV(jWJUG8Q0EYFIkYnLiYZ!uTKE)%5$l"
582,Durante,durante,Agostinelli,agostinelli,1964-02-10,Piazza Augusto 65 Mezzanego,dagostinelli7591,durante.agostinelli53743@example.com,"1*8IEsXyRh5D),.ls(bry2cDwKUGon3k0p$fYb1gYGqLqos%!R5,s%3SjprUr%"
583,Salvatore,salvatore,Basadonna,basadonna,,Vicolo Germana 6 Lesmo,sbasadonna8059,salvatore.basadonna21392@example.com,"fjAkCAseVZd?uRc%g!d66CMqg%0%RGT*ibYpmEQhqT*#*3@l*t0Y6U4j)u@XQboKyLngVgK22EKc*(Xq$k3FHP7,Ix"
584,Leonardo,leonardo,Volta,volta,1966-06-29,Viale Annamaria 779 Zeccone,lvolta6681,leonardo.volta76834@example.com,MP&EfDijOo8isr1*Bm?@3E0fj0v$(8
585,Gionata,gionata,Mazzanti,mazzanti,,Via Pizzetti 962 Gaiba,gmazzanti9381,gionata.mazzanti577@example.com,"ea2crH,C!1i*c?saw.VS6zsl)et4uISCL&)8sQKE9Tnc2Bw)@admALBimt&"
586,Gaetano,gaetano,Inzaghi,inzaghi,,Rotonda Einaudi 8 Carasco,ginzaghi5728,gaetano.inzaghi44508@example.com,ZhyP5ABrALJgCY4wSlvNp$*fc@3VlwE@*SM@iA5nm27#6@qfwNcPMzey?S$m15qwCq5ZGp.Hda%3rIBjuzaxFS#I(0lLnb09e.5KHDjNi9Qb!?@MBK33E
587,Ranieri,ranieri,Angeli,angeli,,Strada Ovadia 5 Girardi,rangeli4322,ranieri.angeli99337@example.com,"NsfkFH,t#pU9Rt&!cG7CBPZh,GLJzM50(!I2)PXq)UKsNwgIyqiDJ3F@!MQTVDbtxEMCox&bi4LP.BTOmz6o2Lx8JliRapBdcSPs*)C7oGS"
588,Laureano,laureano,Gabbana,gabbana,1958-03-08,Contrada Francesca 16 San Giuliano Nuovo,lgabbana7281,laureano.gabbana42638@example.com,ZemCx4#09U2%Yws5
589,Arturo,arturo,Zacchia,zacchia,,Contrada Federigo 38 Lizzanello,azacchia7143,arturo.zacchia91266@example.com,0ebwGc&UmkGJuyxrlgWw&Zl$YP@G
590,Raffaella,raffaella,Moresi,moresi,,Piazza Marinetti 76 Massiola,rmoresi3234,raffaella.moresi43846@example.com,w#JCsd3yf0(R
591,Ferdinando,ferdinando,Pausini,pausini,1997-06-27,Rotonda Rita 285 SantArcangelo Di Magione,fpausini1255,ferdinando.pausini30577@example.com,"c$2i?F57u&Mj,qcA77z2P%eiWFt@eJ1LxB#X9VQ3#fjiMNNF3qR$Bbr138bKji&)tedNakPJ7Yw1dIL"
592,Gianfranco,gianfranco,Stradivari,stradivari,,Rotonda Piermaria 0 Cassano Spinola,gstradivari3709,gianfranco.stradivari9765@example.com,"F0i8lAoV0LXnmviP7!!gHTJ$?1nMcfjb045g.GDZjnJjUbZUbX2,zG6S%X%kmMvZU7T13lZqbOujR)4CW?woYx"
593,Tiziana,tiziana,Gualtieri,gualtieri,,Borgo Francesca 30 Montesano Sulla Marcellana,tgualtieri3517,tiziana.gualtieri73640@example.com,VqpCTB.axI#C(27#EkAESIIpN*vMH$XNBc.rZO1V8GfOk
594,Antonio,antonio,Lancisi,lancisi,2006-12-18,Rotonda Bruscantini 72 Bellariva,alancisi312,antonio.lancisi23238@example.com,oce*yw7&DbZ5$Rdkwoqk7kVasesfBW)j8$p0Ln9a5QfF&mWEiBwUOhaieB6yEkAfc2GutT&xbWI97eWMjO2*waH
595,Matteo,matteo,Fermi,fermi,1988-09-05,Stretto Amadeo 2 Cadimare,mfermi6101,matteo.fermi14224@example.com,"#oaqnPwnm6g#&rFazv!qwy&%T,zTQqXLl#Kta&7.tu6hYAJLXlZctQ&ExGRjA9?GBGwnSGDCx5OPSolA4o9LNtu))P0GoGO"
596,Ranieri,ranieri,Bacosi,bacosi,,Strada Ippazio 3 Pietradefusi,rbacosi2151,ranieri.bacosi97005@example.com,Q2$b?CcAM2BCvDz!cJ3(pY44qbfqr9v3(OTi7WDWOvNdXaYr0GO?Soz2EkWe$ppypQtP5Dx1X&*fgpcXcaCsKGmM7r)TVl%fINWzGGVJynRb.2qYsaqOzl.xy
597,Cecilia,cecilia,Perini,perini,,Borgo Aria 34 Graffignana,cperini9281,cecilia.perini89229@example.com,AEG$kY1nRGy7
598,Ricciotti,ricciotti,Martucci,martucci,1973-02-09,Rotonda Boito 49 Thuins,rmartucci7875,ricciotti.martucci72330@example.com,"A8(2.(60al?MtSlJZN5NA0MDbnoR9$N@x#P,mYY%iY2eSEj$BLWSTSY#T9keKTq!jeoLC(vs1vdC%L&mq%ViVa)aKrFHONOAko2g&xfXNoq$3HPjV"
599,Orlando,orlando,Sbarbaro,sbarbaro,,Via Priscilla 61 Grisi,osbarbaro843,orlando.sbarbaro95103@example.com,)gjZfUryIuuQLO4(3zwXF6b?XFiPnD@m0HVQ@OHb6ZjP$%WC*SvlX9qSBKft#v#13w4y.ysMfx#zp%I?il2R3gV(3Tb4727UkBLI%%Jt4c@LQp
600,Mariano,mariano,Cassarà,cassara,1984-02-10,Contrada Ranieri 91 Izano,mcassara3296,mariano.cassara38898@example.com,4z62T%wTGCJZtnXcR#8gbR#rGDblw?DQaT1fyy0qOm?05BrfPdk$iNk
601,Eugenia,eugenia,Zeffirelli,zeffirelli,,Via Gelli 18 Bleggio Inferiore,ezeffirelli3723,eugenia.zeffirelli95210@example.com,!u$4a6FSw6lZ
602,Silvia,silvia,Bajardi,bajardi,,Contrada Farinelli 471 Ottati,sbajardi2844,silvia.bajardi85803@example.com,LN2Aei*a4@3*@&3Kci?3#UK78cpoFC
603,Jacopo,jacopo,Scotti,scotti,,Viale Legnante 8 Muriscuvo,jscotti3923,jacopo.scotti58239@example.com,TXbwae&@k.?HjW3ftI0Ue6!gTSvThIh6B?*23&d*CM$Y&TKfyy5#)1n&Zm0ziyTO(XdZhzGHr17hQYF6P#MTowOyuxj.Bjyj2P3mV2WWm59@qMY!w#$.
604,Laureano,laureano,Dossi,dossi,,Rotonda Filippo 4 Tavo,ldossi5907,laureano.dossi9250@example.com,"i8*Tz)A5z*!s4V#4DI(,ai9"
605,Flavio,flavio,Calarco,calarco,1982-06-24,Strada Trombetta 64 Bondione,fcalarco4642,flavio.calarco17138@example.com,898F3Stpm%ZDX#P!zV.#%.!eua72h!4!w)C)(b.kyGJe2b)R!dqDm
606,Annamaria,annamaria,Favata,favata,,Via Orengo 41 Anghebeni,afavata8873,annamaria.favata11605@example.com,"v)bYqdqN%9wsnEn,X1GA(1P$g(bk"
607,Pina,pina,Donini,donini,,Contrada Blasi 3 Limite SullArno,pdonini2593,pina.donini38185@example.com,"?!h36,ibhgn#iHSYbACv"
608,Arnaldo,arnaldo,Foà,foa,1993-10-24,Borgo Piazzi 67 Castel Cerreto,afoa4367,arnaldo.foa21022@example.com,Zbh)%%6zaxCdUFM$sl?x$NdZM).SAvUcM$eOG1*Foaaa@BoW4RHQd#BkK#DZk?OOF3cpX6od?AcjFTViVTD?pPFs&l
609,Micheletto,micheletto,Milanesi,milanesi,2003-09-18,Borgo Bottigliero 97 Abbadia,mmilanesi8215,micheletto.milanesi99771@example.com,0WGgCMX%$q34
610,Raimondo,raimondo,Casale,casale,,Incrocio Scarpa 25 Zollino,rcasale5690,raimondo.casale58324@example.com,&RPjWYu?B*Ss)cg%?%P&dG0Z0Xmi@SDrN(NpLt
611,Adele,adele,Mantegazza,mantegazza,1996-01-16,Via Bacosi 83 Celle Sul Rigo,amantegazza2545,adele.mantegazza95638@example.com,4$.62%ZHc2Z*RGP%aoid?c2xo
612,Lucio,lucio,Zanzi,zanzi,1945-06-03,Incrocio Traversa 73 Brittoli,lzanzi3764,lucio.zanzi23488@example.com,"Z8MF&25B03Xa5,n(BB&V3ayoXWW1x$vV3@ngAn@gyvt7y$%GKHSZJA2KD)iMkNQ26o2Rsj$plzkwCO@#hBFkqHl*&&cvgXZC1rheN5ag"
613,Patrizio,patrizio,Gramsci,gramsci,,Canale Gregorio 495 Bigarello,pgramsci4337,patrizio.gramsci90769@example.com,"vatbWwPL,XqDP965l&2sZ.SD3J9dC2fldwPrQ.ru3d#4E#J8Rm"
614,Barbara,barbara,Parisi,parisi,,Viale Giunti 42 Casateia,bparisi8210,barbara.parisi19854@example.com,"veaidGwIgn8A,%ZAIC8QwYPrafjs%.wc@!MtXKEA5%Z%7uq.RUST2#1#31kAHq?krLv)az9WqO09DA)lljru(A%bV#Wu!wYfZ"
615,Delfino,delfino,Raimondi,raimondi,1993-05-22,Vicolo Simonetta 99 Riva Ligure,draimondi9880,delfino.raimondi50078@example.com,"abRL0@hGeDizbcEHU@O6irrp?Xza&2Wc,IYY&56wIho68r5y?8bwslCdBV@FkPuk#Y9@z)BqmjapvgjIfYnQ@H5"
616,Susanna,susanna,Barese,barese,1984-09-06,Stretto Sermonti 283 Quattro Castella,sbarese2147,susanna.barese97171@example.com,"9F,kVK8yQgy%$NE0&,6nz*P2EZy#Do8be1lig$sq?cX3"
617,Nina,nina,Fabrizi,fabrizi,,Incrocio Ida 61 Tonnarella,nfabrizi5342,nina.fabrizi4479@example.com,fx?rWmCYT5KzzRwi!Sk5J0!Dg%W#dFKwTWjW6BnTaaxqch&De*kJ@oh.d7iREK#QfkN2!.lyI4k$jX$L3x3NTwq)HQ*nxca6DZ1YlpdYUoLV%ui34z3F5rzpl
618,Gionata,gionata,Beffa,beffa,1960-04-12,Rotonda Fernanda 35 Colombare,gbeffa8562,gionata.beffa73578@example.com,"daEgrS7do0lVj*#$hV4N$.B#Lvz3O0q@y24OfxnhCTCsoFZ0,V10sROWJuAxK7Z1R,,n.NMOfSVaSQRVCG3UsPE"
619,Lamberto,lamberto,Platini,platini,1988-10-19,Piazza Veronica 5 San Basilio,lplatini695,lamberto.platini44927@example.com,"*%8LQ!zLuSMnMLvgwgUy4jtt(wg5%vvDX7@NhK#xH2U&Uik,b$Eq*!7OJx9e&R405.(%Lq8Ea7x@7R22iYR68lVZZ$yx2ro?eYAl9@%UCV&xAS3"
620,Mario,mario,Gonzaga,gonzaga,,Piazza Simonetta 517 Isola Bella,mgonzaga4547,mario.gonzaga43452@example.com,"Ni0r)&SVvwgyc1WH!ucM27%*D,!a"
621,Ludovico,ludovico,Ortolani,ortolani,,Borgo Giosuè 22 Campolattaro,lortolani2007,ludovico.ortolani65549@example.com,"ws,UdjiJ4YA3?*AHI)d?7zmEWTuBo8J$H5jEq%8qZV2!3&kylxaeDLj"
622,Lamberto,lamberto,Renault,renault,2007-10-28,Via Taccola 270 Baia DArgento,lrenault2193,lamberto.renault22086@example.com,"OzR2IFj5J&dxMPy@&H&Wi1mqd$$bI(#bYx9CC4r.JVJ4PMUbKXQWR5%SUzS7Y570u&&tpH#OTnJimEcnxQ8A5vpql*dBrVxm!7XMt.WVSYzMsp,u%Li?Vp037YRC,oNz"
623,Gianmarco,gianmarco,Abbagnale,abbagnale,2002-10-29,Canale Flavio 82 Sfaranda,gabbagnale6469,gianmarco.abbagnale59037@example.com,"(lmwJxPBZVcoT#j8Stxkvm%vD.o)F4N@AgvRWP,TQGh09p"
624,Angelo,angelo,Guglielmi,guglielmi,1998-12-18,Rotonda Procacci 69 Olengo,aguglielmi1733,angelo.guglielmi23619@example.com,R7vnW)id67Mhp
625,Piergiorgio,piergiorgio,Biagiotti,biagiotti,,Rotonda Viridiana 32 Brebbia,pbiagiotti4679,piergiorgio.biagiotti80375@example.com,"q%c3?NG(D&QsvQe2eFgpA!g0$hcQ)dcS7D4K%sbZSQsT,6o76)HfG*gxn*%Gu*4sxjZ7zj9wSUS.uzgyObMbL),H.gS#39SWQbIigooU80J"
626,Federigo,federigo,Tornatore,tornatore,1987-03-24,Canale Tasca 68 Corrubbio,ftornatore4715,federigo.tornatore86292@example.com,"%zE.ygeU1kF&%mZ@NR%2gEttx*7@QBsoN@B?9#M)mqQpJo,#PTx%zyRYtxZNgPFEq9N(mB1o(bIQ)NW"
627,Rita,rita,Visintini,visintini,1953-12-19,Borgo Enzo 734 Stilo,rvisintini5565,rita.visintini54224@example.com,"T3XvBNDy%Zw9&@TOso5c%2GVISEm,Rlcwu%m)z&jRiy.BeZ&0IGscDnTCvZJlIUrZ,9HphC)Ist0Imr0onEy*FFxH7.*bTen)J"
628,Amleto,amleto,Disdero,disdero,1977-11-23,Via Boccioni 79 Ronzo,adisdero8070,amleto.disdero31501@example.com,"?36Zrft4lc#2G&@J2GsBZHa6elpLlLI3?fItZkNR3dc,nU*TZfPYo"
629,Vanessa,vanessa,Turchi,turchi,,Vicolo Gaetano 553 Accumoli,vturchi9874,vanessa.turchi70101@example.com,"q&2sDu,gVvvvU"
630,Ludovico,ludovico,Germano,germano,2008-01-04,Rotonda Pedroni 0 Titignano,lgermano8585,ludovico.germano50947@example.com,"XBF?N8#sw(fTEnBu5NSKeRgf($sq$AWvBqDo,6h#1Z3Z*&Wm3a7SQq(fT5zYsR2!byOTT6J(.Y1fTRKs028#7Eb!4FY"
631,Giampaolo,giampaolo,Casale,casale,1950-06-10,Viale Calogero 56 Castel Gabbiano,gcasale8810,giampaolo.casale12269@example.com,".@GDmP%.bu@I*&Pe&M,njNFLgkseXyKH02?KtcNd!gGto$L5s4CQkx,&s7&xuu8UKnFG"
632,Renzo,renzo,Randazzo,randazzo,1966-06-24,Piazza Beppe 9 Belsito,rrandazzo3318,renzo.randazzo35929@example.com,7FEmc.cG*WuXLJz$YC5Rl9f92OVtWAN*BStdH#LXGf?YPUE6z0i&d*Q2lyq1
633,Edoardo,edoardo,Sauli,sauli,,Rotonda Guarino 99 Montesilvano Colle,esauli3097,edoardo.sauli67079@example.com,"zet52WX#0WN.wOdN%DJP3cTvrM)JVmHLWjJpv81RC0uRl?A6E9f#5kBytGzi5ih,8vFK0ovBBY&SMDVVpgB%CS7KFWSwrKW*Xfc5I"
634,Alessio,alessio,Marazzi,marazzi,1956-07-17,Contrada Antonacci 22 Mori,amarazzi1463,alessio.marazzi94537@example.com,a8bgOi5!pWKsuJbXHuiSe.3qqxf0D!x
635,Graziella,graziella,Fantoni,fantoni,1989-08-31,Rotonda Muratori 3 Traversagna,gfantoni4945,graziella.fantoni29564@example.com,v*3ncB1T#
636,Vanessa,vanessa,Mimun,mimun,2009-06-27,Strada Victoria 32 Vergato,vmimun4344,vanessa.mimun47173@example.com,"i&gy7Z2XPA1pR9SE5e1Zs?NX)U7wziAG4A12uEkAmYLgOokq*4SovJ1ZnlikmiddQzEzNw%MwgP9s,cWCMo)js7TeBStm"
637,Alphons,alphons,Maderno,maderno,1956-02-20,Strada Canova 629 Volturino,amaderno252,alphons.maderno57253@example.com,"TOr,i*IrgD5Mn@icS5!t!$&p(DKrPyweu5kQQq&AG$jQZTo)8#7arho)lb1u))C(6Mlv"
638,Maria,maria,Grasso,grasso,1990-05-03,Borgo Zamengo 17 Santa Maria Del Piano,mgrasso9089,maria.grasso84026@example.com,"Il0Y62,w?X(#@sf9BiDNzz74@)21UNTRt,V6!oW7A5Nrblw53A7*?IGABb#pP?#CodKMMk9tU"
639,Loredana,loredana,Carriera,carriera,1997-12-06,Via Costantino 464 Curetta,lcarriera9858,loredana.carriera50885@example.com,0uEsI)6A6az@mYVu!6((QW)BGue9mp9vVW6M@Fk8X4AuHt7I
640,Gioacchino,gioacchino,Moretti,moretti,,Piazza Tognazzi 8 Cugliate,gmoretti7804,gioacchino.moretti38610@example.com,"pn,1$K.r)3Bv%1EPt0XrbKkZPjS9dw#wmmPaPi4kvBvr$7R?%$rS@bgn$vrGx4vVIO&(0t2Vr@F3rp!Jo*$A?.IEf"
641,Nadia,nadia,Merisi,merisi,,Stretto Pierluigi 8 Arrone,nmerisi7862,nadia.merisi2190@example.com,"5$q#jCVb2pwM,Yyr*lk97T"
642,Raffaele,raffaele,Bettin,bettin,1957-08-24,Contrada Fiorenzo 56 Udine,rbettin1954,raffaele.bettin88457@example.com,"*Ko*3),pjY1tiDLsCc3rcW*cp08%TIYtj)BLm8g@d3BikQ8W3Fpri9A@ygm5cHezD6$i,*i?Y2hY"
643,Calogero,calogero,Beccaria,beccaria,,Rotonda Belletini 28 Bossea,cbeccaria9574,calogero.beccaria52190@example.com,3*h)1iWjzC2YXKCU&tHO?mMWG4A3T%(GSQEX9EAvmKhXEY*K)o#)&Gp7X(dqDY@ow?(Vd9SZf.5D94ApM@MNbtf3r6.AXt
644,Girolamo,girolamo,Schiavo,schiavo,,Rotonda Pertile 29 Castelfranco In Miscano,gschiavo9215,girolamo.schiavo30124@example.com,"s(3!rYPF(PQ%x1UP4vV1rVDtUCZAq(m2HvXCHsAZ,0%5EpvW!,wa4wILyEF%Lf$dhd,N,Yf)Gh1x&5b"
645,Imelda,imelda,Rubbia,rubbia,1949-03-29,Vicolo Gregori 78 Cervinia,irubbia8815,imelda.rubbia89176@example.com,"%jz5C@A2*v1y2DK1jZfU6Zbs5XK%i3LaOESDwi,J26eqEjWbQzK1zlh0$Dnqpu1WyU"
646,Ricciotti,ricciotti,Fabrizi,fabrizi,1959-04-27,Vicolo Jacuzzi 3 Mocaiana Stazione,rfabrizi2979,ricciotti.fabrizi19852@example.com,"hirgohwY%crJ&gmB5GQG(WjYE3,VqDtrHBj473Tg7QbMB5gzX8F*bE7Fg@NkVQTmVT$lYGCv1S1ttgjoH*?ILpoGY)!OGBw756M"
647,Dino,dino,Cuzzocrea,cuzzocrea,1949-07-05,Viale Ginese 614 Lestans,dcuzzocrea7083,dino.cuzzocrea44964@example.com,"9VX%@ICr,4ndvRRKk9fVjaig7VxtsV(I)$i68KcYGTx)1ek!wzsZQr!kAdCb!za)Hw2V@X7ao0hxUr!,GzCz#MYZB5oG,X)"
648,Lidia,lidia,Pizziol,pizziol,,Piazza Marcella 23 Castelguglielmo,lpizziol7424,lidia.pizziol20546@example.com,"exG.6IXT4n$cZ1Xt,NLVFaNNbqgN.rBweN%f$m#fzF$R,yMGrWHh1%CEsy"
649,Gian,gian,Juvara,juvara,2003-01-17,Canale Morucci 56 Ferrera,gjuvara1108,gian.juvara37377@example.com,9?Ra8J9X0tGiF%#J3@tx%jS)&5?w)tm*Gf57SFUdc)*$d0V.*vOUFDXBMjbXkh3D8F?k!E6d)dg1vc*t.m.5qN9J!E3YiP*sv&dBa6c3#&XZTJm
650,Leone,leone,Soranzo,soranzo,,Via Ninetta 678 Sigillo Di Posta,lsoranzo986,leone.soranzo41829@example.com,"PXi0yuM#$gA6v7EsXl5bMg)vxPB6$*8Nw@hLbroHxPJfDXv$t15!&s1,YC(af$D&E@wZ)NB,NyePx(VWb*)aUr&BO@@"
651,Geronimo,geronimo,Morrocco,morrocco,,Rotonda Rosario 360 Casalgrasso,gmorrocco2071,geronimo.morrocco42404@example.com,lW?Z!xX1rzlPs?plu3Ml)
652,Greca,greca,Aulenti,aulenti,1974-12-28,Borgo Luca 11 Delianuova,gaulenti6781,greca.aulenti60115@example.com,gVaIDY7m92BXdXIDQu&uJ6wuDNRQVlf%$rfIkdT9lb6RFcB5v@av@sR(5k4Jjc#FYS2HY?y9mnV.H65b9kZNMRnIs9ur!W7t?Nn
653,Silvio,silvio,Piccinni,piccinni,1982-08-04,Stretto Petralli 87 Gradisca Di Sedegliano,spiccinni1250,silvio.piccinni9903@example.com,"nOmGIt4yHMCNjP@UwDARjz5ffm?Tz0H*yonE3iqjDS&Wmxs81QxE?$j0eDU.0l1p8gQXj(jGgu0VCE2qGJh42c,w#6K1Zbvb6SaxRL&"
654,Micheletto,micheletto,Paruta,paruta,1952-04-11,Borgo Paoletta 0 Avane,mparuta1623,micheletto.paruta23778@example.com,b4iMFHi4umdN@M%P4$J$MfE3ajq6qz#rScxGphXs?oDDxbnE4fakdkWMPK(P.E7w8uYZxNn8YuJ9VrUVJ%#z%XCju18LJe)Fve4
655,Lodovico,lodovico,Asprucci,asprucci,2012-01-01,Contrada Ilaria 45 Buguggiate,lasprucci2213,lodovico.asprucci43517@example.com,LT$s2wNVCy)2$
656,Pierluigi,pierluigi,Garobbio,garobbio,2006-09-05,Contrada Pizzo 21 Alzano Lombardo,pgarobbio5179,pierluigi.garobbio7325@example.com,fh.V3ObydaF(cSzUEXRUpWkeU0z?@Z(?TjxNkDx&rQ??EG(.nisI82*jQ2u9*AuA9noAcMvf)MSM$i00edU.j$kw5CJmPrrjsi
657,Carmelo,carmelo,Galilei,galilei,1957-03-05,Rotonda Montessori 52 Salmour,cgalilei4956,carmelo.galilei37695@example.com,@4NuFFNK)uT$vVK)&Ub3g
658,Flavia,flavia,Faggiani,faggiani,2005-07-07,Stretto Calbo 432 Chiusure,ffaggiani2028,flavia.faggiani83827@example.com,"M@YA476.J4JH,xlVLAu$Md3tG!#BDFNVm$AkUr%D%8bWOhOrx9(E8E2P@yPx!z3OxRLZ.w6SkNYH?Lm%3RNxjX2zZX51e.7K%nT?,dtlso"
659,Roberta,roberta,Cutrufo,cutrufo,,Rotonda Canali 5 Cocuruzzo,rcutrufo5608,roberta.cutrufo47657@example.com,fR61x$2GS.t7ILFP!!GCpA#3#dRc7.YQou8qsC!BNCdjGq8uPnzySLj3g92I$y$zeH3oQ%R4EH!6cEM@oBGvk5
660,Domenico,domenico,Torlonia,torlonia,1976-04-23,Incrocio Guinizzelli 44 Massenzatico,dtorlonia8143,domenico.torlonia11913@example.com,k$OrF4Fr).a%u@Yiv$qZ
661,Venancio,venancio,Rinaldi,rinaldi,,Incrocio Chittolini 87 Arceto,vrinaldi8586,venancio.rinaldi67632@example.com,"7b#aDbwWPDsBS@(v$TQ&4%jsT,3d.roLsl?*cnE8atw0eV*QuoCNxz%5qjgfjkMmjf@ohkJGT5)Rj!6rnvB206wvmVElmSw8YUJH%M%1#*13y8ZK%Ng"
662,Monica,monica,Infantino,infantino,2002-07-21,Piazza Anita 935 Cecalocco,minfantino8803,monica.infantino23951@example.com,"wonLwdao$%GGlk7uYIjQaU9.1h.!74G$fra&&rQ#cV&I4Scx,hX9D66h$p%WW(tYl5,h6Ymvl2bNUnvjym.Na0CzFjJZfS!4UTI*4XD5wRq)gx*OhA?4FO#JW47"
663,Ludovico,ludovico,Trapani,trapani,1966-12-07,Incrocio Tartaglia 685 Le Grazie,ltrapani5817,ludovico.trapani95810@example.com,"OV!V!fl*Ca&s1w&B?SvsbsB*,YFxQNh9UAel7QkbtI658qc?XLDT!wBM@U0Ngbm?D!F0&7%.ga,t))N$aiJc@NAc),wPIc5)FXVJPkDg"
664,Renata,renata,Porzio,porzio,1985-07-18,Rotonda Annalisa 3 Bagni Nuovi Di Bormio,rporzio1957,renata.porzio84849@example.com,jS@c(YBUjJ?NRUVmPmV3IW?n8MEw$oU.R)#6vKjGX8z&hmviqrxhE.naV@(UE3FDf$YR0UWuwsVHjN?226X$46hYbTa4&!6R
665,Luca,luca,Boccioni,boccioni,2010-08-11,Strada Galeati 77 Rivalta Sul Mincio,lboccioni2849,luca.boccioni37063@example.com,7W4qJ3@)N0F!&362
666,Orazio,orazio,Galilei,galilei,,Contrada Zamorani 9 Montefegatesi,ogalilei9677,orazio.galilei86567@example.com,Q@hEImQhq#3u6Ju&
667,Cassandra,cassandra,Alonzi,alonzi,1977-07-23,Piazza Prada 544 Soraga,calonzi5179,cassandra.alonzi32230@example.com,"d@)%71qQbp4iZRw99up3hJ3loa72RR9q8fQkT316d,M74o8x20PvyhP?nvNNXWHzii9Zb4fqNXx?B&W9t0IdZJLR91xtW$9FhYEV&A"
668,Milena,milena,Petrucelli,petrucelli,,Borgo Gianna 61 Cavallino,mpetrucelli6600,milena.petrucelli30876@example.com,"dLOLdL9T61QGTf2Sposrq,IC.%HvOA8,cKpnln?eyKKTvwa2.0CrTgYRc5w)Yf?.u$Ht8Gm*dxauMI3J@6qp,BWWrW*r"
669,Loretta,loretta,Torlonia,torlonia,,Canale Lara 132 Racines,ltorlonia2497,loretta.torlonia89820@example.com,UXOMqYX$3)Z
670,Raimondo,raimondo,Giulietti,giulietti,,Viale Beppe 193 Castelnuovo Del Garda,rgiulietti1467,raimondo.giulietti97761@example.com,W%o)u2(z46OleJOVcn8bcj7j*xpggymTV03r8pb8lEXVnROy
671,Costanzo,costanzo,Tassoni,tassoni,1956-08-02,Viale Alberico 77 San Secondo Di Pinerolo,ctassoni6965,costanzo.tassoni7799@example.com,"0lM#oLRUFcj)4GxXeD@bxLx?mu5lntK6oJBB?yXjeGxSBxsW5LT?7Vi@QM..W!t6Ywzi13f8hJmlF5ygO,@EBJ5OWC(Z,.pHvNmr3lSDi3IM"
672,Michela,michela,Gaiatto,gaiatto,,Stretto Gloria 47 Pontemerlano,mgaiatto1798,michela.gaiatto89786@example.com,"niYw),T58yEBJWhp2)?Vj.nW1dnz2AWxAv82Tpx(zxRj%&15if45RF%s2dTV!TSfr.FoF,HIEe.4vxhveu?.!m&Vyj$8gX!S&MHK?).Gjz4U"
673,Eugenia,eugenia,Lippomano,lippomano,,Via Raimondo 9 Verderio Superiore,elippomano9427,eugenia.lippomano13876@example.com,EqKhiCRjPW?l4xtsQE72dQ8ho2bzvzRfjUP7!T4MfHgQwApGTlqnDa$WP8Vz$M*TnDCujYuULSNv@rahbSESU4wYztE$YYcA@NH)!Q
674,Carlo,carlo,Valier,valier,1951-11-17,Borgo Jolanda 1 Sillano,cvalier2663,carlo.valier72920@example.com,lAz1VdyfofATF?*tsvIkbSfp4xF.B)h9G$9qNVuFgef%L.#w&GKu%lr1h#Xxs)JGqT)y2OG0uoBk@3YjgSq9zF!tW?ywIGQ0nD!?F
675,Girolamo,girolamo,Silvestri,silvestri,,Vicolo Acerbi 84 Tordinia,gsilvestri8056,girolamo.silvestri73273@example.com,")QVjGbbtPMg3fJGQxthOIvaof1?@UI?9*Ky,u4C"
676,Gianni,gianni,Mazzanti,mazzanti,,Contrada Bandello 66 Laurenzana,gmazzanti2248,gianni.mazzanti62403@example.com,5esgH8?nUODe7pFc8?$B84ho??(8L1%
677,Donna,donna,Polizzi,polizzi,,Rotonda Vasari 865 Leifers,dpolizzi1118,donna.polizzi44630@example.com,"(Xx87c2XZd),vlLU&upmWnKzZQb?6zg(%4$QsRP0ivg6arbi#vl@"
678,Calogero,calogero,Gilardoni,gilardoni,,Via Milo 11 Castiglione Della Pescaia,cgilardoni7674,calogero.gilardoni95049@example.com,"wDjDFkvGgLfMuEsG,vjqj1yd7*pk)MVmpYR.V%GM$(,?bi6w8qBb3.Yv(lrvl07lK%fw!8($841JSK%)9THN5skZl*hN3ys"
679,Delfino,delfino,Greco,greco,,Borgo Conti 6 Mottola,dgreco7585,delfino.greco85242@example.com,dpMXxelM(NuYBG0lUVjpm82Fe$0QnIsmo8aktkfzfmlqxh
680,Sonia,sonia,Malpighi,malpighi,1958-04-21,Piazza Iacovelli 1 Monte Vidon Combatte,smalpighi8470,sonia.malpighi22525@example.com,"0DjINx1EsBJ..osC%s9Khthm(8jwrW&bRiQv88MNMv@e?N*#TTTCqajkZsCJdzU.cGL5vJ5wbaHb2,Ve?$FJvANOhHdZ4@N5dt7Jv,cf,hF7fKm"
681,Dina,dina,Muratori,muratori,1963-09-11,Incrocio Ovadia 89 Olgiate Comasco,dmuratori1450,dina.muratori75814@example.com,Xwi#eZQP80kMJTvqtG2E$@TcEJa!xjj4VTzL)jE
682,Bianca,bianca,Farnese,farnese,,Vicolo Riccardi 5 Castellone Di Boiano,bfarnese6530,bianca.farnese9561@example.com,"SoHY1BAn$38Ti7#!6X8Tau,$07qDiIXj!UGIo?TW"
683,Antonio,antonio,Micheletti,micheletti,2005-10-12,Strada Bertolucci 9 Ciserano,amicheletti8292,antonio.micheletti99278@example.com,".z5lBDA,5c309SthWDNWQFuiN9$)eQZheNnvR)p4h!mC%$At.zrm5zXmeGk&7Y%gp$oi"
684,Paloma,paloma,Pertile,pertile,2009-04-09,Piazza Annetta 0 St.Peter Laje,ppertile9446,paloma.pertile77759@example.com,"PeuEsUTCtJILGw37ivlsL$Wu#Bb63E?0l9A0z0(J&&.SN2HnDpvulZ4RZi5*v,b(jmBqeZzH!59Qhk,trcIP5lfp*1d2QCIuG#XRe"
685,Annibale,annibale,Spinelli,spinelli,,Canale Corradi 0 Dongo,aspinelli467,annibale.spinelli78678@example.com,",,%vSy3vgQVuT6v2TV)*qBzVoJ354fU3m3PpVT32#!UsuvDc.PS2a#Qjf"
686,Rolando,rolando,Lancisi,lancisi,1987-06-06,Via Morlacchi 88 Comiso,rlancisi5260,rolando.lancisi75801@example.com,SP0?s9wiKk
687,Mariana,mariana,Cadorna,cadorna,,Rotonda Iannotti 844 Apricale,mcadorna377,mariana.cadorna48449@example.com,"?ffxqaUAxR)T9,rOGLI,HTNtv(#HpEO??RBbvX2yeqOvGQdz2mZ28#E((s2z$SqW89xk(tRZwdnm.imuB@m5lsPS$BuXrGb2B4DVv"
688,Salvi,salvi,Sagese,sagese,1966-02-15,Stretto Deledda 91 Santa Maria Del Taro,ssagese6435,salvi.sagese8069@example.com,6AY#x99U&KnsW$Itp)*E5JX6W6!4xDXfM
689,Martino,martino,Golino,golino,2003-06-05,Stretto Rita 71 Solda,mgolino1600,martino.golino23131@example.com,P8ZLe6#jY*PpOO4YQo?HR!cgEli!kty
690,Agostino,agostino,Praga,praga,1976-04-20,Borgo Jacopo 5 Rezzanello,apraga6210,agostino.praga24110@example.com,"C9VSc4g?m9h4iI)H7ai1PsD1Zf,xpFz#"
691,Lamberto,lamberto,Vidoni,vidoni,1961-11-15,Piazza Bragaglia 24 Serino,lvidoni5525,lamberto.vidoni19865@example.com,"gVzg(,d6yb#@wMmB7eK3@2qL@8OnUN!v2?FrsSzqvkIfBRy%Zo!,aXM08G1gt7#.XIVUNcLCuMy150p!&*ivn7aMKuKagCV@CDlF@RpD1YDdjH39poodg"
692,Alphons,alphons,Pisacane,pisacane,,Contrada Fortunata 718 Bonifati,apisacane6444,alphons.pisacane53782@example.com,#xb.mllR!mlHkCq1@8xTZ8)%jb9q*Q0tpLi5?TC0n?g3Nl%gxwj4K(7UHi1FEeU(B9a$)&?MYgPSl
693,Arturo,arturo,Santorio,santorio,1995-06-11,Contrada Ignazio 7 St. Helena,asantorio1172,arturo.santorio62958@example.com,hB2eWYsmc)aEgp1Yiuxqw5!G!1#8!!)2&.ZfiUjB2L$#*0JLPKI7b5ErIH
694,Aldo,aldo,Fischetti,fischetti,2011-04-27,Canale Veronica 50 Canzano,afischetti4240,aldo.fischetti28559@example.com,"KRNE5$x3H&qXdeSRk(!@zkDM,(mfx%?zoLQQvUE7q&(@ThJ2tmBn7)QEmMZzMl.Mxh320#.BLcjsj"
695,Arsenio,arsenio,Bramante,bramante,1983-04-22,Incrocio Rosselli 37 Paviole,abramante6407,arsenio.bramante56129@example.com,"XH1Qt7@kvvI6*x6,wi5x,nsXMEyroZF74f*8AE$oyw9Z.QdKbfBMb.O2lDBh$BVMiTeV1Htl%)ZAXXQWsWh#VG1E,n6wp3iRwZ,jw1%)LVO)IQ?1"
696,Sole,sole,Polesel,polesel,,Via Liberto 8 Santa Ninfa,spolesel2775,sole.polesel48804@example.com,zUN8I7aWMk)2PEyz&IN2lbpIsLqnp#4*7OQ?J1i
697,Alessio,alessio,Modugno,modugno,2002-11-20,Rotonda Albertini 684 Graveglia,amodugno669,alessio.modugno50607@example.com,dFLC.E&ZPjKFsQ3H28sI3MVrp5!*h.sZqT$W9Jq
698,Valentina,valentina,Montanariello,montanariello,,Piazza Beatrice 9 San Martino Delle Scale,vmontanariello3634,valentina.montanariello20850@example.com,g&ZWhYSNx%2.c!OdQKG!3YfO1$p7bKxNqOSjlE5CW#y
699,Donatella,donatella,Rubbia,rubbia,,Stretto Roth 58 Introd,drubbia4853,donatella.rubbia9442@example.com,".0jXK2a9W4Y@o8fNGY301UFhvCqS2cTU9qK(xd?z5?ehV74fNoOlmM2rXpx5B1#VL.i(D,geD8rDxDwRYCw#%4fIPiISKBt5"
700,Leone,leone,Caruso,caruso,,Borgo Sylvia 78 Poggio DAsti,lcaruso4360,leone.caruso71799@example.com,"NdQ(,7iG?xqZs5)b$j4)mV$y&3VVZB(5PaecncF!6ZLoMdhmy.lAGRLZm2A#NbwnF3K,5tbOQ#foESQ6Q)2QWm"
701,Gianfrancesco,gianfrancesco,Maderna,maderna,1954-07-18,Stretto Amanda 4 Vighizzolo DEste,gmaderna8622,gianfrancesco.maderna56653@example.com,yJlK4ifKrSmypJRiXffNXN0v7%!P2FnJwZ3!mUrhTcA
702,Isabella,isabella,Lollobrigida,lollobrigida,1996-06-21,Piazza Rienzo 8 Fontainemore,ilollobrigida5306,isabella.lollobrigida89364@example.com,)LEV0@@Kg%)DVYVlA2pd0))C0Zu$0d
703,Bruno,bruno,Franscini,franscini,1984-01-07,Strada Tasso 5 Grunuovo Di Santi Cosma E Damiano,bfranscini8936,bruno.franscini65792@example.com,DiFNcC?vgPPrtzj6x0AK&?Qosd7y4a%@o6c*%S0up@!)MV@QEH36Kv9PYXP$U?ASzOvAZG$.@XWHM4@8zTq2PSTx#YczjxP)cPZGauW&O(CCG*c$cqEfJQRJds
704,Luisa,luisa,Palombi,palombi,,Piazza Ermenegildo 827 Valle SantAnastasio,lpalombi5764,luisa.palombi41758@example.com,"mEmmg8X*oIGZgxzUb0xt(5s%Wu1vB!uhYTG?4ZhGJ,)xPS9s$wIhTyRgPo*W#,@v)fO1T!4BPB0BJdEW#lVlSyeT)v8M6x9wRsp?pQtp3QVp9Q)T@i!Kp!gWZHc0CqYS"
705,Piergiuseppe,piergiuseppe,Traetta,traetta,,Viale Donna 174 Mezzano Inferiore,ptraetta1098,piergiuseppe.traetta50800@example.com,"2IXhnF3!$Nu&PZ@#w%lgndjDap16MbL0R9imDRDK0(M,Iuz?s4LAILUMR9B5buN&Am%Q(adWouB"
706,Imelda,imelda,Bernini,bernini,1967-08-09,Contrada Veronica 410 Giardino,ibernini3254,imelda.bernini81131@example.com,Wct&IeFA.3?Vu%00GJd50M1(i.a
707,Paride,paride,Gigli,gigli,1953-08-05,Borgo Mario 4 Fornaci Di Barga,pgigli5181,paride.gigli4489@example.com,"bjvWR?*ISORcyDyR.V%DZOMCqT#)ChuWlW##SS1#X*sAl2!nudOsU8,,n#TMVz"
708,Mirko,mirko,Gatto,gatto,,Via Contarini 90 San Martino In Freddana,mgatto9488,mirko.gatto98709@example.com,7meO6!BYfK
709,Bettina,bettina,Nibali,nibali,,Viale Speri 43 Gfrill/Unterland,bnibali8949,bettina.nibali96082@example.com,irE3xSPiUAn%V&498ja*CTg(Fm9QdCQf(W!k
710,Arnaldo,arnaldo,Monte,monte,,Viale Pareto 347 Serra Di Pratola Serra,amonte2588,arnaldo.monte23318@example.com,j*$0GJAMT)mxwnciEVMsHDmDBb1uDS100(hE%LBqP
711,Ida,ida,Corbo,corbo,,Vicolo Lazzaro 25 Vignacastrisi,icorbo7700,ida.corbo46072@example.com,"ZKxjS*hFGhc8*DLgf?zOjLGVA6R0%Uvq(s*y$7ALUOw.GY)3mC8tmV.@,vQPlgk&V@S4yN6l?SaGK5EyJ!7vRjUaMHaXinBrkzAui8ln$o#R2#XT4eJZ.u"
712,Osvaldo,osvaldo,Rismondo,rismondo,1985-06-21,Borgo Patrizia 4 Nova Siri Scalo,orismondo1348,osvaldo.rismondo76313@example.com,RYIL5?hHZS#*(97vrW3mYSk5?u%ZsVvBW?@4o
713,Atenulf,atenulf,Bonaventura,bonaventura,,Rotonda Salvi 94 Gresine,abonaventura4096,atenulf.bonaventura12056@example.com,"b1hzR)uL?5$brK$,sz5zu2s545Za9CHd#0jODRb.ZOZ@xxe.XuGJ3)nmje3eMI7*)DH$s0T(5!m8HfEH8$vo%I7FV$lQut*?XLYhM5$Zo5u*1pIROUHqQadU"
714,Marcello,marcello,Ossani,ossani,,Canale Eraldo 136 Boara Polesine,mossani1035,marcello.ossani58345@example.com,"U#K3g7ewN6c5uw9Y)O0Tj,a7t$fmKXb)3kR&aI8e.wzDQ.!HJSEFAsJvV$.&*s1PgZ32s?Jlzn*J.Y!I"
715,Marcantonio,marcantonio,Bongiorno,bongiorno,,Canale Natalia 352 Casalguidi,mbongiorno6596,marcantonio.bongiorno70769@example.com,"Z@L4gb?6NSH.kcql)eLEi9,W**V7J788*LfpsdcTcimCgl4dAAgfdkE.UOlv7v35JrsHS4D(w8"
716,Gelsomina,gelsomina,Malaparte,malaparte,1991-11-25,Viale Pisaroni 6 San Zenone Al Lambro,gmalaparte439,gelsomina.malaparte54029@example.com,"V1y?8pEJnNKhZ(uVdHT,csqBE2Tp8,4xXyc6(hjHCEssBwV4*9A?p3H1V&yDqt5nyNp2WR#8?R&H%7"
717,Pomponio,pomponio,Cherubini,cherubini,,Strada Giovanna 47 Campalto,pcherubini3704,pomponio.cherubini93064@example.com,"eUv8MaCdB*3ayGX@dh&Gxn$3nF1LW3!2aYwcPZiNd(v#)S8CA8pbWs$rn5rX!8gCPU@?N,aWlc@4p?atI#ylP9R#eGfuP0Njza"
718,Niccolò,niccolo,Loredan,loredan,2002-06-14,Contrada Umberto 1 Predore,nloredan3325,niccolo.loredan99724@example.com,"1Bp2wLgxt,(YDfZ#Bo2yk69SMPIDX60Ivd@dg6P4B.rGz&)Dc$eI.gRl!aAwq#dNslR!L$w$bA3M"
719,Edoardo,edoardo,Mancini,mancini,1961-04-17,Piazza Lidia 92 Limidi,emancini1032,edoardo.mancini67696@example.com,"XPlpp6CI7Ie6Boc,hvL$#HvyF7hbVRAgLxBHfEcGKaZ9p*UJ,2kIDQ3Sbyh5JR5IQTjxRuwn3ZNH5cchLr82xTX#P8E3)Cn0@Rsgj3"
720,Lando,lando,Scarpa,scarpa,,Incrocio Berengario 58 Collazzone,lscarpa6468,lando.scarpa69974@example.com,"y94Qo!MOcdH(0e,KeEyrZ!faT*!Q?@DPCz1L55Abk,lZ7c?Ef6.I8Y@w.i&"
721,Gelsomina,gelsomina,Vecellio,vecellio,,Contrada Amico 85 Fornero,gvecellio6840,gelsomina.vecellio79362@example.com,"ZNP(JaUQ,1HT6QyeYwCXcSwhf,OxzEE5Jz2u#AKO1et*vo@9WEDcX#ecV*dd@Y.,X0bG%owXuZS@rs6g81kYt,"
722,Donatella,donatella,Ciani,ciani,,Incrocio Ernesto 49 Alvignano,dciani4052,donatella.ciani41061@example.com,GI7AuNyk&%6?.l4dRtvSyQGY@ZGWfBsbPbaw2a@QG6Ngpe(cl89ueMQF0R(H?Yl7OBZST3EE!)Zz0RzLw3ycR%p6*Kg5L8hRs$RBFw
723,Luca,luca,Giannelli,giannelli,,Piazza Nadi 8 Stramentizzo Nuovo,lgiannelli8062,luca.giannelli81912@example.com,"ed(0(Q%RF4B,8@V3(y3,g89oH%,@7jo?WZY5@Qd.zzjA#3FyDWsm,VAcrHDNTw*i*V"
724,Venancio,venancio,Seddio,seddio,1957-04-05,Rotonda Ezio 39 Onore,vseddio9964,venancio.seddio43260@example.com,oi49dm$N#m7zegcTHiVYh51$.Uxt0F84)M?cy$mngltLpkNEVMUa96c3a!T
725,Licia,licia,Panatta,panatta,,Strada Badoer 4 Santa Croce Di Magliano,lpanatta2432,licia.panatta35521@example.com,"&5JrE@8ddk?)B7E#.4L*ccCXbH##E5i)&j1*VWg&nUrX2,#DT167h%vou57M*xRACU)LGbeNgWggZN%3p0"
726,Annetta,annetta,Majorana,majorana,,Strada Licia 269 Poggio Mirteto Stazione,amajorana7694,annetta.majorana18688@example.com,Sfg4hs)a@Y(iFN5#Ozm06
727,Patrizio,patrizio,Speri,speri,1969-02-14,Rotonda Trotta 4 Montelibretti,psperi5435,patrizio.speri54166@example.com,"InwAojsmLe0M0RjJk3&0AJN3Gy@%a$(oiQ!K$vOSKZ,dcq0w70a(u3?p36)adLdjpg9Ffje0b4?r4%CuhcS@t1P5DD314x4eA"
728,Daria,daria,Luxardo,luxardo,1950-04-15,Piazza Donna 39 San Lorenzo Al Mare,dluxardo2532,daria.luxardo40099@example.com,*O5IitbOG$cLv%O7cE6hWavww3UFUpqdm(F&FbS61EkfquT9Z@cv*BxS0E3P@6IPzVfXnEi6!gZLpgQY@dXHI1H7
729,Serena,serena,Turchi,turchi,1948-05-07,Piazza Griselda 965 Kurfar,sturchi2370,serena.turchi98695@example.com,"P#!bo0meGQNS8,hzPM442ewT7(ADt$)FPi.JBwXTvTclFDC7w2tH$i)yG2LhJ"
730,Bruno,bruno,Morandini,morandini,2006-12-08,Strada Pierina 0 Cambiano,bmorandini3762,bruno.morandini87088@example.com,"55biS$MTko4Yzz?Am7cc%,$C$C6IRi"
731,Alessia,alessia,Lombardo,lombardo,,Piazza Annetta 86 Santa Fiora,alombardo7752,alessia.lombardo28032@example.com,efkRrd?XsEuY8Z
732,Rosalia,rosalia,Naccari,naccari,1950-01-18,Via Guarneri 625 Gagliano Del Capo,rnaccari2032,rosalia.naccari53033@example.com,"OGoe4qCY?1tLQwr@e.J,,Z%7mqz3EN@V@w&FxGgKJhUsgHyl#O2@4q1%warD8s*q.f6&,P(J02Ut$a6Uxq*9XUvdi"
733,Ricciotti,ricciotti,Condoleo,condoleo,1968-10-13,Stretto Nanni 75 Balata Di Baida,rcondoleo140,ricciotti.condoleo595@example.com,"Ix4bc*.Q%4j3HFRxs4Xe,5jIdFf3Dj%1lrFIDdWLBIE)oZeRLj*r%o4LP%nBQw5KFSf6WtE3TANUAo*RS(wf(ez?POdfc#s0vH20wqq60pC1?(3cWgLvIrX)dM25FE$E"
734,Matteo,matteo,Tomasini,tomasini,,Canale Pertini 99 Vesio,mtomasini3767,matteo.tomasini97193@example.com,BRVi?!91Fj2YB2.m7q@g847bja@Ou.#&JX
735,Carmelo,carmelo,Pirandello,pirandello,2006-02-15,Vicolo Pietro 3 Barisano,cpirandello3064,carmelo.pirandello21861@example.com,?Q4sPryhvJ0r8*YuC(
736,Lara,lara,Collodi,collodi,,Via Benussi 851 Fadalto,lcollodi9565,lara.collodi91054@example.com,"xtJqMRQ@JvWm7X3ipU4Gp),3MFKMvNN(Oyhp4VOOCg6!@GhnmpdFuV*TULxm3V3j!M%,N?pSrO,u&e"
737,Fabrizio,fabrizio,Procacci,procacci,,Incrocio Galasso 482 Pastine Di Pontecorvo,fprocacci3713,fabrizio.procacci63929@example.com,"Fr0@cbq96N,o$JzXOtqc7H2?K11$A4nXJ3gSbrc)oi0blCSuTyfIOa*"
738,Germana,germana,Rossini,rossini,,Via Telesio 760 Molfetta,grossini7146,germana.rossini93653@example.com,"480Q2bZpMXEvrI1wB7!E,g1#u?a@GY9#sbfCe@LYcm@ME%E1dQy5z7O#,edG3bkUxDxSv@!7eQG8b1w!h#u3FYsa7,aBB#Zol#yCNkHwc$WLSof!Q"
739,Clelia,clelia,Cassarà,cassara,,Contrada Antonacci 9 Lanze,ccassara7314,clelia.cassara37392@example.com,VVt@CK8F#PHlR8AXyWMXXQ&0qGYn&FRsb$CwPX2t7TPfSQfIWle#G1#H!cf1*U?(o5j#BwnlLU*wS3lHYxGj0H.ANas*I@T7A
740,Geronimo,geronimo,Orlando,orlando,1998-07-16,Stretto Asprucci 22 Longiano,gorlando9749,geronimo.orlando25981@example.com,"%4xslpD%%GX*0!.O4odv16&HCqXeqi!RU6?QSK($Z7i*wJ$n.0sElpG)7aitQyUA,TbxR(JVxTQowq"
741,Baccio,baccio,Rossetti,rossetti,,Viale Sandro 96 Cosio Valtellino,brossetti6503,baccio.rossetti40932@example.com,"sprONr)dp#!@TcI4FwouF9#iu4UnOj4,cYsc7w"
742,Paolo,paolo,Ammaniti,ammaniti,1998-12-10,Vicolo Doria 74 Motta SantAnastasia,pammaniti9663,paolo.ammaniti49703@example.com,.Sx@9ho1@PNLsplvhA5Wg
743,Paride,paride,Muratori,muratori,,Rotonda Raffaello 65 Merano,pmuratori813,paride.muratori55856@example.com,"BMe&8F2EJfdbN,OiBs77lkov$3%d2eRsNLyXTJe!uM1W*Hd5MO$dYZ0EVM8J9(uD5W.J9T%C"
744,Leone,leone,Curci,curci,,Vicolo Tornatore 245 Volpedo,lcurci2085,leone.curci61238@example.com,"jn9%eJ!QHJ&3sEv6,oy?bIW.LS6SGcZqT1tw)wvCR&fA(Ix8F.1O$&78uu,cFH,Tv)VaeBe40E#s7j4%uL?ym@B"
745,Cecilia,cecilia,Salvemini,salvemini,1961-12-27,Contrada Broschi 70 Paola,csalvemini5857,cecilia.salvemini74050@example.com,Gk0bBQ!ik01Uyab3@MUh$pK0zdqFN)@J&p1S0Re9VURCw7HvAgyA?)q@@kQw2LDN?mMGEZwe5mfi?X3zNSN%L%sIbYtg!m1nUEJ4CRcg?si%n8%
746,Antonia,antonia,Visintini,visintini,,Piazza Ugo 7 Welschellen,avisintini6042,antonia.visintini11119@example.com,*1!zelqQ)U?Y&
747,Nadia,nadia,Conti,conti,2002-04-27,Rotonda Badoglio 79 Casenove,nconti9943,nadia.conti99854@example.com,"GqHE.$,hz28FdO)2.Xu$!#0qESILbhQpipclBVG6u%A?M?@UuM$s$&wcx)qWO0.2)L*y$du9K$Jt5X(zHINGiFS%,VF0fxAF5yiub&8"
748,Gianni,gianni,Gritti,gritti,,Canale Aria 6 Vigolo,ggritti4410,gianni.gritti30958@example.com,xFlZJvfGv6CXGvhDMcP*&U4Q0I5Q0un&?psyWp9BoOg)vV$i@Z*4Hq3H!Mc5hcCzBrc5)
749,Ippazio,ippazio,Galuppi,galuppi,,Incrocio Stefani 87 Vighizzolo DEste,igaluppi2944,ippazio.galuppi41177@example.com,"),c&vt1Hi)N1r4DFP&hW@4F0kqdJS76?hehYd,HdO)4X7dI2LuY5kDfqt%Hm0GA,hx4#jdW9OXf$iTjnLKXFKrdu&59fXQHLq%#1yF!.m&2r8IlVq1P.$7N&pGac41"
750,Camilla,camilla,Camicione,camicione,,Rotonda Nico 4 Malgesso,ccamicione3883,camilla.camicione39343@example.com,pa@D5gGHz4s$hXdZ?Yg9X.Gu(f4CqS11toMD)X$H)(c*.N&#THJ7(ZjS3dsH
751,Lando,lando,Maccanelli,maccanelli,,Contrada Parmitano 6 Caronno Pertusella,lmaccanelli7302,lando.maccanelli4635@example.com,"wGbWLAtcC8U4Z&hlVPuT(z1UVSj!832.ZJsAfg)wNlOQ5ZI,.9S5EuIlGx)!n3PzJ0RwL!zSy%kxmKwZEdrle4ah7VNOmlkSMGU.0@NH"
752,Camilla,camilla,Fracci,fracci,,Stretto Cuda 76 Fara Olivana Con Sola,cfracci8024,camilla.fracci30172@example.com,UwIM%H)Q4WFrPO&o)@pBkyYAk%GAeX0@0Y6
753,Giacomo,giacomo,Pellico,pellico,2010-08-09,Strada Arnulfo 32 Magliano Sabina,gpellico8412,giacomo.pellico18602@example.com,"ni)4hcn&2Nu!LE%cJbq#tHzPaDP!5wxJk**s2wH$ZYNj#Zutae#tjN$&RurxPLiK6jaoJ@r,Sg6TX7hAl2tk0NZSM8HcDY6wP"
754,Griselda,griselda,Respighi,respighi,,Stretto Mazzeo 42 Vignale Riotorto,grespighi5244,griselda.respighi42370@example.com,"B*mV!Vs1HjR&,U!j?p2&E,4sU1h4ybyA"
755,Lisa,lisa,Sermonti,sermonti,1986-12-25,Borgo Pierpaolo 17 Salemi,lsermonti6431,lisa.sermonti39247@example.com,"1mBMKv6M9gI(aTy29o,Bp(oPI4C%Z%UYDrdsKyYVYkIOjyjcLtW4v#fKcJD%A(wCz.uLAFfmHbZgNgozKRYR0xEZM9Ygin1C%$k"
756,Enrico,enrico,Gibilisco,gibilisco,,Vicolo Bonanno 8 Riva Di Pinerolo,egibilisco3046,enrico.gibilisco70381@example.com,"dhSrwhci8#Ac01u6%iXXG7Js#NQyO$p&Bam1XaWS*1cOV,FQUQ%1Pf0lM$A5j@"
757,Isa,isa,Cortese,cortese,,Rotonda Beccheria 466 Meletole,icortese6297,isa.cortese6144@example.com,M.GfBF4G($PTp)gQ$(93SLq(d*92hy$
758,Concetta,concetta,Bettoni,bettoni,1999-05-26,Strada Enzio 3 Calice Al Cornoviglio,cbettoni5263,concetta.bettoni17169@example.com,5C0!ACndhW#5MbQBZ)Y9ARt)t
759,Rembrandt,rembrandt,Cilea,cilea,,Canale Cabrini 7 Ceretolo,rcilea8600,rembrandt.cilea89404@example.com,"EJcX%!Wu?cj($#Voe*ZE%5dbnW(%GMtH?cEODMMiDYV@)En&z#rw0Bq2R,VTI7IJa8pOvEane$rO?5ZNG.j,MO0c)4Jy*cj45@MCK#"
760,Barbara,barbara,Berengario,berengario,,Vicolo Mattia 678 Spezzano Albanese Stazione,bberengario8462,barbara.berengario54872@example.com,m%YHzut1aNE!.j8TcyRwhjgsX.g)axDWq)(B#Xcra3
761,Beatrice,beatrice,Iadanza,iadanza,1995-10-03,Stretto Claudia 71 Tedeschi,biadanza2293,beatrice.iadanza99249@example.com,6OIC@OasP)rgq(N9aKhEq%Fb0kx5G8Zv5*.FyD&4cTuWlyzMoJ@MXE*#1ozY2k1h60
762,Patrizia,patrizia,Finzi,finzi,,Rotonda Marisa 15 Zwischenwasser,pfinzi5744,patrizia.finzi32794@example.com,"im2lf,,(c#ITL#WFs?5AWR03n6PBT$!umdWqyoZ.TX?0HhSDcz4sEl6uajkJ7.r3m$4n4mU34u%qz$E&2i)rjzTDzkjZKxt"
763,Lauretta,lauretta,Zecchini,zecchini,1956-06-09,Via Claudio 66 Milzano,lzecchini1041,lauretta.zecchini23794@example.com,"MtbrCLYM!s8Hb0%8!tHfXarOiJirzTpUg*3K303CjnT,qkRd7(q$,owk(of*$g!Sq.#).1EyGWi3G,7#ryNmvTnWRPtNIxb&19.J)lxX(W6Y4(6nx,8lJWhK"
764,Marina,marina,Einaudi,einaudi,1993-11-11,Viale Prati 23 Santa Veneranda,meinaudi6829,marina.einaudi90203@example.com,1P92$XYo1m*pdPq?E
765,Osvaldo,osvaldo,Nitti,nitti,,Incrocio Garobbio 80 Maletto,onitti847,osvaldo.nitti41450@example.com,1d?kH7KO?R9$omt6Hys*
766,Maurilio,maurilio,Maggioli,maggioli,,Stretto Vincenza 660 Santa Croce Di Magliano,mmaggioli439,maurilio.maggioli1672@example.com,"n@?@8SRS7E6SAwEHt4ZJD5RoM2Pvzv4hDsZfrhHbJrfbcFOsib9k6cnajDnR2Cpg!18!c0krr,YnI)J3SxfvS.QT1Akxv?B"
767,Salvatore,salvatore,Cesaroni,cesaroni,,Piazza Lussu 382 Forno Di Fiemme,scesaroni7720,salvatore.cesaroni87537@example.com,Sp!&qgn@AOMP$YNXUE5ayUndJ1#s&3nhop27!l@Qazv6
768,Atenulf,atenulf,Santorio,santorio,1987-11-20,Piazza Lollobrigida 856 Orsogna,asantorio3925,atenulf.santorio26780@example.com,"HPdoUTn4KiG%4VwDjNKR?VMgenu%?%2.U2,n?PjoZxW8YX%zWhvtX9oKTH$aM1wyNORvP*IVBJOHfT$OV538Kb5voWsvTY$Z(pm%m!vAw7NzMPo7(Q!Y7dFAVz@%p0RO"
769,Luchino,luchino,Nicoletti,nicoletti,2006-07-09,Canale Caironi 42 Pozzolengo,lnicoletti2404,luchino.nicoletti2224@example.com,"C$mHFoTl8,n55ctdW75idFMVOoc!uJMuedD!QVy4XqpgWyC!sO2,Cm4VWZJCN&p#Wc#NRuO!aZsUCS#Aq"
770,Federica,federica,Michelangeli,michelangeli,1968-03-11,Rotonda Santino 97 None,fmichelangeli9222,federica.michelangeli79125@example.com,"Hhd@2CTuH(1wl.oPPrPUyE4*eL(WY(ilV?9NypW!@HpaBwOA)$,4ztawj!6E%m?bi&uD*C.61*s&*UxIY,4s?$Pv(SOMv,sN59aP*Rh4"
771,Alessia,alessia,Palombi,palombi,,Rotonda Luna 3 Combai,apalombi5115,alessia.palombi22235@example.com,USSJ%7iQZ%47xcPubRU0XNE$9cgZNfrM95$)G7fq5dSCL8kmJP47Z.G7DIY($HKjlB!HRF&GJbw5
772,Carla,carla,Manacorda,manacorda,2010-02-28,Strada Rosaria 2 San Salvatore Di Montecarlo,cmanacorda5269,carla.manacorda66808@example.com,"Tv28)zbMMltX!AjQUZ*!hpk$LjuXTymlvt4cWs5,IV%InR#LBX9WMjJO0%U"
773,Roman,roman,Fanucci,fanucci,,Stretto Hugo 583 Ca Rainati,rfanucci9769,roman.fanucci64362@example.com,MIiJ1BT%t2ljN0JfEt2C24RM7Y5Q@SYvWwxjzWjbRO97RQ!%D8u
774,Calogero,calogero,Angeli,angeli,,Incrocio Sandra 64 Ficuzza,cangeli262,calogero.angeli64782@example.com,zelRJ&Q*C6$X%5QJ8VE$wRwQL1#xLdcBQ(gqXQ2*b)6ZvD0i$
775,Dante,dante,Turci,turci,,Incrocio Monaco 56 Caderzone,dturci4660,dante.turci81175@example.com,kZTVkqBHjk7H(wlwXZz24wR
776,Fortunata,fortunata,Nicoletti,nicoletti,2011-08-14,Vicolo Flavia 19 Lu Tintimbaru,fnicoletti5220,fortunata.nicoletti49353@example.com,aSKqfnf*U!ejcZiM5zqsGwvH2#KJBqMg48lQ1!%sboCI2Yu0At1iP#4RyES7
777,Donna,donna,Bernardi,bernardi,,Stretto Antonia 3 Borgo Nuovo,dbernardi6485,donna.bernardi67653@example.com,"tpuzl4oV%9a$4y6ERqZ5@idV,RQxbX7Xpz@kTjl!Z5x9SU66)g&Xdm1*W"
778,Caterina,caterina,Bianchi,bianchi,2007-03-28,Piazza Tamburello 96 Racchiuso,cbianchi6241,caterina.bianchi17385@example.com,"A(vKN%8N3g8n,IOPhgzwxgEeLqCg1u1I51f$U)M8VaN02$aKiRxNMCoUrf4DiPCc$5(%pCyTsES%BR8PwaMU19qYaMtra09ZrA0k5T5c%L!"
779,Adele,adele,Tosi,tosi,1947-04-10,Rotonda Mario 54 Natile Nuovo,atosi4889,adele.tosi70702@example.com,"eX.7vOgb3tcDe#a7nr.oQe9)vl@Hab!yd#$wu6Z2YL1edB1s@v!cBDKPqwzFnHP?wQ0uy9vX4).jKyy0xU?aXR7BuMbqTzzmv#YARgv4,MAAq%y@Dw6O*"
780,Gianpietro,gianpietro,Dovara,dovara,,Borgo Zeffirelli 4 San Placido Calonero,gdovara8382,gianpietro.dovara5494@example.com,p*vNX(D!3Q1ff)vzJF
781,Fabia,fabia,Casagrande,casagrande,1954-08-14,Piazza Scarpetta 87 Ziano Di Fiemme,fcasagrande2119,fabia.casagrande11703@example.com,"BN!8%eJQfGlsoI7cHwBp)v4cef&4?45Y0&,U9?3E2&wwrE*8KL7$5*s4peE,$KbbfnH1.Q#l)4TJHUKUGH3ec1x*i?aDATzCPT(0P2Og,pGaZgElOhm%c"
782,Ciro,ciro,Canova,canova,1947-12-24,Stretto Sonnino 12 In Via Gioiamia,ccanova4672,ciro.canova14566@example.com,"B,4AIdLHdSRAwiwJ!Fn#grcInReh?GlQsat4C2.PkNsv4?t@ELmu*vL0@AK8FI6k,L4XvRsr#!eyq2)aA$!xecGCXW*kj?"
783,Adamo,adamo,Tarantino,tarantino,1956-06-09,Vicolo Silvestro 70 Beura,atarantino9368,adamo.tarantino87144@example.com,yS0u5Fqxgi9gq$tbJ*eDw66um3E*EqRKw@p$Cmu44@XX)3Dj2c6h.X!djGT)ezc
784,Romana,romana,Chindamo,chindamo,1969-09-16,Via Erika 138 Nasuti,rchindamo1401,romana.chindamo70516@example.com,Ip*7N0$TRgdvfg*?@Tf@1bun6)gZ?
785,Vittoria,vittoria,Procacci,procacci,,Contrada Ettore 63 Dussoi,vprocacci9944,vittoria.procacci63329@example.com,Bzis%5r6fCsM
786,Liana,liana,Franceschi,franceschi,1954-11-16,Rotonda Mario 5 Porto DAdda,lfranceschi557,liana.franceschi76041@example.com,H(XLC.xVxMXFv.trW?MEHXfVV2lZ?nD
787,Greca,greca,Baroffio,baroffio,,Stretto Girolamo 58 San Lorenzo Di Vasto,gbaroffio9670,greca.baroffio55114@example.com,"*&Zp$tOZwJwLoFH#44H#j,Nmqfw915fB#dieocOKA@(luRWFPAEXa5"
788,Sabatino,sabatino,Cocci,cocci,1997-07-07,Incrocio Dario 743 Pattada,scocci6488,sabatino.cocci99776@example.com,"VnhMOXA&66czPOPW#vVPt4KraaR)wRO97mvvglQ*KU%YDfWDDeq*Y0M36Sec)a!?7lQjrMKVfv9xaCv(yau,GQ9yty,CZ4HB3AVFPRCgEqn33WanqqQy,BlAUszXxdP"
789,Leopoldo,leopoldo,Venturi,venturi,1981-06-01,Incrocio Federico 3 Minervino Di Lecce,lventuri2550,leopoldo.venturi84124@example.com,"p8isUZ2.d*z.lZXrw(ya1KCLLA3jH6LpJce0N*y6SI&jc#FDsMRIHBuBH8SDOVapuFoY@(BH8f,2BJSf!dXPfqa&J!zwQM8#TX$?0qlo(01EB%Dn6m"
790,Angelo,angelo,Brichese,brichese,,Incrocio Caccianemico 3 Ospedaletto,abrichese886,angelo.brichese73411@example.com,z((I5EwKw&FQ8
791,Annalisa,annalisa,Pedersoli,pedersoli,1982-05-10,Borgo Rossini 19 Lamoli,apedersoli5182,annalisa.pedersoli72786@example.com,"L5,Nc8)!JO98,F*R28L2FYtOEqz3JiILg3Ojssuu)ILHEHO(BPlAgL2Bp3Bzk&(Pvvf7pxsjn4z@,3dvuGoszb!Erpw9hwv7Y!,9Too%hJo8WfmJ*e%H"
792,Anita,anita,Detti,detti,1999-02-13,Rotonda Mercati 571 Puginate,adetti9767,anita.detti40994@example.com,BgSt2D?OuW*42eG?dsJ(XKT&.8hyNNacIps)V@XRK7howD.JxoaY2Ul7L(Fxgvkm65e
793,Gianfranco,gianfranco,Redi,redi,1992-03-27,Piazza Severino 83 Castel San Lorenzo,gredi6412,gianfranco.redi9152@example.com,1ra#mRFpZ!PdyVn
794,Livia,livia,Tasca,tasca,,Piazza Oreste 1 San Benedetto Po,ltasca6367,livia.tasca59548@example.com,"?l0zhns)T2T4pxU,!rLSeuBBzzYpuZwyBErHS#VM@0v8J(f4f4u6Sb*dvgEL8bHqcSC)f7Be64$wyS5nv5w!UF4TCJ93gqrSji@eqIdUV**96O@b?gb9m4"
795,Alfio,alfio,Campanella,campanella,2008-04-04,Canale Ignazio 14 Pont Canavese,acampanella3365,alfio.campanella91036@example.com,E@%h#eyS$&HZw4q
796,Antonio,antonio,Tagliafierro,tagliafierro,,Strada Massimo 336 San Martino Bassa,atagliafierro6348,antonio.tagliafierro42263@example.com,EE1qh#m7AW9!!cg2C8vCzc5Z7Dp880t.@z$zIY)q
797,Liberto,liberto,Morricone,morricone,2008-06-05,Piazza Pierluigi 921 Pezzolo,lmorricone7431,liberto.morricone18056@example.com,Hwt&8tP)7(ceW4E0w&qHYdBuhf%1DAvAQFdqbb8
798,Annunziata,annunziata,Polizzi,polizzi,,Rotonda Nico 0 Confienza,apolizzi3364,annunziata.polizzi8940@example.com,"mPe)HM*U,?r4C!L?ScOTr*i07hizCpKcpDt,)O#,xVL!UsYuo0mgE,PqJ5q.NtVSEw%bBlSwTswg@aDerGokw1PHNX$7fCR*Nwl(3JdhMmcSQ?t5eA?u9P1SX1"
799,Piergiorgio,piergiorgio,Palombi,palombi,,Rotonda Procacci 55 Surdo,ppalombi1931,piergiorgio.palombi29187@example.com,qbdtlnhZes?vjl%9$EJRNiHd@oz%%cmL7G)J114C44n?#.ErGfre)L8jz.pshxZN.O?w6XH7DbX$5RqIIE.vQ9z?N$4K&$GNPbu2T7h2$@f%p4DI6sdnrmL
800,Cristina,cristina,Babbo,babbo,,Stretto Rusticucci 24 Novoli,cbabbo9650,cristina.babbo7644@example.com,"y%?bryleS52Gizbb6zOs)gP4lartN@(yD?CZ%,?@$qua#Rs#R$e)W)t%bQk87FhLxKa2fldEQKapA@zR6iG7CL,Nq7I"
801,Micheletto,micheletto,Baglioni,baglioni,,Rotonda Fabbri 0 Rivarossa,mbaglioni6088,micheletto.baglioni4061@example.com,o!2%#6uLb*uiZ$w5isVh!rdcwDhJImNSR8wf6SX%gT0pJr58u5ZDdq@1mHUm1QFhoB5!kevDv&cxVBCWia47cq6u
802,Rosaria,rosaria,Gualtieri,gualtieri,,Borgo Donatella 656 Campodolcino,rgualtieri1178,rosaria.gualtieri53024@example.com,*&I).Y!VE85VqbkJPneSHwaSwPE3f$FhK)*CZyNvo?9OaO#TP&LnZ$yN?T6$w1b#y#lbIy4v(EDS!B9e%(DB.DoMtYbUSlAJ5Or.a%9?ET9nRe1uNqRGnQ*N1
803,Paloma,paloma,Altera,altera,2002-09-13,Via Tullio 7 Villa SantAngelo,paltera3117,paloma.altera81873@example.com,"xGNB5kquj8aeh#%@dC9o9!VuU%ZqbqnaqTeZh8jeW9mV!TKnP)Msc$ha6$%wsTMflPlJvO0.@nMc837G#E!xNZ6kH,ivMMcCNKJSH#tQmCibYzI&bF#Qu"
804,Ugolino,ugolino,Franscini,franscini,1969-08-08,Contrada Carfagna 6 Divino Amore,ufranscini3754,ugolino.franscini77922@example.com,(crY6oVIR63fqwT4xB3Y4dTc!XB3PO5TzBjtsj&yQ2Z0cy0fd8XANqhd*989QcIo57?RC)QvYEdJ1a(Y
805,Guglielmo,guglielmo,Granatelli,granatelli,,Viale Gozzano 252 Luns,ggranatelli7097,guglielmo.granatelli19845@example.com,QYzNi8zIX(jH7Ce5i)2Q2&
806,Matteo,matteo,Altera,altera,1958-07-21,Incrocio Mastroianni 834 Credaro,maltera7167,matteo.altera10281@example.com,90BIa@.mHY!wchyjimaCH0?
807,Pierangelo,pierangelo,Vivaldi,vivaldi,1967-03-22,Incrocio Elena 8 Beverate,pvivaldi5966,pierangelo.vivaldi42940@example.com,EBq(vw3IX(xC3ID75Cc3U.lB$H*Po)0kdcG*xlL25DZK*9
808,Pina,pina,Ovadia,ovadia,1954-06-03,Borgo Cicilia 49 Antria,povadia255,pina.ovadia2602@example.com,iC8KHvz4tgBolfXr1cd&H%sB0nz?Oxbj6NsHyK?TyL@fvEpk3PI10@$VZAl3tO(uW%
809,Bruno,bruno,Mimun,mimun,,Strada Franco 77 Castelnuovo Di Garfagnana,bmimun8173,bruno.mimun10382@example.com,!8ANE@T!PH.n@phrJ%xOFKF@snqs*RxcepHJ1cOaRQI
810,Nadia,nadia,Disdero,disdero,,Strada Paoletta 4 Terontola,ndisdero2584,nadia.disdero51526@example.com,k?JGC%*ty0xfqkJN#Y*#d26EZw43S*OXyH%(M7K17#o)&NSGrVm@$RK&A8PTYMpbYKwBXe76eqceWV2cuxdF8vNT6JE
811,Emilio,emilio,Calgari,calgari,,Incrocio Toselli 1 Borgosesia,ecalgari7571,emilio.calgari23604@example.com,"hxlwQREq8kB0CQS&fZ,cMvcre%QKlrt2B)eTNDM(63kqzq.x?gM9cEkXg5VXgjm.VCB)V8M"
812,Domenico,domenico,Bernetti,bernetti,,Contrada Edoardo 13 Gaifana,dbernetti5658,domenico.bernetti75791@example.com,"hQDfa0YUuc!D)&&enuK*W#YVeCjtajjqI3I9JkI?L,S%pF#ZX??tdP(YRzzrW.c@4Oeq20q!hmnOC)fV#0*a3$cB#uhv&ddL&N1.#F(I"
813,Gianmarco,gianmarco,Savorgnan,savorgnan,,Contrada Ermanno 91 Catena,gsavorgnan4632,gianmarco.savorgnan31404@example.com,"hX*lErBgNXIK8Ur?fLk$W6JVZMzps37,hy2FE6v.KiLehoFWXkodjex.%,C(Yac#nyxhKlRNM#z#LstMwI84&gvNY)m.S*RbkQ.w$304WSdvv"
814,Valerio,valerio,Micheletti,micheletti,,Piazza Ricci 54 Campremoldo Sopra,vmicheletti5999,valerio.micheletti39714@example.com,7k$QS$y@5ibW7@Clqn!LVrq8hFkTMz
815,Eleanora,eleanora,Spinelli,spinelli,1976-03-24,Piazza Eleanora 79 San Nazzaro,espinelli8796,eleanora.spinelli56545@example.com,DgYawc7.%uoc#Dm#fa89oM!Fe!yN%9Ew)Z#cri42Kn)L1uxd
816,Giacomo,giacomo,Segni,segni,,Stretto Brenna 9 Casez,gsegni8934,giacomo.segni42726@example.com,"FYU0#wsDBeFYmUbl2WYkfxg#wHK#kKXA6BfyDJv65)RHYQdhYnTCPH2b@WDE,q1#RU,KJS)%k0xR?8n5Hfj87mA36hR&1s%6HA9SyZ9py3HH!ohifeCU#JUCQvP,F"
817,Alfredo,alfredo,Giannuzzi,giannuzzi,,Incrocio Missoni 284 Massa San Giovanni,agiannuzzi6597,alfredo.giannuzzi96117@example.com,"yk6LzPBps@lL#f*6s#?u8f$A7,1V(Ao(wH2L"
818,Maria,maria,Iacobucci,iacobucci,1992-01-27,Vicolo Paolucci 634 Gaione,miacobucci4515,maria.iacobucci86509@example.com,9(x2QEhME4BBz9ScwK.A
819,Benvenuto,benvenuto,Pucci,pucci,,Canale Zamorani 2 Villamarzana,bpucci3200,benvenuto.pucci76809@example.com,vzE*MVOsvg&7z)@yu)8Qb@v2s16G5E18inE%RG)ij&.KA@Z)$Rl8reCm!FJTMO@t
820,Roberto,roberto,Pederiva,pederiva,,Vicolo Palladio 39 San Gillio,rpederiva6360,roberto.pederiva61838@example.com,"?s%mVW$HtT2TVJygh4kc%x*?OmY#u,K9*SSaIHs!vlvU8)$LqO5mO4KUeZsleeix.ljhZ#N4NTmiq%i8IHoOY2acVQYn"
821,Simonetta,simonetta,Amato,amato,,Piazza Telemaco 365 Nebbiano,samato2245,simonetta.amato92466@example.com,",sy6$V#sZW0ELs1KsNRjTMI#B&l7@WtVy)Q8jXLPp(#OtEu2Q74Tu*y.UH$jM*nKcfYVtVrD!.@!qKSsKKydRqTyxpfTjayoH@ufhqIT@Wb,kLnb7zu?BFQ(!Dt"
822,Elvira,elvira,Ortolani,ortolani,,Vicolo Falcone 4 Valledolmo,eortolani9402,elvira.ortolani52636@example.com,&x.x#vZzQIjPXZ)1A&bNp)Q&R1MA@S.?7PX6
823,Ivan,ivan,Valentino,valentino,,Stretto Martino 47 Domio,ivalentino3535,ivan.valentino82928@example.com,o0%&BLMK78VVQUZd5LxB1TFOnBGOww9
824,Marissa,marissa,Rusticucci,rusticucci,,Piazza Roman 11 Casale Di Teano,mrusticucci6555,marissa.rusticucci17471@example.com,BwpYFJsPAPf$%5jWhap!CQPk$r3f9uQ$()j86L@9.irS4
825,Benvenuto,benvenuto,Murri,murri,1985-06-23,Vicolo Zola 75 Passerano,bmurri6583,benvenuto.murri31173@example.com,.ILC&0EC2yJp(s&%nT%2&
826,Annalisa,annalisa,Blasi,blasi,1987-06-19,Viale Adele 1 San Michele Delle Badesse,ablasi5241,annalisa.blasi85016@example.com,BJuAf!IwlwBqH9ZI277sVs.5Fy!9Rd6Q?Cn#Ec%6rzUpZf?RT
827,Damiano,damiano,Canil,canil,1954-02-28,Strada Giacomo 32 Piandelagotti,dcanil4290,damiano.canil1518@example.com,nL$Ee93xkSL)m?
828,Beppe,beppe,Florio,florio,2006-04-12,Stretto Petrassi 24 Santa Teresa,bflorio9961,beppe.florio48045@example.com,"hVtp8T&4&kv3A%O%73f8K$?hMZ*MEvt#91Sg5aRt@ZGNlU1fJUU(4NMJ3p,WHmVSp@)7WQHbThnKZcdr"
829,Salvatore,salvatore,Tremonti,tremonti,1970-10-21,Canale Azeglio 16 Equi Terme,stremonti2214,salvatore.tremonti39248@example.com,115$Q0zVhO7?zc%kb!3(S*c!0hSs7u8RN5tm6e$.2mdCZbQP7wwJOwiUw6FK6GLzRDQs$WdT0*hBZ#gTKAS
830,Massimiliano,massimiliano,Fusani,fusani,,Viale Fabrizi 723 Camarza,mfusani9890,massimiliano.fusani54297@example.com,7?xx&@elW
831,Arnaldo,arnaldo,Morellato,morellato,,Contrada Praga 917 San Bonico,amorellato7498,arnaldo.morellato57415@example.com,Vy3J?$1k1G6hnmc(s3h.ZcPGeF@L0O0o3J5K9rfd8sLL
832,Mario,mario,Rensi,rensi,1953-09-10,Contrada Berrè 2 Villa San Leonardo,mrensi5074,mario.rensi72684@example.com,"7,GT0Yp!(R"
833,Valerio,valerio,Dallara,dallara,1981-03-23,Canale Lodovico 66 La Spezia,vdallara6047,valerio.dallara65574@example.com,"T8)1yq*ytaYki95DWfVyhtxfb.7p.)tLCZL*nfs,JsBc.fZ$W)19n.(DaDlIou.nSq!?4dGkkyWg(93&Z0No#(Z6cz@bVpuI1R?.jG7RR%2rUmzwWsCRodgAM"
834,Ezio,ezio,Ortese,ortese,2011-08-30,Vicolo Rolando 316 Rosolina Mare,eortese8443,ezio.ortese95762@example.com,?pnSVcsk&2M?3.z#W%U0z*9P(ELBYSkvn?.&?kvM5&z7rRjk%wpgBaLfRQ
835,Leone,leone,Magrassi,magrassi,1994-08-25,Stretto Bianca 8 Scoppito,lmagrassi2251,leone.magrassi52957@example.com,"ZX*48y#vNSa.ODF?McgyT9uTGFYF&*JXfkF7#8EvcWkhY6$tA?d8uhq)fauwj.GuKSxy4um.x?8HSoxbyr4Rbc1,tm!L"
836,Toni,toni,Righi,righi,1989-03-09,Rotonda Elisa 268 Bordolano,trighi4504,toni.righi57769@example.com,"R4%asRbCC$@Ob3IZmf?ABepps$3Z4w5@K$?&R),RD@$SRNEKgJJQ5#(g7.1k&Av$9oHdhm6j1QQ$QafVJ3*esLl"
837,Ottone,ottone,Sorrentino,sorrentino,1979-02-27,Contrada Pagnotto 82 Coassolo Torinese,osorrentino7968,ottone.sorrentino59882@example.com,7wK#w(9hlH8
838,Dino,dino,Treccani,treccani,1986-02-09,Stretto Semitecolo 97 Ton,dtreccani8105,dino.treccani17391@example.com,cX9(%chunU.rkr!SaFypXbY!j*jshGVpB56DOEQhRa5lfB(G5TOT8dTc((x%8Oicsl#G.FtytmUxw*
839,Paola,paola,Cugia,cugia,1986-01-22,Rotonda Michela 440 Capo Spartivento,pcugia6411,paola.cugia17390@example.com,hU2hY(#0ldQSrqHOT8?.x7#CHn1Efcr
840,Eliana,eliana,Bersani,bersani,1988-06-22,Piazza Poerio 5 Faleria,ebersani7197,eliana.bersani3407@example.com,"5e?3#0))$dl4.veN@C(UO?cTkU98wyRO!Q$wjWRC26xRf!(kmpBwmK&w19y#DvXm,X8iU32WGI6N1yE0p(Y.7C%EgOy)0x8(dYVtOvZXZG6T##!9Q#5@pm#bVK6L"
841,Enzo,enzo,Bocelli,bocelli,,Incrocio Folliero 8 Calzolaro,ebocelli2747,enzo.bocelli54817@example.com,",@Rp%A!FxFUBVaT6V$ldxCVSFuB%l4%cSNLx,?%0bv0Q4?n28VAL*wQ,sF,z6c0N7N4oz"
842,Alfio,alfio,Anguissola,anguissola,,Viale Filzi 169 Nomi,aanguissola8179,alfio.anguissola71117@example.com,"29bnC,?mKk.sGcbD8X9n9Pa@xVm&rcAQmhL*xxE.E73f%flyyowtX0poEy5iF$xbc#rr6m8.l&R8Avm(f(rVoV6.6XuN7i5@"
843,Paoletta,paoletta,Cuzzocrea,cuzzocrea,1976-12-17,Stretto Ajello 14 Talamello,pcuzzocrea3279,paoletta.cuzzocrea92025@example.com,"MQrdhp*97hLF&oQg7@,e!KC&aE%E6RNvRWfa@wyUNi04wJnDbIJS?0iuB45wRG7DERP#vECG"
844,Orazio,orazio,Desio,desio,2001-04-24,Rotonda Vismara 20 Puos DAlpago,odesio9890,orazio.desio46222@example.com,"2I4yMj&luNJGM6EqY?mJLVX,suchCZ9HR8IPgh!9ISX@#OUbSW,v"
845,Fabrizia,fabrizia,Antonetti,antonetti,1998-07-22,Vicolo Scalera 32 St.Pete,fantonetti144,fabrizia.antonetti63692@example.com,"Zz.r#1EKpHI9N,7CfavGs.SI*zVX8lMjsrCgPVTRTVBwWPv@w"
846,Bianca,bianca,Scalfaro,scalfaro,1946-10-28,Viale Sordi 82 Colle Brianza,bscalfaro7487,bianca.scalfaro31452@example.com,"&7kvKnzL(QMgY%)9419*6(K?Qy&f5ir)v1M,(ah#un8&3aYvChT1#17GprL?qbOoJSvD(?.LtR?WD$YgjUmeJ?QrmsUQyF%UFl5qNEazvG.bDSiWM6e(9bpF"
847,Alphons,alphons,Vismara,vismara,1946-01-10,Vicolo Interminei 9 San Bernardino Verbano,avismara4833,alphons.vismara51760@example.com,"NrTLQ2mQIvQ,8Y4GOGY2UKEFJSsX@1b)tnha(7Q6a0L"
848,Torquato,torquato,Geraci,geraci,1999-10-31,Stretto Rapisardi 71 Fisciano,tgeraci5189,torquato.geraci65834@example.com,LKmfu22#3!XNQbu6SNKfot#R.%fIqtYz(CQ9D#2aD*mBmI)hbE&2gB6k5q8$4Ul(ITdb5EH
849,Alfredo,alfredo,Accardo,accardo,,Piazza Bartolomeo 511 Siviano,aaccardo1952,alfredo.accardo2448@example.com,)ca@4k6sv(&?09s8Hv*stJU9YJeCdax!w.Zc@pVs*dB@j@@%seqjlOt&Ukh5)?@Hhu9!)Wo8&oL*8iZ5Fd
850,Elisa,elisa,Agazzi,agazzi,1980-10-19,Viale Pugliese 5 Robbio,eagazzi2611,elisa.agazzi56084@example.com,pa$m@O.*RRQ)X*!*z0@G
851,Alberto,alberto,Mercantini,mercantini,1967-12-23,Viale Crespi 2 Virgilio,amercantini862,alberto.mercantini98743@example.com,SAS2haQPL2&8NV$YZUupC@&UcRJX4o#A!uCAlRNIU(Ag*mmy7A53piki!D8U3?b!y
852,Ermanno,ermanno,Montalcini,montalcini,,Via Renzo 6 St. Josef am See,emontalcini4583,ermanno.montalcini32195@example.com,"OJkhJVUW5tCSvM!9kxjZ%$.GpbjMjQAg3xK,9Qv?9y%)9liC)jAFQPzsR!V"
853,Adamo,adamo,Gabba,gabba,1963-09-08,Strada Moresi 29 Poggio Murella,agabba9256,adamo.gabba82928@example.com,uuZR40)HHig)RWPvIH7iEw4t9o&W0NA.9P
854,Giancarlo,giancarlo,Porcellato,porcellato,,Via Boitani 93 Noto,gporcellato5999,giancarlo.porcellato14690@example.com,"tR1S#GZYSHj3P3pgA6GY,UDU5#Ewa$$1?UDn$4@W%Kh1?ZP95$#)Ws@Tvf@&f)Iur%UJY9tezATjCl6K%FaenI2%uBbR#Ft(LFGpClOs#Xzdo,l6S5%c"
855,Achille,achille,Panicucci,panicucci,1992-01-28,Rotonda Sansoni 861 Pozzo SantEvasio,apanicucci9098,achille.panicucci87918@example.com,"FTG$$WlWHNswefcxx3oY)?xE2y2vbjZEZG6WFZ%VA7nqEfLJB1x0fT%mLDX(*jTfb2ZkMRUbH?z64@ALam7P5m,!4hNC%w"
856,Coluccio,coluccio,Zanazzo,zanazzo,1990-03-23,Via Grassi 494 Cherasco,czanazzo1243,coluccio.zanazzo61529@example.com,A20Cmm5$uasarcQr?J8?L7UA9UX%Wkxar?KU
857,Maria,maria,Scarpetta,scarpetta,1969-01-09,Strada Ivo 8 Francavilla Fontana,mscarpetta8642,maria.scarpetta11606@example.com,"WsORke9md0CtDD15jL6B.KFAfk480#fkBLD(*5&$8B,)Ec*mIkdxd(9@s#0be?Jon!#YEj?aEBNakmQVp8v!fh0.j.CudVXDG"
858,Claudio,claudio,Morgagni,morgagni,,Contrada Clelia 992 Montopoli In Val DArno,cmorgagni8386,claudio.morgagni63323@example.com,C409J5)7czpz6iJijjBK.X7159A1pV)O00jyQm(SAN%JPwNf3ES)PTYgkE(xg%*8ux
859,Carla,carla,Murri,murri,,Contrada Severino 8 Airasca,cmurri1336,carla.murri18317@example.com,#VjurQ%wdBDYc*21i6aAxdr%%K)hBD?4b4%Po)wGQ@ttZ3RkH6BRL&gXGdbj(Oul35@e!K3i$ImLT#gTLo&S(ka1*MkG7h%
860,Enzo,enzo,Schicchi,schicchi,1969-08-31,Viale Carla 80 Ula Tirso,eschicchi1714,enzo.schicchi50119@example.com,iT7%CnoNB9kojgEu3kku$!v9!O@A)Ign#Q4ElnG$83WThLED(fjxADGM&Q5!7s(&mQmbolBD0ImDhJ3(oj2ynxWi4SKz7Dsnf9MHOCI5Wg%KeekNY(CeXMPRUxV9dP$
861,Pierpaolo,pierpaolo,Volterra,volterra,,Stretto Riccardi 3 Zinola,pvolterra5143,pierpaolo.volterra18836@example.com,"Cw5Zd,o3XXnpPU6*n8.wA3hAlj#d27MEYr,nD9O1l9D5kM32nop2R6*NcqkK4hr6F)KtI1*jTpp&vqSEKJ0jAMCQ0NfuNmrffO&v9q(KKXbB6oSPz2)h8XnO4Zz"
862,Ugolino,ugolino,Juvara,juvara,1946-09-25,Contrada Barcella 899 Abtei/Badia,ujuvara8312,ugolino.juvara18603@example.com,"66s)kaxmS4?M.?)v4F)T$xKbw&jIpYQul)&O%Fn!@v#mIn$&wcmrn7x*z,X*v*J2kY(Cc*P,Gxe.XquL2u0!$eFTgLAJq,9OkeD$CD#ip@yRE?bFL!RCRBW.pbUH"
863,Roberta,roberta,Bondumier,bondumier,2012-02-27,Canale Scarfoglio 895 Trinita,rbondumier1382,roberta.bondumier3142@example.com,jMogxSI&2Da9Tj5BMzwieGTYSya2en&k98Ew1A
864,Adelasia,adelasia,Flaiano,flaiano,,Canale Villadicani 363 Redavalle,aflaiano9607,adelasia.flaiano39053@example.com,"649SK,ZB*aWJem$IwFgHEBCbmdUVUO$JPQF9,aZzfYG00FgwK)J#jpVXW32YW2)Yr(."
865,Ivan,ivan,Siffredi,siffredi,1967-04-14,Rotonda Elena 43 Santa Maria Di Sala,isiffredi809,ivan.siffredi3508@example.com,voy$sYhQ7l*bpwI$Aj5RFhAW)S4QX6KtFsDq86jrL&@7QhCkSP
866,Paride,paride,Bruscantini,bruscantini,,Strada Lidia 578 Trarivi,pbruscantini2442,paride.bruscantini62867@example.com,".K*YPt,1Q#qQbtBJRp)xSf#.92RcN#?$R!(b7H8V%zZZ%ZP0Hc&hYNtxekGwD7)(m?F)AUQ"
867,Stella,stella,Stefanelli,stefanelli,2004-10-06,Borgo Versace 97 Capanne,sstefanelli7369,stella.stefanelli64724@example.com,".%x8syk&mtbS?z?9yB.38r3ymGqm3o4A,HUr8jQ7Jd7M2#Y0?(q!x,e92VgBnKz0Lj)WMA*U%!wv$t@f?fwmh6InH$.upQO34lB5UWjU,Igh$eeb6NWzGo$n@4tcw#U"
868,Paulina,paulina,Stefanelli,stefanelli,,Piazza Monicelli 80 Vimodrone,pstefanelli1384,paulina.stefanelli46475@example.com,Kay74KPfCGzr%K$%8x?5?nFjaHxFvKxQ84NC4t@Ws7q9#b7yRx7QH1mU(sv!CByeLK$?1!kDFey6gtCzMal4ZpE
869,Mariana,mariana,Golgi,golgi,,Borgo Alderano 367 SantEustachio,mgolgi1142,mariana.golgi67507@example.com,D7(s*MQQhhfoYTsa@4Q7vF7CYo9#F3ZOKDWDp)xHj4q&
870,Vanessa,vanessa,Galeati,galeati,,Rotonda Pergolesi 768 Passo Del Tonale,vgaleati194,vanessa.galeati56663@example.com,"i)xJuCzlpISrfC!qWktfync%2Fiw.m.HA5O?##4cScyMJLe!5%l0A,agm##&85yt3HZ!oi&i!GTns7#fJDf&WLyvlTvsLRd(4pihW1E4YKXYmo!"
871,Amadeo,amadeo,Pistoletto,pistoletto,2002-05-07,Piazza Aporti 0 SantAngelo In Salute,apistoletto6444,amadeo.pistoletto43025@example.com,"xrWIedQj.BAbS1%dH!T,tKqu*nR?a$8LU6xl3#)SxCjhS4ArLM?OFd*M3K99v(bYJWXc(H4UY)MC4*WE,2l@M1Tv*FQhP2*f&cLyRFSSkkfe%mBOpU8m@6c"
872,Gabriella,gabriella,Branciforte,branciforte,,Rotonda Fabia 368 Stazione Di Allerona,gbranciforte8736,gabriella.branciforte31890@example.com,Qeh@b0XhM?59u#.m#v!)qxVJ5#h$N3j$
873,Augusto,augusto,Gianetti,gianetti,1970-12-21,Canale Trentini 40 Acquaria,agianetti5938,augusto.gianetti56856@example.com,"VIcnzjxb7xvQCkAV0EJ0,qpL#nq3zQUD*ZHBNQpbNB!SsOp7aEgjWHPpMuslYC!Hexv5t*qiG,2Aqw#!mn?r)X5&vR3f5bJ9D8Mg5hEd#fD4X3X6EO18C6HnGPr?s!oZ"
874,Pierangelo,pierangelo,Tosto,tosto,,Strada Matilda 22 Lapio,ptosto3407,pierangelo.tosto56288@example.com,UONG4F4!nH0ce.lmeNE
875,Enzo,enzo,Parmitano,parmitano,2006-03-13,Rotonda Borromeo 9 Chiaserna,eparmitano9660,enzo.parmitano92250@example.com,tt0nba1T$!G91usqXa7XSV0CBh8i8Ec#xErPlVUGtNuNv!xa?tCWYX2IrLM#V
876,Ermes,ermes,Monaco,monaco,,Via Salvi 46 Cenadi,emonaco3809,ermes.monaco11698@example.com,"J$Q5TMyQ$(@dmjI,,?tq39Jv6Ak&xngDfPcd*BbLbA8RRV(?i2&$T%Pf4PX?uMYMP,XMoCfw?zIkFmHD05GQ32QjWzBlPF%YD4s#mtiF9(NN?PVf1*&"
877,Marissa,marissa,Abatantuono,abatantuono,2007-06-17,Incrocio Aldobrandi 727 Corigliano Calabro,mabatantuono931,marissa.abatantuono19544@example.com,"TXvO7gR&wqg0ebeTnW(g8i,,6t)8&F"
878,Pompeo,pompeo,Guarana,guarana,,Stretto Botticelli 74 Baveno,pguarana6020,pompeo.guarana95515@example.com,"rq5HMxxcCwgXFrT$7%xwOKxF!xJr#&M$Ep,1jIdY$"
879,Gionata,gionata,Interminei,interminei,1991-01-04,Via Santi 8 Volpago Del Montello,ginterminei271,gionata.interminei44612@example.com,"@r,,tq9aENZOe59#5oFf.3V8DnVQ(N1WI#k7khQ#Witii8"
880,Mario,mario,Errigo,errigo,1959-07-19,Contrada Gioachino 0 Usago,merrigo5353,mario.errigo53236@example.com,JKj82nQDxINmVUq(wu0uOcMMVg
881,Guarino,guarino,Nitto,nitto,,Stretto Pedroni 71 Ruvo Del Monte,gnitto8902,guarino.nitto36695@example.com,8*Z?)nyuwijao1G(A9P?g&wi2iq1T7W3f%MvFai
882,Piergiuseppe,piergiuseppe,Scamarcio,scamarcio,,Canale Gioele 74 Paciug,pscamarcio1110,piergiuseppe.scamarcio2053@example.com,5x%62w2W(fgoRiq*iH8tz*Z7zePT@fb$#In
883,Mariana,mariana,Ortese,ortese,,Viale Oreste 41 Castelverrino,mortese8690,mariana.ortese42384@example.com,AWd7!U#bz45
884,Milo,milo,Liverotti,liverotti,,Stretto Antelami 85 Borgo Salsasio,mliverotti3936,milo.liverotti47514@example.com,"8F%hIlDDL(h*.k6hqUZKTwGOkm5WX7cEuZ5VVz(kQo&#rM5h&bA9lYAQ,LE9N&IUfAsVCtrk9vtL4uJvW9$p3GSo&WpR&HN&OV%@3ciQJ!ssgIGi490"
885,Rosario,rosario,Baracca,baracca,,Incrocio Ponti 61 Torza,rbaracca1455,rosario.baracca67397@example.com,%k2P39nlO&7&Cxy9WM.L*fHGt!iTqr$GiOFab(a)Tuk)i7e@G%C?w!fJ04.RqioB30W3mr3KIrqw2eg@vUQ
886,Giovanna,giovanna,Corradi,corradi,2003-01-05,Contrada Luca 888 Ossago Lodigiano,gcorradi5854,giovanna.corradi11891@example.com,"IAVN0mf!WjZ&6?vhqfs2O4#uKKfc7HnzD0I,lsWBg%iDsTRHTB@o.S@!r3)ljss?XMmV%.#HL8X02"
887,Marcella,marcella,Tamborini,tamborini,2006-02-09,Incrocio Vespa 1 SantAndrea Di Campodarsego,mtamborini6216,marcella.tamborini62839@example.com,"NMT4gvi8ZU@MqLeaUQ,iskm%IM$szI3HIMDv)e#a)bDDWwY$mf,$9BLbdl"
888,Renata,renata,Fittipaldi,fittipaldi,,Via Gian 68 Trieste,rfittipaldi5627,renata.fittipaldi45693@example.com,"k#2)TZmZ4R6tBoA.Y%9y%ys3Au#uX*YE0A(mvvKfMWwW75(wrsClTS)PBeddoFCEL4W(65Z)IiPe5(N,@,&J4QfjMp?lrz(B0z55EW!zLed&OCA#s?rQNs8nf@$j"
889,Diana,diana,Rosiello,rosiello,,Via Bembo 492 Antonelli,drosiello6929,diana.rosiello42378@example.com,"O1Z(8)s8c2s78x(ng@lirytyBfPy*iWVIs&lle,X&4Q$20C.t729CP#VN1InJ*01w%5,@DNu8$E,m@JweLb,B#1ADSx2UT(kJ4&cF$h!y6ZIL6gKc"
890,Giuliano,giuliano,Gabbana,gabbana,1976-07-13,Viale Amalia 16 Tredozio,ggabbana9514,giuliano.gabbana22191@example.com,vuFz6MfpMq?o5?(W7lbppoD
891,Vanessa,vanessa,Riccardi,riccardi,,Incrocio Inzaghi 5 Pianura Vomano,vriccardi7261,vanessa.riccardi53925@example.com,vy((rpY*sfrd$FttdH66$
892,Antonio,antonio,Cundari,cundari,,Vicolo Vento 7 Nureci,acundari8105,antonio.cundari82472@example.com,7euSIiDbBUSBwaZoia$E&Dr&6R9@nL%7)c3j4jCI3M9fQRhz*.B9Nemr().kyxMAHky
893,Elena,elena,Fabrizi,fabrizi,1952-05-27,Contrada Giradello 16 Cuasso Al Monte,efabrizi9780,elena.fabrizi27130@example.com,0e.!VAjdxUYdCAZ6$NCkA5KRa?J?RJg4PF#qq)lNHQAY$woNf
894,Eraldo,eraldo,Foconi,foconi,,Piazza Panfilo 45 Cagno,efoconi4111,eraldo.foconi69903@example.com,"wqy3zzJrr5YlZ5o&fjiHCaRQImrJv@)44uKH7xxi!2BWSFhQ,1wX@#ei7NKrcSduK12(dt.93C5.T&?J.zpBUVy7!UsC)a4&g2ahmXuZK,613Af9"
895,Pasquale,pasquale,Persico,persico,1963-11-08,Contrada Lando 1 San Michele Di Pratola,ppersico7697,pasquale.persico7868@example.com,"id*N&pB9pv3m$&L0Wi8Mwlpzr@WUTq3Kc4m5EwUB,X,PR5jIwh2610(PdC(RfLYQcFb2@5gxb)RO))d4M(P*TGyJH7XkcCJNlborX.FNi%6kv"
896,Ezio,ezio,Puccini,puccini,,Strada Terragni 77 Gracciano Di Colle Val DElsa,epuccini519,ezio.puccini14657@example.com,"qwnQ2Qon6GssRdHQ,B1wfZa4Mz9qkBNxT9MBtRo6dcO8IyJGzX3psn8YbNcs#M25pHFVIgu%9VID!nrp@ciUNCYj7c7?,LspDvU%e5"
897,Gianni,gianni,Olivetti,olivetti,,Contrada Pierina 36 Pozzo Della Chiana,golivetti2552,gianni.olivetti38396@example.com,"!J3bX)quWSb(1kE,Eel.V"
898,Matilda,matilda,Totino,totino,,Rotonda Torricelli 90 Alghero,mtotino2566,matilda.totino30800@example.com,x@H(laQAn1s01yat.inN2d#g7QGL3uluOqeZ#78K3OlPB7w1dQU46S9BC.i96HANUcIAXhkjJcc1D2#eaBdUaB
899,Sandra,sandra,Sgarbi,sgarbi,1999-10-23,Contrada Carullo 3 Casali Belforte,ssgarbi8508,sandra.sgarbi57463@example.com,LFoHN(Zu@&9RCGXP5F&oc%
900,Fiorino,fiorino,Modiano,modiano,1971-06-17,Strada Fiamma 730 Mühlwald,fmodiano1403,fiorino.modiano42182@example.com,XtFe$6*f)2wh!)k3W@PZA(0V
901,Alessandra,alessandra,Pennetta,pennetta,,Vicolo Baglioni 42 Castellino Brocco,apennetta7396,alessandra.pennetta58537@example.com,"QUDftar*4A5W*(YkDRaoTBo$Ch4pnLKMpQ73AS,3HuUTFMOGVqDl4LS?T9g((Fa)hbt1lIGNWQ0ZrO1T!nZg4Q)xnB.CXP?15.!1?hAHeu"
902,Gioacchino,gioacchino,Moschino,moschino,,Via Sagese 517 Casaliggio,gmoschino2506,gioacchino.moschino97742@example.com,J@3URCae9OCLPJLDK2N3*Rs5uWPb1be@busvm.FT52OXoFc1qrVprh4rAmK(2j$KZU!7(sXyMsFI
903,Toni,toni,Udinese,udinese,1970-06-30,Vicolo Columbo 697 Fossamerlo,tudinese3916,toni.udinese36975@example.com,",(lNFxipfILRXD%..5$A?EtMSBDBdtc7lx0YrTq7"
904,Lando,lando,Parisi,parisi,,Viale Taccola 876 San Carlo DAscoli,lparisi5452,lando.parisi10449@example.com,"eJ4?Gcue8!5S!zLHDD,@Ov(Pq6#pWcMNt3Sp(j?xo&Xz?4O,SvAK!sEDlp3*1$DtspP0nCj"
905,Flavio,flavio,Rosmini,rosmini,1960-02-13,Stretto Silvestri 133 Sperlonga,frosmini3427,flavio.rosmini61268@example.com,"UOK3a(Rmy,409RVUxg@&FUeehDy6FgM#&3icb(r#sC@9"
906,Benvenuto,benvenuto,Traversa,traversa,1968-07-09,Canale Migliaccio 6 Montalbano Di Santarcangelo Di Romagna,btraversa923,benvenuto.traversa35874@example.com,aNv0u5aUCGB!SAzCqGVI)cF6e8M!LKqFPY9?vZPidvjk9T13?kAhdx?B#g7@ef$LWdkFg!XmmAutERY4HPFkcU?
907,Azeglio,azeglio,Nolcini,nolcini,,Piazza Costantino 42 Mainetto,anolcini2754,azeglio.nolcini24874@example.com,"4wVq%rRcHwBq9?pO0w6n5%(rDagHWJ,cV9$2OKz&7spzSwin6)j0OJEVRMM?d$"
908,Gastone,gastone,Cusano,cusano,1985-08-06,Strada Cassandra 861 Attimis,gcusano8393,gastone.cusano2061@example.com,13bhiGM(?1J
909,Claudio,claudio,Musatti,musatti,,Contrada Tiziano 4 Cadorago,cmusatti9524,claudio.musatti37172@example.com,5zY.gjCyRAa5q0B!88WlzNL2mO1oFtF5?vUzFakJ5T@jdau7Y8u*gk#g4zP?5qJMxYF*spmd$@)3?Q&Df
910,Alina,alina,Orlando,orlando,,Borgo Adriano 92 Tre Re,aorlando919,alina.orlando73630@example.com,"2,,GOdD?9(d,%iyT2eh?Dzr$siKg7xQr76sa$XYWL%ak,IWvJ%,4V&$t)RIf9T0mUNa77tioRcSz5((0kA&$5fZ10EEn,EHjv!fE%n(cBxyoyY&.ERsdoNJb.%.%"
911,Benito,benito,Roero,roero,1984-05-17,Rotonda Pontecorvo 7 Guidomandri Superiore,broero6164,benito.roero78254@example.com,@z&NLrdU3G9Wum(uoff%QK1fD&5EMqH%3gdC1gQh@iZOOY!&t7teAQdHRQb&1G@c!9qTdGOb@OeN&0mch%mD(4X@jj#N4QE1tYFEDG2n#f?Z!x*rf4mXL%aLzgGFS*4
912,Angelica,angelica,Tognazzi,tognazzi,1948-03-07,Piazza Montesano 93 Sennariolo,atognazzi2473,angelica.tognazzi2101@example.com,"1St1.TZe5ju1M.fEYqV.l27rD$P%@mB3h,hT%TMS&Cezlw(ngp&dw&agmUdv9p@WWIIkt@k0jWHYb"
913,Imelda,imelda,Berengario,berengario,,Canale Grisoni 95 Contessa Entellina,iberengario2416,imelda.berengario36496@example.com,stNcvN#?Fc5$DIgT43VSJR@?M*xFS)gb7qNf
914,Licia,licia,Comisso,comisso,,Vicolo Lisa 192 Sermugnano,lcomisso3998,licia.comisso21498@example.com,"bF7c8Ni#)znE4Ylldx3AvUh0ng#VrqhS?6Nkt.)o733@,y5TuUxreagh3e3VuJH9Y9.hGf"
915,Giampiero,giampiero,Barcaccia,barcaccia,,Strada Donna 4 Montaldo Scarampi,gbarcaccia7074,giampiero.barcaccia1892@example.com,LIr*qOKWMqvng0D56CTxD&GC8D5Wo*qlHH%$7hvqz@YchBoM3Pak9(dN2u(GafL%3egBQnJQ0EKX%T0s%taL
916,Gianfranco,gianfranco,Detti,detti,1957-06-01,Rotonda Marco 86 San Calogero,gdetti4209,gianfranco.detti6399@example.com,7T?mrahYntjh0uC8o6HlRPC8SmQX5mw)HU!DL3ylxAism)5OdZ2wYWYv&5V&WzdLK2Jn#WSNwG(W.9boZNzWLFbdySRjCNj5hu
917,Donna,donna,Stein,stein,,Rotonda Donati 35 Badesi,dstein4307,donna.stein276@example.com,CEnit$L4(Vc%ag1MJe&v4z93hT#d%zn1pX#!1xzk.pgt!d.7
918,Fiorino,fiorino,Guariento,guariento,1990-03-10,Viale Rosalia 634 Cerchiara Di Calabria,fguariento4235,fiorino.guariento57298@example.com,"tZs?pi(fhhvPZC4t,RrIvz%2)rCJcC3im.b&z,hMqoQdTENS#WssRH(*Mt%VY,zrUlS(j*uWQcDHW*ipG9@gy&(%v*rA"
919,Mirko,mirko,Malatesta,malatesta,,Stretto Pellegrino 6 Hofern,mmalatesta5748,mirko.malatesta14357@example.com,hHcwCzx#x%L8M.T0kWRM*Az
920,Aria,aria,Cuda,cuda,,Strada Calgari 246 Mongiardino,acuda688,aria.cuda15419@example.com,X?OPF)AGmDNTPrP3V5FWZ0jiYYABbT8$Y9xpV5ANMhCOw2vV4)X7915N1VPy@4$5m0aObtOsdP#QVp?1sZtT#d3w
921,Pasqual,pasqual,Pasqua,pasqua,,Contrada Imelda 68 Salve,ppasqua7775,pasqual.pasqua4282@example.com,&E7p8D5pSKyvQJHBd@8wPR1GbcjF?Mj&7kN&CCeEI#@t$QSK8LAyFud@7$s#$emxq29wOASyMTSh1hWGDuw*Pgbk&0X##d@24pUdNZWuj&!J*?L6UOW0LjH
922,Pierpaolo,pierpaolo,Geraci,geraci,1997-03-01,Viale Alessandro 80 Allerona,pgeraci3991,pierpaolo.geraci55795@example.com,%eGmalw?Gla?fd2eoFVyOx*SR*
923,Tonia,tonia,Marconi,marconi,,Contrada Gentili 1 Laurito,tmarconi2553,tonia.marconi59101@example.com,bpoBu$zHFqFlVRcYnKbMmo6*5SZLykkW20DONFKBZyo3ZgEu
924,Vincenzo,vincenzo,Fogazzaro,fogazzaro,,Via Amalia 25 Fiesso,vfogazzaro1390,vincenzo.fogazzaro99200@example.com,"7$V8?xO&!Wp3UaVsLkSf(zo1jqkD5iD.B9.jfgQe$nlJ9r,"
925,Lucrezia,lucrezia,Lovato,lovato,,Stretto Garibaldi 3 Tedeschi,llovato9662,lucrezia.lovato70851@example.com,ES3CfhBKe&!oEC$29U$u3g.jxY!VzLDZs?ikLWCX@PTC!EvJ2a6
926,Giorgio,giorgio,Borsiere,borsiere,1971-11-24,Viale Graziella 486 SantAntuono DIschia,gborsiere5423,giorgio.borsiere40676@example.com,BIp@@2)l
927,Antonietta,antonietta,Brambilla,brambilla,,Via Rita 748 Saviano,abrambilla3584,antonietta.brambilla98418@example.com,"$e,zg&rOLLTri7Far%?$&y.Pb79hSd1,E#HZkPU.fiK12ssj!c3ZLWtR()M*ZwB2*h1n.(LrgNf!XqgsIp*JnN"
928,Bartolomeo,bartolomeo,Rienzo,rienzo,,Contrada Sollima 98 Verbicaro,brienzo4807,bartolomeo.rienzo38315@example.com,"Hmk&s1R3D#SgMa!fV1N*vm#QIv%xcwRGESIx&33AS$,Wn5B0D.j6jusPnZBH6384!xM2T5KjLQmUIm7C)EuTQNE0Yt,e3UxWbpsHJJ"
929,Alphons,alphons,Proietti,proietti,,Via Giacometti 529 San Felice,aproietti4701,alphons.proietti66122@example.com,fDC&8L3uEVm$KLbX5gJ#2uT24HLo(9OCm48g(CI77OlpApSCEf1x#!9mRFspI
930,Nicola,nicola,Tremonti,tremonti,,Borgo Francesca 9 Bionaz,ntremonti4502,nicola.tremonti85820@example.com,i2Qir!1Ui?halRagG%4OSd?31(?XrLXYK(ayV(!wWy&BQKeKfY2rExA1BgXgsA6iz?kxH*!hRpRJRC(T.P$28X7N#&?6GJaG#kMWuE$ffjQhV1%y@7N
931,Anita,anita,Pausini,pausini,,Piazza Amanda 67 Mongiove,apausini9437,anita.pausini3797@example.com,"77#plOIB16JDjgJ3H,?HTdzjC%s*j@pNvjITgPX).)(J%%Q1ju6bXEJUC9BTW53g!NV&7M4w1Zh$nn3gmwb1KE%QyjjTz#cNjLccIppYOiqz"
932,Ermes,ermes,Strangio,strangio,2004-01-27,Incrocio Stella 737 Patenora,estrangio5406,ermes.strangio60080@example.com,"JN8L,5?i91oAlmcSD46tuj6cLoF59Xh#c(fOHAp$k3s6MoqxP%lrdPOdyeLQd@#dPtWEA.cxP6d!CkWmK@1ByVXQ"
933,Beatrice,beatrice,Burcardo,burcardo,,Strada Alina 22 Castiglione Messer Raimondo,bburcardo621,beatrice.burcardo56128@example.com,$3#T&V*Ub8*gJjIta*eDxW@
934,Ubaldo,ubaldo,Comisso,comisso,1951-08-10,Vicolo Ermanno 1 Mozzanica,ucomisso1722,ubaldo.comisso16637@example.com,"L&Ob!2&#585,V98V55m8$bxYyNf.)*Uh2UW1YJu0.0Pw3zdR$wIky6M"
935,Tina,tina,Nibali,nibali,1954-06-05,Contrada Gianluigi 737 Pinzagen,tnibali2634,tina.nibali59577@example.com,2GYa6yNUHgJ6iy0HxzKAk.B!Pc17*r9p&oZm1JYqGhaEff1x
936,Osvaldo,osvaldo,Alonzi,alonzi,1979-06-02,Stretto Marcantonio 1 Marega,oalonzi3447,osvaldo.alonzi7026@example.com,y2U$#5barr5Q$2glhLgJjCTlZ?*wlnrDzf8x)yedOttad%e6%61nTsmYF9iv(jMw05UHhC
937,Melina,melina,Trentin,trentin,1997-06-26,Strada Adamo 12 Medolago,mtrentin777,melina.trentin31397@example.com,i%Kh1nwmg%%ZNYPufu5UGxxkRC2qnWemedT*4g
938,Alessandro,alessandro,Seddio,seddio,1951-03-16,Contrada Garobbio 124 Villa Mattoni,aseddio4375,alessandro.seddio97763@example.com,lylG(kvZhEt95(*Sbmtz.fBE9ld0Np*KGUMq%YSkh#.0x1#2!5*qTe89I!pIg2
939,Erika,erika,Camanni,camanni,,Contrada Giampiero 21 Unsere Frau i. Schnals,ecamanni5517,erika.camanni28945@example.com,"0MNA3T#@d79&PEpZrPT.GveFBU4@T@e2RfC6r#i*E8)mHKjtqjm!uBarilr3scf6(W)Qk)H7K.*HS3trkBFn.k,T,%ZuVxJIZSxveK$O)Sl%t)"
940,Emilio,emilio,Cerutti,cerutti,1999-02-05,Vicolo Romina 3 Lizzano,ecerutti6527,emilio.cerutti41635@example.com,DI)zBm6t46P6k&s5Z?f@
941,Etta,etta,Battaglia,battaglia,2006-04-18,Strada Veronica 3 Mantegazza,ebattaglia5711,etta.battaglia84292@example.com,"0h2?O2nyF(76Q&lwOe8WnC$axu)(NIWjq%XFk0WY,V!&gREp9Q1k&79vzWk,1(Jkwr(?cNGf.krgElvPmR*AWjFHseHe5f1KJ#sArm?2&IQjg#.KXtxK7@.eshFNLIgY"
942,Elmo,elmo,Marsili,marsili,,Via Cantimori 1 Siebeneich,emarsili3210,elmo.marsili77665@example.com,Zt?nhxL*QUR*UC4i!1UO2VZHvy(tUs!UcCzo6W&l3P7FftfKumJriSXRdMRXpF6643ZZFHqXpXam*(iU7CO4dnR7U96a6oN
943,Ferdinando,ferdinando,Broschi,broschi,,Piazza Jolanda 5 Brindisi,fbroschi1804,ferdinando.broschi96107@example.com,"j,ptaVlt$QXIR7YS%erxVmN?KiX4Rj,NFRF&%?E3rtsAJB!DIthVwRe3%IfAtvVg#4xSKHtUednWlX%Y1XFal%HbtYGr7E&dKV2myvEHK2!"
944,Marco,marco,Roccabonella,roccabonella,,Canale Annetta 43 Corpo Reno,mroccabonella1077,marco.roccabonella91430@example.com,")Ehs.A&yv@Obb4,cQuJwg)1MzZ6lDMavf)mdSdm4jCxaw%)aOF!A!eF5$mJ35GtHsEX(EkeEIf5N4#aqouOS&NQ%T&Q&JnoX)iX#&T@ePFT9hEulX.9l@*EZJ"
945,Federico,federico,Piacentini,piacentini,1988-04-27,Incrocio Scarpa 718 Pozzolatico,fpiacentini783,federico.piacentini50551@example.com,x&hGNh%9)&kRWxosTY9wvZ3X%uNWbs9MS@iRO2Kt!OzLDCPFLyzqfLgx*ljhordFr)wo*iASf(Ug
946,Ermenegildo,ermenegildo,Barsanti,barsanti,,Contrada Giuliano 95 Weißenbach,ebarsanti7409,ermenegildo.barsanti58041@example.com,AlTLOrYHe51HBHKF1OAgK&)iB!1TggauZU9@xmC302uQutxT2p)
947,Amalia,amalia,Zaguri,zaguri,2005-05-10,Borgo Petrucci 11 Andrate,azaguri8298,amalia.zaguri43185@example.com,?3K57jq&CRIdmm1*!61oFj?y#gTRr!8bV89b4E9kGS)tQS)htz?0wkg&Q*.Oj
948,Ramona,ramona,Curiel,curiel,,Incrocio Loretta 6 Nomaglio,rcuriel8765,ramona.curiel53265@example.com,DUQxaPXaH362cKhir.nTK&$RTYb$7X03DU*5jA.w#0%d3
949,Vincentio,vincentio,Florio,florio,,Rotonda Polesel 8 Piatta,vflorio9374,vincentio.florio48965@example.com,",QG!!A7MgKbRF(TwuhpyrQzeeK6H4vHJhpxC1V1ODu"
950,Carlo,carlo,Pavarotti,pavarotti,,Viale Valeria 2 Pressana,cpavarotti2615,carlo.pavarotti14701@example.com,"ZIHo,eZB?hpXl88g@ESCY%msle%6K6yY9!IS@md,oXjmc)FZm.Ov$u$R.&W5Nf)&buAiMtb#abh@TLKC)70X69!2Lle.8AkO"
951,Giorgio,giorgio,Gulotta,gulotta,1972-09-16,Contrada Piersanti 4 Lumezzane,ggulotta3041,giorgio.gulotta31885@example.com,"Qtq,TdppZUT46$55BDg@)wyoYP8EyV3zHo(9*&YsJ0ZEJnstSinrBE0YdNINitckR8FSGqTUSUUifBMo)q*bIa"
952,Valerio,valerio,Pininfarina,pininfarina,1966-11-14,Rotonda Gianni 26 Introbio,vpininfarina8638,valerio.pininfarina52494@example.com,"xr&8Ysb*?Pyf@AXm9$QuINgXwSp&XgFUcuWZFUg!F0&X9yBnj@b9$PESX,4Ri)MXZrN8FE,O)c(WY4*B*ByJheZXTnfYcJeq@!w3eXhP)oFwoyFn&iw@Juro!t#ty$"
953,Bianca,bianca,Sokolov,sokolov,,Contrada Agostinelli 4 Gorgonzola,bsokolov6491,bianca.sokolov73809@example.com,2hjt7K2jwPgGe6mI5R)$eHC.!YkDXgHN@$LLMVdd8&lTzF5CtAzgyBu@%GUX8DFdV!qt&5rhuyU0KJ)bgzpc$@u%Rfxcmxn
954,Delfino,delfino,Luria,luria,1989-03-09,Piazza Sergius 8 Porretta Terme,dluria1636,delfino.luria29870@example.com,#0(JXPi54xT4kGMgau0i&(gUCQk7XlAIj5bTeR8)wz#2LlmXZtU657
955,Greco,greco,Pozzecco,pozzecco,,Rotonda Valentina 461 Vellano,gpozzecco2601,greco.pozzecco95627@example.com,"9dmGApct#IxgoRB3#b@0XE(jvGZ(?uy%&e7TQt5.MG7e2%)G(&otYxbvvvb!8XTNw$,rAjY5uAWAHh)8)"
956,Carolina,carolina,Fibonacci,fibonacci,,Borgo Zaira 78 San Zeno Naviglio,cfibonacci6112,carolina.fibonacci15169@example.com,"?Fzf?C(atL!Vbq?qBJr2SQaNoz?#?Q,EPyXQiXARdKi9n"
957,Arnaldo,arnaldo,Garobbio,garobbio,,Piazza Carducci 50 Roccalvecce,agarobbio4331,arnaldo.garobbio8944@example.com,g6Xso(Qn!C!g0X1)@dbhW
958,Tonia,tonia,Delle,delle,1958-09-07,Piazza Ubaldo 25 Castel Lagopesole,tdelle6923,tonia.delle87672@example.com,"@S8#UA!EjEF($TB4WjJQg(Hz(bnoV%J8lyDI@U#X36J.3)fTNYOW#$o@71U&binCHi!FjzajQt666CZ0GToEg?LQflOsF0Ir9J3sS$eEUFULuz@Pf?U,3CKB#"
959,Virginia,virginia,Bixio,bixio,,Piazza Borzomì 96 Penna SantAndrea,vbixio6674,virginia.bixio26945@example.com,V7WHt*QoIo(NvOVs$5jBylZiLdkKRBcX8F&M#7wi*0KbXuMfi67K@8d45rhSAql9eRV0Jh5tw0LJLhy@zG#3v$XRXm4LynOXr9P8W8F?0$NP
960,Maura,maura,Tarchetti,tarchetti,1969-01-04,Stretto Fortunata 57 Fascia,mtarchetti8416,maura.tarchetti5508@example.com,J8H@bbWX!Xuu.r.)%C*hkltTv
961,Francesco,francesco,Fantini,fantini,,Strada Gino 5 Piantonia,ffantini6007,francesco.fantini71671@example.com,1W*pEdSsU*JPUVX6I%Vk@*Sw6ZKRO9dmQ..Xg8Ned)d4@3owCX%KOy8VdmoRb0&j
962,Eraldo,eraldo,Federici,federici,,Borgo Fermi 1 Certosa Di Rivarolo Ligure,efederici7001,eraldo.federici35006@example.com,"8$y$S$,sgPG24TH1h(DD$1ZemkRrc(JW4t)GOTfZ6v*Kdy7rxY#un8kEJBYBxKG.OvwTPfqW)XCkuTPpN&khw&q%!HdBQ)sYKS2Ltm?L.Wq$pDHNplUPF"
963,Bartolomeo,bartolomeo,Segrè,segre,,Vicolo Vecellio 658 Prato Capanne,bsegre4753,bartolomeo.segre32745@example.com,E!AJFtZ(bKy11.8EpWhDN1!UCFLf
964,Maria,maria,Marenzio,marenzio,,Contrada Sorrentino 35 Laviano,mmarenzio9333,maria.marenzio4999@example.com,sGDYE&i7TIs@moL7zMP1.w4XZ7M$ehBGBX8MsY#oxcLBufbpqmYno)%e2J1%afdUARWkeV@dW69(HKi7Nd!Q%FrCVp5eXqZKz.JYSZxvU?T*?ay@th
965,Mauro,mauro,Gaito,gaito,,Incrocio Ricolfi 13 Entreves,mgaito411,mauro.gaito61945@example.com,.dOYoKtWsf8cbX6F!qEo6zF0VYBBw3RBw2bJ?
966,Ermes,ermes,Curatoli,curatoli,1959-07-09,Canale Ubaldi 6 San Floriano,ecuratoli427,ermes.curatoli53792@example.com,V8SBpZDr59quVmg&jp%$$9XoOJdG*6
967,Romolo,romolo,Lombroso,lombroso,2010-06-30,Viale Giulietta 819 Montezemolo,rlombroso7209,romolo.lombroso44331@example.com,$nYx6D1!@d(i&
968,Valerio,valerio,Zanichelli,zanichelli,2001-02-16,Canale Ferdinando 24 Palazzolo Acreide,vzanichelli353,valerio.zanichelli24780@example.com,lrFCi*il$Sx5lP*T#NF
969,Salvi,salvi,Battaglia,battaglia,1997-01-14,Piazza Columbo 338 Castel Di Tusa,sbattaglia7187,salvi.battaglia13044@example.com,"g@,tLv%@ugv8Xfxueyt&4Dcj3SnNAJ,Cf&nr*qP2r52p"
970,Carolina,carolina,Pastine,pastine,1950-09-02,Via Giovanni 65 Rivarossa,cpastine9028,carolina.pastine95490@example.com,"9&Tk)Tyb2GK7Oguc9Io&V)OK,.kkK1YmHWt(E.mI6YaCwgdU%PO3yysXd"
971,Loretta,loretta,Pagliaro,pagliaro,1981-06-14,Canale Jolanda 2 Longastrino,lpagliaro1629,loretta.pagliaro49957@example.com,"?tjuTjbMiqNMcm1#M@#RdoZ@DtlFtLxUkS,SSHJzHsyi&6,$T80nMKsyETsIf7,!x790OLBq,)&Gw8b4"
972,Danilo,danilo,Valmarana,valmarana,1956-02-17,Strada Eugenia 36 Zumaglia,dvalmarana400,danilo.valmarana30945@example.com,b8vnO$w%&T
973,Rita,rita,Fantini,fantini,,Vicolo Michelangeli 168 Ponte Gorzone,rfantini2143,rita.fantini30458@example.com,"%a41u*glhCr5oiXU.DATMm#eYSDNTudUkqSuXs2mV!O,6F1l9Q@b6WGmLc)2uECIjqKM@0?e3QnL8Q6la1LzRwujCf!qJXR2w5klNyLM%xL5VgGd2A8wVleIZvoG"
974,Hugo,hugo,Giannone,giannone,,Stretto Benedetto 53 Villaurbana,hgiannone7054,hugo.giannone11869@example.com,"#&LQZfen5Grq$5cA2yKUAn12uatgogV&xB%Y301?7!1X57rX.6Y)I.?vp!zufPA6,M)C?7W.Gyep5oM%AOlfGVxOFv"
975,Vincenza,vincenza,Guinizzelli,guinizzelli,1983-03-28,Incrocio Cesare 9 St. Michael/Eppan,vguinizzelli7194,vincenza.guinizzelli41055@example.com,"IF$.pqJ(D%nt0s#0Pmc*Dkv&,L*qFV@)&k2&.Jl*WiB$knAo6g%Kwv#QRq8ZK"
976,Milo,milo,Gregori,gregori,,Piazza Donati 61 Galbiate,mgregori6815,milo.gregori18091@example.com,rdkPw.D2Dy?26F@Liho3a0hckrKDzET4N?Bvflrn1Pi1tyUG%nH3heFqC#SfrHZ3rpEBsNsxWp#hk*ln8wG4xyg$o!wvKRUK$0#U?xt@TWMCb#Mg
977,Geronimo,geronimo,Bellucci,bellucci,1976-03-08,Piazza Marcello 24 Torre Normanna,gbellucci5213,geronimo.bellucci61351@example.com,W3A%Y9$ogeCf!qTXa0
978,Rosario,rosario,Zola,zola,1972-03-07,Strada Flavia 43 Sarissola,rzola9113,rosario.zola19206@example.com,"*Ze5T2&*T3qp@y3nWcOLfmqQG6lrx@kiU(RlONlC#s,wjJ73yZO@ZvE0EnT#&gE6(TREr*OuOS$9oi5V$5w#9N71BilaSA"
979,Marcello,marcello,Palumbo,palumbo,2001-03-09,Via Ricci 92 Vigasio,mpalumbo5737,marcello.palumbo87185@example.com,"(fKBN?RmqF.S%NxE#mzJY.z6MNut,v,m7#l&Wvy7saxAuafVfA,FS)pNvtOKY5KOxt7B@YHOS4lN49zEe&4OWSBAPLo,#s1#9%l@GIXQkAue(O1$8DN(RoE3a"
980,Giacinto,giacinto,Gemito,gemito,,Stretto Viridiana 31 Marradi,ggemito5643,giacinto.gemito25747@example.com,P3Xyfab7xRGTHFlkI.iXa2gkqfuGMGbFdhwnE$dbI&1MXSszM9C2h1s0BJSg#76L7pZr09F15Nl&T25RM$gKFWvJT8*UfNfAGrSXWkYJN9JFbhZ$blCPbQKw4w
981,Giuseppina,giuseppina,Interiano,interiano,1996-04-02,Viale Rosaria 555 Trana,ginteriano7671,giuseppina.interiano43806@example.com,?Nfsf9lGLe*StylzC53iEwD4f)xXi6L8BqKKmgh5SYX7XXoXlw@E%Gn%!gzaD3wbOi76&YmAoyjDt*DavSMJL6(WtjRMYr7G2#jkOHS@d3j*1yg0*6!&0NO(em0UM.aC
982,Alessio,alessio,Mondaini,mondaini,,Borgo Pavone 1 Saluzzo,amondaini6905,alessio.mondaini1826@example.com,"crFktXsPaUu&FQ?koaSgHofR3#J!!G#wRqPiPAIHDN0,W,#Gi3(KuQUNtes412"
983,Ippazio,ippazio,Marsili,marsili,1997-02-23,Viale Annunziata 39 Rivello,imarsili7013,ippazio.marsili84747@example.com,"m*q7jtOafkU#Yhlj3OhRq#f,Y#vcfz!OYVNtmn@bRn#!5Hare@)0s$C2Ox34wT@U56ZDN5gl$yB"
984,Donatella,donatella,Avogadro,avogadro,1970-11-27,Strada Vecellio 326 Camaro Inferiore,davogadro3502,donatella.avogadro3132@example.com,"StjIrPQYwAlG3,vVFCUY?%yxtPZqoWNscHiR4V3U"
985,Patrizia,patrizia,Ciani,ciani,1980-11-27,Stretto Cabibbo 49 Suni,pciani6587,patrizia.ciani27753@example.com,"@G5oG%,(E@vYfMKBb*,pIeAqet*v?cETHe2vQzghJLWf0sm6LMfXwN@)6IlbBRWA3@4dDQ2h(*8mQ?lt%Gv9qR"
986,Isa,isa,Amaldi,amaldi,,Piazza Ramona 932 Palagiano,iamaldi424,isa.amaldi58999@example.com,5K0.wY)IEPLIOD1OlVw9d!zewfTHl
987,Fernanda,fernanda,Gabrieli,gabrieli,,Vicolo Mariano 5 Traversagna,fgabrieli4893,fernanda.gabrieli36028@example.com,PxxFqXl$%2$JKgBCH!q!)6w(#Gso0Um*PFGSxDtU2u5c
988,Angelina,angelina,Schiavone,schiavone,,Contrada Pirelli 88 Luvinate,aschiavone8095,angelina.schiavone11724@example.com,Xvh$OY0YFJ7
989,Ludovico,ludovico,Cainero,cainero,1955-01-06,Contrada Pisaroni 41 Sailetto,lcainero1956,ludovico.cainero60194@example.com,!dxv2XLl!CZhfEu5lvjyi29o2ZRV9MOBHNUR5k)(mt)Q(D7XD1IbJ1X!u0ip%LEQaPh$
990,Francesco,francesco,Desio,desio,,Borgo Bellocchio 47 Rocca Susella,fdesio1429,francesco.desio96385@example.com,"I(49odSuNWBp@q@&kui#sn5ho1IK(BFYe*7vbtca7z,uEYxDewC8#vr0tazc(*"
991,Tatiana,tatiana,Chindamo,chindamo,,Piazza Nitti 43 Pasian Di Prato,tchindamo3778,tatiana.chindamo98724@example.com,f2S7Jd2nj*yZ?EdY*$Pc
992,Romina,romina,Montesano,montesano,,Via Venancio 12 Pieve Di Cadore,rmontesano7532,romina.montesano16288@example.com,O.Vsy$o&kE.xhFwvcl&2&sH*R89f6s$)HJXgimwQjNLM#K
993,Sonia,sonia,Duse,duse,,Via Valentino 94 Vigiljoc,sduse5890,sonia.duse53417@example.com,86L078u7c7#10zG@cXTxn@&?UAJeaUgglHhgQM#tdLMtBQSlBDRad.KKd).MF?9i5QMXfLFkFheISvEOK$UbRd&e9Kp27b)YM
994,Fausto,fausto,Zichichi,zichichi,,Vicolo Cappelli 266 Monfalcone,fzichichi7792,fausto.zichichi30596@example.com,"V@P3y(Mvu2H.YzjlE5gwNoT%7,cS71bvJoM90deM6duMul.9MTVFSc(4KhA&.T%Z1uYZwc"
995,Alina,alina,Riccardi,riccardi,,Strada Balla 82 Santa Maria Della Neve,ariccardi5340,alina.riccardi24135@example.com,"hBwe9QGs.QP42zGPA*AoHvRyG(XIrmmDM@mKaYn5V0yk,4VYDr!hhgk!Na6x2KGAxQcksabOCv9T$u*EgX6N"
996,Giorgio,giorgio,Turci,turci,1952-07-26,Borgo Castellitto 730 Casafredda,gturci7251,giorgio.turci13730@example.com,"NHWh6IFks4.,cGcfCjVAEMuN%HHNd%%6@,jcK00Rr3vqz,7gacldbskks&ZxUeT$yXA3@ua)yC("
997,Anita,anita,Tozzi,tozzi,1960-03-02,Incrocio Bassi 14 Barbaiana,atozzi8491,anita.tozzi90778@example.com,"zt3f?7hy@3FyaEpm&mwARckkFNt2L3Rqa9,c?DPK6WFsy@a,zN*HYwJ(yzTgha(876n90NH4&5EvS&bjSpqeMtglJ.joz"
998,Gianni,gianni,Cabibbo,cabibbo,1996-03-16,Via Gioele 69 Cannalonga,gcabibbo3580,gianni.cabibbo88953@example.com,)9aQYpvRwq)W
999,Eugenia,eugenia,Marrone,marrone,1989-12-08,Strada Borzomì 46 Cerete,emarrone1449,eugenia.marrone49289@example.com,"geA0Nn@qPXODOJ2*(Xznm(zZVK#flH%#?,4Vz4XplVB&?bcpV"
1000,Alfredo,alfredo,Longhena,longhena,1953-12-21,Stretto Nicolini 790 Travagliato,alonghena7319,alfredo.longhena74149@example.com,")Ly0brQhBJsjOi6kbZjcMCYTG)%NQV4#kd*MlUiDyu$BT7u?B,$6A,fomeRC&rE0wZJhIKDuxN&jkacQ8HpSVWviYOFqnG5g)"
