restaurantID,cuisineID
1,59
1,55
2,59
2,55
3,144
3,55
4,55
4,99
5,207
6,263
6,126
7,138
7,239
8,5
8,99
9,55
9,59
10,59
10,167
11,231
12,59
13,59
13,126
14,59
15,59
16,167
17,59
18,59
19,59
19,15
20,59
21,250
22,168
23,168
24,52
25,59
25,257
26,59
27,59
28,59
29,59
30,59
30,257
31,59
32,126
33,126
34,59
34,55
35,59
35,55
36,59
37,59
37,207
38,132
39,59
39,3
40,59
40,161
41,161
41,55
42,161
42,55
43,167
43,59
44,132
45,59
46,132
47,59
47,208
48,59
48,57
49,52
49,208
50,59
50,93
51,52
52,138
53,138
54,138
55,99
55,55
56,239
57,99
57,100
58,138
59,138
60,99
60,55
61,99
61,55
62,99
62,55
63,47
64,245
65,44
66,167
67,244
68,220
68,55
69,38
70,55
70,35
71,55
71,99
72,55
72,99
73,55
73,35
74,55
74,35
75,11
75,55
76,92
77,100
78,99
79,59
79,198
80,167
81,59
82,59
83,59
83,55
84,59
84,207
85,167
85,59
86,138
87,138
88,126
89,138
90,138
91,138
92,138
93,138
94,59
94,167
95,52
96,59
96,127
97,59
97,167
98,59
98,167
99,52
100,167
100,59
101,59
101,55
102,168
102,59
103,52
103,59
104,59
105,59
106,207
107,59
108,59
109,59
110,59
111,167
112,59
113,51
114,59
114,55
115,167
116,167
117,59
118,167
119,59
120,161
120,167
121,59
122,167
122,59
123,51
124,59
125,59
126,59
127,59
128,59
129,51
130,59
131,59
131,207
132,59
133,59
134,126
135,100
136,131
137,38
138,38
139,100
140,100
141,38
142,239
143,59
144,61
145,60
146,167
147,99
148,59
149,168
150,99
151,167
152,166
153,52
154,51
155,126
155,3
156,167
156,17
157,100
157,198
158,51
158,208
159,59
160,167
161,61
161,167
162,59
162,208
163,59
163,167
164,59
164,167
165,59
166,167
166,127
167,59
167,208
168,3
168,167
169,92
170,167
171,167
172,59
172,110
173,59
173,122
174,167
174,122
175,55
175,207
176,138
176,55
177,239
178,55
179,55
180,138
180,239
181,144
181,55
182,55
183,5
183,55
184,205
184,55
185,205
185,55
186,55
187,55
187,100
188,55
188,4
189,55
190,55
191,55
191,6
192,59
192,167
193,167
193,258
194,123
194,55
195,252
196,108
196,55
197,100
198,167
199,250
200,100
201,59
202,59
202,167
203,59
204,59
204,133
205,59
206,167
207,59
208,59
209,59
209,161
210,59
211,59
212,59
212,42
213,55
214,59
215,167
216,59
217,167
218,59
219,59
219,41
220,59
221,59
221,161
222,59
223,59
224,167
225,167
226,59
227,59
228,126
229,167
230,59
231,59
232,167
233,38
234,38
235,131
236,245
237,264
238,131
239,38
240,38
241,38
242,156
242,55
243,59
243,57
244,55
244,59
245,132
245,161
246,59
247,59
247,55
248,57
248,167
249,59
249,55
250,259
250,55
251,127
251,55
252,59
252,219
253,59
253,55
254,55
254,259
255,59
255,127
256,59
256,55
257,59
257,126
258,190
258,167
259,59
259,161
260,51
261,167
261,55
262,55
262,59
263,59
263,198
264,161
264,59
265,55
265,59
266,59
266,55
267,59
267,55
268,59
268,161
269,207
269,167
270,190
270,167
271,59
271,55
272,132
272,59
273,132
273,99
274,59
274,161
275,59
275,132
276,132
276,59
277,59
277,55
278,59
278,55
279,59
280,55
281,168
281,208
282,167
282,208
283,167
283,59
284,168
284,93
285,100
286,168
287,139
287,104
288,161
288,208
289,168
289,99
290,131
291,59
291,167
292,59
293,59
293,167
294,59
294,167
295,167
295,59
296,214
296,167
297,168
297,55
298,59
298,167
299,167
299,208
300,59
300,126
301,59
302,59
302,93
303,59
303,167
304,59
304,127
305,59
305,167
306,138
307,131
308,138
309,246
310,99
311,246
312,99
312,55
313,126
314,99
315,138
316,138
317,99
317,55
318,246
319,138
320,138
321,99
321,55
322,239
323,126
324,138
325,99
325,55
326,138
327,138
328,138
329,232
329,55
330,239
331,264
332,25
333,213
334,212
335,59
335,208
336,55
336,61
337,167
338,59
338,51
339,167
340,184
340,263
341,59
341,13
342,167
343,59
344,59
345,59
346,59
346,52
347,59
348,59
348,168
349,61
350,59
351,59
351,168
352,59
353,59
354,138
355,245
356,218
357,233
358,126
359,12
360,246
361,100
362,55
363,138
363,207
364,55
364,5
365,55
366,207
367,55
367,35
368,55
369,131
369,55
370,168
371,55
371,167
372,163
372,55
373,35
373,55
374,35
374,59
375,123
376,99
377,131
378,59
379,132
379,167
380,126
381,29
382,100
383,239
384,126
385,126
386,59
387,59
387,198
388,92
389,38
390,38
391,59
392,59
392,167
393,167
393,241
394,168
394,208
395,55
396,205
397,167
398,51
399,59
400,59
401,126
402,167
403,59
404,59
404,55
405,59
406,59
407,167
407,27
408,59
409,167
410,167
410,126
411,163
411,167
412,55
412,163
413,138
414,138
415,138
416,126
417,99
417,55
418,138
419,138
420,138
421,138
422,138
423,99
423,55
424,126
425,138
426,138
427,138
428,138
429,47
430,138
431,239
432,138
433,126
434,138
435,138
436,138
437,246
437,138
438,138
439,138
440,126
441,138
442,246
443,138
444,138
445,161
445,55
446,168
446,59
447,167
447,59
448,167
449,167
449,59
450,167
450,51
451,59
451,51
452,59
452,167
453,168
453,59
454,167
454,55
455,51
455,167
456,61
456,127
457,61
457,51
458,59
458,198
459,11
459,108
460,59
461,59
461,126
462,59
462,167
463,52
464,161
464,59
465,59
465,167
466,59
466,55
467,167
467,139
468,100
468,51
469,59
469,167
470,59
471,59
471,167
472,168
472,59
473,61
473,208
474,167
474,52
475,52
476,51
476,59
477,126
477,93
478,51
478,167
479,59
479,55
480,59
480,52
481,167
481,59
482,59
482,126
483,167
483,59
484,168
484,59
485,52
485,51
486,167
486,59
487,61
487,167
488,59
489,52
489,208
490,59
490,208
491,59
491,168
492,59
492,167
493,59
494,167
495,167
496,167
496,161
497,138
497,59
498,59
499,59
500,167
501,59
501,167
502,59
503,59
504,59
505,167
506,59
507,59
508,167
509,167
510,59
511,59
511,167
512,167
513,167
514,59
515,167
516,167
517,59
518,167
519,51
520,59
521,59
522,59
523,167
524,167
525,59
526,167
527,167
528,167
529,167
530,59
531,167
532,59
533,59
534,59
534,161
535,51
536,167
537,59
537,167
538,59
538,167
539,59
539,167
540,59
540,167
541,59
542,59
542,198
543,167
544,167
545,59
546,59
547,59
548,167
549,51
550,59
551,51
552,51
553,207
553,167
554,51
555,59
555,167
556,59
556,167
557,59
557,167
558,167
559,167
559,59
560,167
560,59
561,207
561,59
562,59
563,59
564,167
565,167
566,167
567,38
568,38
569,100
570,100
571,120
571,218
572,38
573,126
574,38
575,117
576,38
577,100
578,126
579,132
580,38
581,38
582,126
583,131
584,59
585,167
586,59
587,59
588,59
589,59
589,194
590,207
591,167
592,167
593,168
593,167
594,59
594,13
595,167
595,51
596,59
596,167
597,168
597,59
598,257
598,99
599,59
599,167
600,59
601,59
601,168
602,59
603,167
603,99
604,59
604,168
605,167
606,167
607,168
608,13
608,59
609,52
609,257
610,59
610,167
611,59
611,167
612,59
613,59
614,144
615,144
615,145
616,144
616,167
617,126
618,239
619,138
620,126
621,55
621,208
622,166
623,123
624,59
625,167
626,59
627,59
628,168
629,123
630,99
631,47
632,168
633,167
634,167
635,59
636,168
636,100
637,59
638,167
639,99
640,167
641,258
641,59
642,168
643,59
644,256
645,167
646,166
647,59
648,167
649,59
650,55
651,208
651,167
652,167
652,208
653,59
654,59
654,208
655,59
655,208
656,59
656,198
657,167
658,59
658,208
659,167
659,208
660,59
660,208
661,59
661,208
662,59
662,208
663,51
664,59
664,208
665,208
665,198
666,59
667,167
667,59
668,59
669,59
669,167
670,59
671,59
671,167
672,55
672,257
673,208
673,59
674,59
674,99
675,59
675,13
676,99
677,55
678,59
678,198
679,168
680,167
680,127
681,167
682,167
683,167
683,208
684,167
684,208
685,127
685,59
686,59
686,127
687,167
687,127
688,264
688,59
689,59
690,208
690,167
691,59
691,208
692,167
693,208
693,167
694,3
694,51
695,51
696,59
696,17
697,167
697,51
698,51
699,264
699,208
700,55
700,126
701,51
702,51
702,257
703,51
704,167
705,51
705,59
706,167
706,226
707,59
707,51
708,55
708,59
709,167
709,198
710,55
710,99
711,59
712,198
712,126
713,59
714,55
715,161
716,167
717,167
717,55
718,167
719,167
720,99
721,55
721,110
722,55
722,161
723,167
723,55
724,167
724,55
725,167
725,55
726,100
727,123
728,167
729,59
730,167
731,167
732,167
733,167
733,194
734,167
735,167
736,144
736,55
737,138
737,239
738,138
738,239
739,55
739,134
740,138
740,239
741,55
742,131
742,198
743,99
744,130
744,164
745,55
745,99
746,163
746,55
747,144
747,145
748,55
749,144
749,55
750,55
751,104
751,12
752,264
752,263
753,232
753,55
754,138
754,239
755,99
756,100
756,138
757,5
757,35
758,99
758,55
759,5
760,55
760,131
761,55
761,5
762,163
762,55
763,138
763,239
764,144
765,138
765,239
766,138
766,208
767,138
767,239
768,55
768,47
769,55
769,6
770,138
770,239
771,144
771,55
772,100
772,55
773,55
773,5
774,55
774,150
775,144
775,198
776,138
776,239
777,123
777,198
778,99
779,144
779,55
780,55
781,55
781,144
782,99
782,52
783,55
783,5
784,138
784,246
785,144
786,138
786,272
787,138
787,239
788,138
788,239
789,144
789,235
790,138
790,239
791,232
792,55
792,104
793,131
793,198
794,55
794,168
795,53
795,55
796,55
797,189
797,150
798,55
798,5
799,55
800,264
800,55
801,55
802,150
803,138
803,239
804,264
804,150
805,164
805,151
806,55
806,5
807,55
808,123
808,55
809,55
810,131
810,55
811,138
811,239
812,5
812,55
813,55
813,100
814,163
814,55
815,123
815,55
816,55
816,6
817,55
817,59
818,138
818,239
819,164
819,161
820,55
820,126
821,5
822,55
822,59
823,163
823,198
824,94
824,55
825,5
825,6
826,55
826,5
827,55
828,55
828,6
829,258
829,167
830,59
830,167
831,167
831,57
832,104
833,57
833,100
834,258
834,167
835,161
835,100
836,167
836,258
837,161
837,167
838,139
839,257
839,161
840,61
840,57
841,167
842,117
843,103
844,44
845,103
846,103
847,252
848,250
848,55
849,167
850,167
851,92
852,167
852,55
853,99
854,126
855,250
856,59
857,100
858,167
859,123
860,100
861,252
862,123
862,55
863,252
864,250
865,252
866,250
867,250
868,236
869,250
870,252
871,100
872,252
873,100
874,250
875,138
876,207
877,55
878,167
879,59
879,167
880,59
881,42
881,55
882,55
883,167
884,55
884,167
885,55
886,59
887,167
888,59
889,55
890,167
891,138
892,167
893,59
893,167
894,257
895,59
896,167
897,167
898,59
899,22
900,167
901,167
902,55
903,55
904,55
905,167
906,59
907,138
908,167
908,257
909,55
909,161
910,59
910,83
911,167
912,59
912,167
913,198
914,167
914,257
915,55
916,167
917,53
918,59
919,93
920,104
921,167
922,59
923,59
923,167
924,55
925,59
925,167
926,167
927,105
927,59
928,59
928,167
929,55
930,55
931,55
932,55
933,59
934,167
934,59
935,167
935,257
936,104
937,59
938,59
939,167
940,55
940,167
941,167
941,51
942,59
942,7
943,127
944,264
944,263
945,55
946,167
947,59
948,167
949,167
950,163
950,104
951,257
951,208
952,167
952,198
953,59
954,167
954,55
955,59
955,167
956,138
957,55
958,167
959,167
960,138
961,167
962,59
963,167
964,167
965,59
966,138
967,59
967,7
968,59
969,104
970,55
971,138
972,167
973,167
974,55
975,167
975,59
976,138
977,55
977,257
978,55
979,167
980,167
981,126
982,167
983,167
984,59
985,167
986,257
986,167
987,59
988,167
988,232
989,257
989,167
990,207
990,257
991,55
992,59
992,167
993,167
994,111
995,55
996,167
997,167
998,55
998,198
999,167
1000,207
1001,59
1002,55
1003,167
1004,161
1004,167
1005,59
1006,59
1007,55
1007,161
1008,59
1009,132
1010,167
1010,42
1011,59
1011,126
1012,59
1013,167
1014,167
1015,161
1015,167
1016,167
1017,161
1017,100
1018,59
1019,59
1020,59
1020,198
1021,167
1022,59
1023,257
1024,132
1025,59
1026,138
1027,51
1028,104
1029,207
1029,111
1030,167
1031,167
1032,167
1033,59
1034,167
1034,208
1035,138
1036,55
1036,198
1037,132
1038,167
1038,93
1039,269
1039,55
1040,55
1041,167
1042,104
1042,127
1043,59
1043,257
1044,105
1045,55
1046,59
1047,167
1048,59
1049,59
1050,59
1051,55
1051,257
1052,104
1052,139
1053,167
1054,111
1055,167
1056,59
1057,59
1057,208
1058,167
1059,55
1059,198
1060,59
1060,55
1061,93
1062,104
1063,55
1064,167
1065,167
1066,55
1067,257
1067,55
1068,55
1068,167
1069,55
1069,257
1070,59
1071,55
1072,59
1073,55
1073,59
1074,59
1075,55
1076,167
1077,257
1078,59
1079,167
1080,167
1081,167
1082,55
1083,161
1083,167
1084,167
1085,167
1086,167
1086,257
1087,59
1087,207
1088,257
1088,55
1089,167
1090,59
1091,198
1091,167
1092,55
1093,55
1094,167
1095,59
1095,161
1096,167
1097,104
1098,167
1099,167
1099,7
1100,55
1100,41
1101,59
1101,257
1102,167
1102,93
1103,59
1103,55
1104,55
1105,59
1106,167
1107,59
1108,167
1109,257
1110,59
1110,208
1111,167
1112,59
1113,59
1113,104
1114,104
1115,59
1116,167
1117,44
1118,99
1119,38
1120,44
1121,126
1122,38
1123,99
1124,213
1125,141
1126,213
1127,48
1128,213
1129,48
1130,25
1131,141
1132,38
1133,131
1134,173
1135,212
1136,213
1137,141
1138,38
1139,213
1140,126
1141,245
1142,38
1143,38
1144,92
1145,38
1146,38
1147,78
1148,38
1149,38
1150,213
1151,173
1152,38
1153,103
1154,126
1155,213
1156,100
1157,213
1158,126
1159,156
1159,55
1160,92
1161,252
1162,187
1163,100
1164,138
1164,239
1165,21
1166,21
1167,163
1168,99
1168,55
1169,138
1169,239
1170,5
1170,55
1171,21
1172,123
1172,55
1173,59
1173,161
1174,55
1174,5
1175,232
1175,55
1176,5
1176,230
1177,163
1177,55
1178,21
1178,5
1179,132
1179,167
1180,207
1180,55
1181,161
1181,111
1182,59
1183,132
1184,57
1184,167
1185,59
1185,161
1186,132
1187,167
1187,132
1188,55
1188,161
1189,57
1189,55
1190,167
1190,152
1191,57
1191,59
1192,59
1192,161
1193,207
1194,198
1194,51
1195,167
1195,207
1196,132
1196,57
1197,3
1197,167
1198,190
1198,167
1199,167
1199,37
1200,167
1200,208
1201,59
1202,55
1203,57
1203,59
1204,161
1204,55
1205,55
1205,161
1206,55
1207,132
1207,167
1208,57
1208,167
1209,59
1209,55
1210,167
1211,167
1211,159
1212,198
1212,257
1213,57
1213,13
1214,57
1214,167
1215,57
1215,59
1216,59
1216,37
1217,167
1217,37
1218,167
1219,161
1219,167
1220,59
1221,261
1221,59
1222,57
1222,55
1223,59
1223,55
1224,167
1224,51
1225,167
1225,55
1226,167
1227,190
1227,55
1228,3
1228,59
1229,167
1229,51
1230,55
1230,73
1231,161
1231,59
1232,37
1232,55
1233,219
1233,167
1234,132
1234,59
1235,55
1236,132
1237,57
1237,59
1238,207
1239,167
1239,207
1240,161
1240,167
1241,59
1241,55
1242,167
1242,51
1243,132
1244,57
1244,59
1245,57
1245,55
1246,167
1247,37
1247,59
1248,57
1248,59
1249,264
1249,208
1250,59
1251,167
1251,59
1252,59
1253,55
1254,59
1255,59
1256,167
1256,126
1257,207
1257,167
1258,219
1258,55
1259,167
1259,207
1260,55
1261,57
1261,59
1262,37
1262,55
1263,219
1263,59
1264,132
1265,59
1266,59
1266,127
1267,59
1267,55
1268,161
1269,59
1270,59
1270,167
1271,167
1271,198
1272,55
1272,59
1273,132
1273,59
1274,59
1274,198
1275,190
1275,167
1276,59
1276,132
1277,132
1277,59
1278,65
1278,167
1279,131
1279,167
1280,167
1281,59
1282,131
1282,51
1283,59
1283,55
1284,51
1284,57
1285,161
1286,167
1286,55
1287,59
1287,55
1288,51
1288,167
1289,198
1289,51
1290,167
1291,59
1292,59
1292,127
1293,207
1293,51
1294,59
1294,207
1295,132
1295,59
1296,55
1296,59
1297,131
1297,59
1298,190
1298,167
1299,138
1299,12
1300,59
1300,55
1301,37
1301,55
1302,57
1302,59
1303,167
1303,161
1304,167
1304,57
1305,55
1306,132
1307,190
1307,51
1308,59
1308,3
1309,59
1310,51
1310,132
1311,132
1311,59
1312,59
1312,55
1313,131
1313,167
1314,132
1314,59
1315,132
1316,37
1316,55
1317,57
1317,55
1318,59
1319,59
1319,55
1320,132
1321,167
1321,59
1322,198
1322,208
1323,207
1323,132
1324,131
1324,59
1325,161
1325,55
1326,59
1327,55
1327,167
1328,59
1328,132
1329,65
1329,55
1330,57
1330,167
1331,55
1331,59
1332,59
1332,131
1333,132
1333,219
1334,55
1335,59
1335,55
1336,59
1337,59
1337,55
1338,132
1338,59
1339,55
1339,127
1340,59
1340,55
1341,219
1341,55
1342,59
1342,34
1343,59
1344,207
1344,55
1345,57
1345,59
1346,55
1346,59
1347,132
1347,59
1348,132
1348,59
1349,132
1350,59
1350,55
1351,207
1351,55
1352,59
1353,132
1354,132
1354,127
1355,59
1355,55
1356,57
1356,55
1357,57
1357,167
1358,167
1358,184
1359,59
1359,55
1360,59
1361,132
1361,138
1362,132
1362,59
1363,131
1363,167
1364,259
1364,167
1365,167
1365,3
1366,161
1367,132
1368,161
1368,167
1369,207
1370,59
1371,167
1372,55
1372,208
1373,59
1373,55
1374,167
1374,132
1375,59
1375,167
1376,59
1376,55
1377,59
1378,152
1378,167
1379,167
1380,57
1380,59
1381,161
1381,132
1382,167
1382,132
1383,93
1383,55
1384,37
1384,55
1385,37
1385,161
1386,207
1387,57
1387,59
1388,207
1388,167
1389,190
1389,167
1390,59
1391,59
1391,55
1392,3
1392,167
1393,132
1394,8
1394,55
1395,132
1395,59
1396,207
1396,131
1397,87
1398,59
1399,132
1399,59
1400,167
1400,93
1401,59
1401,55
1402,55
1402,132
1403,59
1403,55
1404,167
1404,57
1405,55
1405,127
1406,161
1406,55
1407,132
1408,132
1409,161
1409,219
1410,138
1410,239
1411,132
1411,167
1412,57
1412,59
1413,8
1413,59
1414,55
1414,37
1415,161
1415,59
1416,87
1416,167
1417,59
1417,55
1418,167
1418,161
1419,59
1419,34
1420,207
1421,93
1421,59
1422,59
1422,219
1423,167
1424,59
1424,55
1425,59
1425,55
1426,59
1426,57
1427,59
1427,167
1428,161
1429,132
1430,132
1431,126
1431,132
1432,59
1433,59
1433,55
1434,55
1434,59
1435,59
1436,161
1436,167
1437,167
1437,131
1438,72
1438,55
1439,132
1440,57
1440,167
1441,167
1442,132
1443,132
1444,152
1444,55
1445,132
1446,55
1446,167
1447,167
1448,167
1448,69
1449,59
1449,127
1450,55
1450,132
1451,207
1452,55
1453,59
1454,161
1454,59
1455,57
1455,167
1456,57
1456,59
1457,55
1457,87
1458,55
1458,259
1459,55
1459,59
1460,59
1460,132
1461,203
1461,167
1462,167
1462,59
1463,55
1463,208
1464,59
1465,57
1465,93
1466,57
1466,59
1467,167
1467,34
1468,59
1468,261
1469,55
1469,265
1470,132
1470,219
1471,68
1471,59
1472,59
1472,55
1473,87
1473,198
1474,3
1474,59
1475,132
1475,190
1476,198
1476,257
1477,59
1477,55
1478,159
1478,167
1479,190
1479,55
1480,59
1481,219
1481,167
1482,59
1483,59
1484,69
1484,167
1485,167
1486,152
1486,59
1487,132
1487,59
1488,59
1489,131
1489,161
1490,167
1490,259
1491,167
1492,57
1492,59
1493,259
1493,55
1494,132
1495,59
1495,55
1496,219
1496,55
1497,153
1497,51
1498,167
1498,8
1499,59
1500,8
1500,167
1501,259
1501,132
1502,59
1502,127
1503,57
1503,59
1504,59
1505,59
1506,93
1506,167
1507,259
1507,59
1508,161
1508,55
1509,59
1510,59
1510,55
1511,207
1511,55
1512,264
1512,59
1513,104
1513,59
1514,55
1514,132
1515,57
1515,167
1516,126
1517,57
1517,59
1518,167
1518,88
1519,139
1520,131
1521,47
1522,138
1522,239
1523,138
1523,239
1524,5
1525,138
1525,239
1526,138
1526,239
1527,55
1528,5
1529,55
1530,55
1531,59
1532,167
1533,167
1533,208
1534,264
1534,59
1535,263
1535,126
1536,198
1536,55
1537,51
1538,52
1538,93
1539,59
1539,208
1540,139
1541,167
1541,205
1542,59
1542,208
1543,264
1543,167
1544,132
1544,208
1545,167
1545,93
1546,59
1546,161
1547,52
1547,93
1548,161
1548,208
1549,167
1549,104
1550,131
1550,127
1551,99
1551,127
1552,59
1552,242
1553,126
1553,59
1554,52
1554,198
1555,51
1555,167
1556,139
1556,104
1557,59
1557,167
1558,100
1558,126
1559,131
1559,51
1560,100
1561,264
1561,167
1562,167
1562,93
1563,100
1564,127
1565,55
1565,208
1566,167
1566,93
1567,59
1567,127
1568,59
1569,52
1569,55
1570,161
1570,167
1571,167
1571,208
1572,59
1572,57
1573,168
1574,207
1574,99
1575,51
1576,161
1576,127
1577,131
1577,161
1578,257
1578,51
1579,55
1579,161
1580,168
1580,208
1581,167
1582,161
1582,208
1583,168
1583,99
1584,51
1584,208
1585,59
1586,55
1586,161
1587,168
1587,93
1588,51
1588,167
1589,167
1589,161
1590,167
1590,99
1591,99
1591,55
1592,100
1592,208
1593,55
1594,52
1594,93
1595,198
1595,242
1596,161
1596,131
1597,161
1597,100
1598,167
1599,14
1599,167
1600,47
1601,59
1601,167
1602,3
1602,242
1603,59
1603,57
1604,131
1605,132
1605,167
1606,167
1607,168
1607,51
1608,57
1609,161
1609,208
1610,59
1610,3
1611,167
1611,127
1612,167
1612,3
1613,100
1614,168
1614,51
1615,168
1615,51
1616,59
1616,126
1617,52
1618,259
1619,167
1619,208
1620,167
1620,127
1621,55
1621,51
1622,132
1623,168
1623,93
1624,167
1624,93
1625,51
1625,208
1626,161
1626,208
1627,51
1627,167
1628,161
1628,51
1629,55
1629,127
1630,59
1631,161
1631,51
1632,55
1632,51
1633,167
1633,51
1634,51
1634,257
1635,126
1635,131
1636,167
1636,208
1637,168
1638,59
1639,138
1640,99
1641,47
1642,99
1642,55
1643,47
1644,239
1645,138
1646,239
1647,99
1648,99
1649,138
1650,246
1651,99
1651,55
1652,99
1652,55
1653,99
1654,138
1655,239
1656,99
1657,246
1658,131
1659,272
1660,138
1661,246
1662,239
1663,99
1664,239
1665,138
1666,246
1667,99
1668,99
1669,99
1670,131
1671,126
1672,138
1673,138
1674,246
1675,239
1676,138
1677,99
1678,246
1679,99
1680,138
1681,246
1682,138
1683,246
1684,239
1685,138
1686,138
1687,138
1688,99
1688,100
1689,99
1690,131
1691,99
1692,138
1693,138
1694,55
1694,233
1695,99
1696,138
1697,138
1698,239
1699,99
1700,138
1701,99
1701,55
1702,138
1703,47
1704,138
1705,99
1706,239
1707,138
1708,138
1709,99
1710,216
1711,47
1712,99
1712,100
1713,239
1714,138
1715,99
1716,47
1717,239
1718,138
1719,239
1720,99
1720,55
1721,138
1722,138
1723,246
1724,24
1725,138
1726,99
1726,55
1727,99
1728,272
1729,239
1730,138
1731,47
1732,99
1733,55
1734,47
1735,138
1736,138
1737,99
1737,55
1738,99
1739,131
1740,246
1741,239
1742,47
1743,138
1744,239
1745,138
1746,138
1746,246
1747,131
1748,99
1749,138
1750,99
1751,24
1752,99
1753,138
1754,262
1755,99
1756,138
1757,239
1758,138
1759,131
1760,138
1761,99
1761,55
1762,99
1762,55
1763,239
1764,58
1765,99
1766,138
1767,138
1768,131
1768,55
1769,38
1770,100
1771,245
1772,126
1773,100
1774,48
1775,212
1776,38
1777,131
1778,38
1779,92
1780,80
1781,117
1782,38
1783,25
1784,120
1785,38
1786,25
1787,131
1788,264
1789,38
1790,245
1791,38
1792,25
1793,100
1794,25
1795,120
1796,59
1796,208
1797,168
1797,52
1798,59
1799,59
1799,100
1800,59
1801,167
1802,168
1802,208
1803,168
1804,168
1805,167
1806,167
1807,61
1808,167
1808,168
1809,59
1810,168
1811,61
1812,59
1813,167
1814,167
1814,104
1815,61
1816,59
1817,13
1817,167
1818,168
1819,59
1820,51
1821,61
1821,100
1822,168
1823,269
1823,93
1824,59
1824,168
1825,168
1826,167
1827,198
1827,167
1828,167
1828,168
1829,59
1829,184
1830,167
1831,93
1831,168
1832,167
1833,59
1834,11
1834,13
1835,167
1836,99
1837,59
1838,57
1838,167
1839,198
1839,167
1840,167
1841,59
1842,59
1842,168
1843,61
1844,59
1844,55
1845,167
1846,168
1847,168
1847,167
1848,167
1849,61
1850,93
1850,167
1851,168
1851,127
1852,167
1853,184
1853,61
1854,138
1855,168
1856,59
1856,57
1857,59
1857,205
1858,59
1858,61
1859,167
1859,168
1860,168
1861,168
1862,167
1863,167
1864,167
1865,167
1866,61
1867,93
1867,208
1868,59
1868,168
1869,167
1870,59
1871,52
1872,168
1873,59
1874,167
1875,61
1876,167
1877,167
1878,184
1879,167
1879,239
1880,168
1881,167
1882,168
1883,52
1883,61
1884,13
1885,167
1886,100
1887,167
1888,59
1888,167
1889,59
1890,207
1890,99
1891,59
1891,269
1892,167
1892,161
1893,167
1893,59
1894,168
1895,59
1895,104
1896,167
1897,14
1898,138
1898,239
1899,138
1899,239
1900,55
1900,177
1901,47
1901,82
1902,99
1902,198
1903,55
1903,198
1904,55
1904,177
1905,104
1905,55
1906,55
1906,177
1907,138
1907,239
1908,55
1909,131
1909,55
1910,163
1911,55
1912,138
1913,138
1913,55
1914,161
1915,131
1915,207
1916,55
1917,131
1917,55
1918,47
1918,55
1919,55
1919,99
1920,138
1920,239
1921,138
1922,163
1922,55
1923,55
1924,55
1925,55
1926,131
1926,198
1927,55
1927,59
1928,218
1929,103
1930,218
1931,100
1932,92
1933,264
1934,218
1935,218
1936,218
1937,218
1938,218
1939,150
1940,100
1941,100
1942,59
1943,12
1944,117
1944,218
1945,243
1946,167
1947,138
1948,38
1949,100
1950,239
1951,167
1952,244
1953,114
1954,100
1955,138
1956,38
1957,239
1958,243
1959,138
1960,92
1961,132
1962,92
1963,100
1964,21
1965,100
1966,243
1967,139
1968,55
1969,59
1970,243
1971,244
1972,126
1973,138
1974,243
1975,235
1976,243
1977,239
1978,244
1979,243
1980,250
1980,55
1981,139
1982,235
1982,5
1983,138
1983,257
1984,35
1984,93
1985,138
1985,239
1986,35
1987,99
1987,35
1988,55
1988,168
1989,138
1989,239
1990,138
1990,55
1991,138
1991,239
1992,131
1993,138
1993,239
1994,55
1994,207
1995,138
1995,239
1996,59
1996,55
1997,138
1998,5
1998,55
1999,35
2000,144
2000,55
2001,138
2001,55
2002,55
2002,131
2003,55
2003,11
2004,55
2005,35
2006,138
2006,239
2007,55
2007,99
2008,138
2008,239
2009,47
2009,55
2010,55
2010,35
2011,55
2011,5
2012,163
2012,207
2013,11
2013,55
2014,235
2015,35
2015,131
2016,99
2016,55
2017,35
2017,55
2018,99
2018,55
2019,99
2019,35
2020,138
2020,239
2021,35
2022,55
2022,6
2023,55
2023,6
2024,55
2025,138
2025,239
2026,138
2026,239
2027,163
2027,55
2028,55
2029,55
2029,12
2030,35
2030,55
2031,55
2031,35
2032,5
2032,51
2033,250
2033,35
2034,55
2034,207
2035,207
2035,55
2036,55
2037,55
2037,99
2038,131
2038,55
2039,35
2039,55
2040,144
2040,55
2041,35
2041,167
2042,35
2042,55
2043,138
2043,55
2044,167
2045,138
2045,239
2046,168
2047,99
2048,256
2049,194
2050,59
2051,138
2052,47
2052,55
2053,55
2053,164
2054,59
2055,124
2056,167
2057,139
2058,55
2059,131
2060,126
2061,38
2062,268
2063,248
2064,267
2065,100
2066,268
2067,59
2067,208
2068,167
2068,59
2069,167
2070,167
2071,167
2071,59
2072,167
2072,59
2073,59
2073,161
2074,161
2075,167
2075,161
2076,55
2076,63
2077,131
2078,92
2079,92
2080,239
2081,126
2081,220
2082,156
2082,55
2083,38
2084,92
2085,247
2086,145
2087,126
2088,126
2089,92
2090,126
2091,236
2092,100
2093,126
2094,100
2095,126
2096,100
2097,132
2098,100
2099,239
2100,239
2101,99
2102,38
2103,187
2104,239
2105,12
2106,187
2107,126
2108,132
2109,21
2110,38
2111,235
2112,38
2112,218
2113,139
2114,38
2115,239
2116,132
2117,239
2118,167
2119,59
2120,232
2120,161
2121,167
2122,167
2123,93
2123,59
2124,55
2124,93
2125,167
2125,161
2126,167
2127,59
2127,208
2128,167
2128,59
2129,59
2129,167
2130,167
2131,167
2132,167
2133,167
2133,126
2134,126
2135,44
2136,91
2137,38
2138,38
2139,100
2140,38
2141,38
2142,38
2143,38
2144,38
2145,78
2146,44
2147,38
2148,218
2149,38
2150,103
2151,218
2152,167
2153,167
2154,59
2155,59
2156,167
2157,167
2158,167
2159,167
2160,207
2161,59
2162,167
2162,198
2163,111
2164,167
2165,167
2166,167
2166,127
2167,167
2167,100
2168,167
2169,59
2170,167
2171,179
2172,59
2173,59
2174,99
2175,167
2175,59
2176,167
2176,76
2177,138
2177,239
2178,167
2179,167
2180,167
2180,59
2181,167
2182,167
2183,167
2183,59
2184,167
2185,59
2186,59
2187,59
2188,167
2189,55
2189,207
2190,167
2191,59
2192,59
2193,138
2194,239
2195,59
2196,167
2197,167
2198,167
2199,239
2200,167
2201,167
2201,52
2202,59
2203,59
2204,59
2205,51
2206,167
2207,167
2208,59
2208,127
2209,167
2210,55
2211,167
2212,59
2213,167
2214,59
2215,167
2216,59
2217,59
2218,59
2219,138
2219,239
2220,138
2221,138
2222,55
2223,59
2223,27
2224,139
2225,131
2226,138
2227,138
2228,13
2229,132
2230,131
2231,138
2232,13
2233,138
2234,163
2235,163
2235,55
2236,59
2236,264
2237,163
2237,257
2238,163
2238,59
2239,59
2239,163
2240,163
2240,55
2241,163
2241,55
2242,163
2242,104
2243,59
2243,163
2244,207
2244,163
2245,163
2245,257
2246,55
2246,163
2247,55
2247,163
2248,163
2248,59
2249,163
2250,99
2251,138
2252,138
2253,239
2254,138
2255,138
2256,99
2257,138
2258,138
2259,47
2260,99
2261,131
2262,131
2263,138
2264,138
2265,138
2266,138
2267,138
2268,276
2269,276
2270,276
2271,276
2272,126
2273,245
2274,276
2275,48
2276,138
2276,239
2277,55
2278,138
2278,239
2279,189
2279,55
2280,267
2280,99
2281,131
2281,55
2282,55
2282,131
2283,138
2283,55
2284,55
2284,11
2285,53
2285,150
2286,161
2286,55
2287,138
2287,239
2288,138
2288,239
2289,235
2289,232
2290,144
2290,235
2291,55
2292,104
2292,239
2293,138
2293,239
2294,99
2294,55
2295,55
2295,5
2296,5
2297,55
2298,55
2299,138
2299,239
2300,163
2300,198
2301,126
2302,47
2303,99
2304,138
2305,47
2306,138
2307,138
2308,138
2309,138
2310,138
2311,102
2312,138
2313,138
2314,131
2315,131
2316,131
2317,138
2318,232
2319,138
2320,138
2321,99
2322,138
2323,99
2324,138
2325,138
2326,246
2326,138
2327,138
2328,138
2329,272
2330,138
2331,138
2332,99
2333,138
2334,138
2335,138
2336,138
2337,126
2338,99
2339,239
2340,138
2341,138
2342,239
2343,138
2344,239
2345,246
2346,138
2347,138
2348,99
2349,138
2350,138
2351,272
2352,138
2353,138
2354,55
2355,138
2356,138
2357,131
2358,138
2359,99
2360,138
2361,138
2362,138
2363,138
2364,99
2365,138
2366,138
2367,239
2368,138
2369,126
2370,138
2371,99
2372,138
2373,138
2374,99
2375,99
2376,138
2377,131
2378,138
2378,246
2379,131
2380,99
2381,138
2382,99
2383,131
2383,132
2384,138
2385,138
2386,138
2387,138
2388,131
2389,246
2390,138
2391,138
2392,99
2393,138
2394,138
2395,239
2396,99
2397,99
2398,138
2399,138
2400,138
2401,99
2402,131
2403,138
2404,138
2405,99
2406,232
2407,99
2408,138
2409,138
2410,138
2411,138
2412,138
2413,239
2414,246
2414,138
2415,138
2416,138
2417,138
2418,99
2419,138
2420,102
2421,138
2422,138
2423,131
2424,99
2425,138
2426,99
2427,99
2428,138
2429,138
2430,138
2431,138
2432,239
2433,138
2434,239
2435,239
2436,138
2437,272
2438,131
2439,99
2440,272
2441,138
2442,138
2443,138
2444,47
2445,138
2446,47
2447,138
2448,138
2449,239
2450,167
2451,167
2452,59
2452,55
2453,167
2453,59
2454,161
2454,55
2455,59
2455,55
2456,167
2456,99
2457,59
2457,167
2458,59
2458,208
2459,51
2459,127
2460,52
2460,161
2461,59
2461,167
2462,99
2463,59
2463,168
2464,59
2465,59
2465,208
2466,167
2466,127
2467,51
2468,59
2468,167
2469,167
2469,13
2470,52
2470,208
2471,51
2472,51
2472,208
2473,51
2473,198
2474,59
2474,93
2475,167
2475,127
2476,59
2476,57
2477,167
2477,59
2478,167
2478,59
2479,167
2479,208
2480,167
2480,127
2481,61
2481,167
2482,167
2483,59
2483,138
2484,167
2484,59
2485,55
2485,167
2486,59
2486,208
2487,167
2487,208
2488,100
2488,59
2489,59
2489,198
2490,167
2491,208
2491,167
2492,167
2493,167
2493,59
2494,59
2494,208
2495,168
2495,57
2496,167
2496,59
2497,131
2498,59
2498,93
2499,168
2500,167
2500,57
2501,167
2501,93
2502,167
2502,59
2503,59
2503,208
2504,59
2504,167
2505,167
2505,59
2506,161
2506,110
2507,52
2507,161
2508,138
2509,167
2509,93
2510,55
2510,93
2511,167
2511,208
2512,13
2512,167
2513,167
2513,202
2514,167
2515,59
2515,93
2516,167
2516,208
2517,167
2517,59
2518,100
2518,167
2519,51
2519,257
2520,59
2520,167
2521,168
2521,208
2522,167
2523,168
2524,100
2525,167
2525,59
2526,167
2526,208
2527,52
2527,167
2528,167
2528,208
2529,167
2529,57
2530,51
2530,208
2531,263
2531,59
2532,138
2532,239
2533,167
2533,55
2534,93
2534,57
2535,51
2535,161
2536,99
2536,207
2537,51
2537,168
2538,59
2538,93
2539,167
2539,127
2540,51
2540,93
2541,52
2542,59
2542,51
2543,11
2543,104
2544,167
2544,59
2545,127
2545,167
2546,59
2546,167
2547,168
2547,59
2548,51
2548,93
2549,51
2549,55
2550,168
2550,59
2551,59
2551,208
2552,168
2553,207
2553,167
2554,168
2555,59
2555,176
2556,93
2556,52
2557,138
2557,139
2558,93
2558,127
2559,168
2560,167
2560,59
2561,167
2561,127
2562,167
2562,100
2563,59
2563,167
2564,167
2564,57
2565,167
2565,208
2566,138
2566,167
2567,59
2568,55
2568,59
2569,104
2569,59
2570,167
2571,167
2571,198
2572,208
2572,198
2573,52
2573,93
2574,167
2575,57
2575,208
2576,167
2576,52
2577,51
2578,93
2578,208
2579,167
2580,59
2580,4
2581,52
2582,168
2582,161
2583,167
2583,59
2584,168
2584,59
2585,52
2585,208
2586,208
2586,132
2587,93
2587,59
2588,167
2588,127
2589,127
2589,93
2590,138
2590,239
2591,167
2591,59
2592,130
2592,167
2593,168
2594,51
2595,167
2596,167
2596,13
2597,59
2597,167
2598,51
2599,167
2599,127
2600,59
2600,167
2601,59
2602,168
2602,127
2603,51
2603,167
2604,51
2605,161
2605,93
2606,52
2607,59
2607,167
2608,168
2608,208
2609,59
2609,161
2610,93
2611,168
2611,93
2612,168
2613,168
2613,208
2614,52
2615,59
2615,167
2616,167
2616,93
2617,168
2617,93
2618,51
2618,161
2619,59
2619,13
2620,167
2620,127
2621,93
2621,57
2622,198
2622,167
2623,167
2623,99
2624,59
2625,59
2625,208
2626,167
2626,127
2627,167
2627,59
2628,167
2628,93
2629,264
2630,167
2630,59
2631,167
2632,51
2633,51
2634,167
2634,51
2635,167
2635,208
2636,59
2636,198
2637,93
2638,168
2638,55
2639,104
2639,13
2640,167
2640,59
2641,167
2641,93
2642,51
2642,167
2643,99
2643,127
2644,167
2645,167
2645,168
2646,168
2646,59
2647,126
2647,127
2648,168
2649,52
2650,167
2650,51
2651,51
2651,93
2652,59
2652,167
2653,59
2653,104
2654,52
2654,198
2655,168
2655,51
2656,51
2656,167
2657,167
2657,57
2658,93
2658,59
2659,168
2660,93
2660,167
2661,167
2661,127
2662,208
2662,51
2663,127
2663,93
2664,59
2665,59
2665,51
2666,59
2666,168
2667,264
2668,59
2668,93
2669,51
2669,208
2670,167
2670,93
2671,167
2671,93
2672,131
2672,161
2673,93
2673,167
2674,126
2675,100
2676,55
2676,51
2677,168
2677,55
2678,52
2678,127
2679,167
2679,93
2680,51
2680,55
2681,167
2681,208
2682,167
2683,52
2683,99
2684,167
2684,59
2685,59
2685,51
2686,93
2686,51
2687,59
2687,167
2688,51
2688,167
2689,52
2690,198
2690,167
2691,51
2691,93
2692,51
2692,167
2693,52
2694,167
2694,93
2695,52
2695,93
2696,168
2697,131
2697,167
2698,93
2698,161
2699,167
2699,59
2700,167
2700,127
2701,168
2701,55
2702,55
2702,167
2703,59
2704,168
2704,59
2705,167
2705,93
2706,59
2707,167
2707,59
2708,167
2709,168
2709,59
2710,167
2710,59
2711,168
2711,59
2712,167
2713,167
2713,127
2714,167
2714,51
2715,59
2715,93
2716,52
2716,93
2717,167
2717,93
2718,167
2718,93
2719,55
2719,51
2720,167
2720,11
2721,51
2722,167
2723,167
2724,167
2725,167
2726,167
2727,167
2728,167
2729,167
2730,167
2731,167
2732,167
2733,167
2734,167
2735,51
2735,99
2736,167
2737,167
2738,167
2739,167
2740,167
2741,167
2742,167
2743,167
2744,167
2744,161
2745,59
2746,167
2746,207
2747,59
2747,167
2748,161
2749,59
2750,59
2751,167
2752,161
2753,167
2754,59
2755,51
2756,167
2757,167
2758,167
2759,59
2760,167
2761,167
2762,167
2762,59
2763,167
2763,207
2764,59
2765,59
2766,138
2767,59
2768,167
2769,167
2770,59
2771,167
2772,250
2772,12
2773,59
2774,163
2775,207
2775,167
2776,59
2776,167
2777,167
2777,59
2778,167
2779,59
2780,51
2781,59
2781,167
2782,59
2783,167
2784,167
2784,59
2785,167
2786,59
2786,167
2787,167
2788,59
2789,167
2790,167
2791,195
2792,167
2793,59
2794,167
2795,167
2795,59
2796,167
2797,167
2798,167
2799,257
2800,167
2801,167
2802,59
2802,167
2803,167
2804,167
2805,167
2806,104
2807,167
2808,167
2809,167
2810,167
2811,167
2811,59
2812,167
2813,167
2814,167
2815,167
2816,167
2817,167
2818,167
2819,207
2820,167
2821,167
2822,167
2823,189
2824,59
2825,167
2826,59
2827,167
2828,167
2829,167
2829,59
2830,59
2831,167
2832,167
2833,167
2833,59
2834,167
2835,59
2836,59
2837,167
2838,167
2839,195
2840,167
2841,59
2842,59
2842,167
2843,167
2844,167
2845,59
2845,167
2846,167
2847,167
2848,167
2849,59
2850,167
2851,167
2852,167
2853,51
2854,167
2855,167
2856,59
2856,167
2857,167
2858,59
2859,161
2860,167
2861,138
2862,59
2863,167
2864,167
2865,59
2866,167
2867,51
2868,167
2869,167
2870,167
2871,167
2872,167
2872,59
2873,59
2873,167
2874,167
2875,167
2876,59
2877,59
2878,167
2878,161
2879,167
2880,167
2881,167
2882,167
2882,59
2883,167
2884,167
2885,167
2886,167
2887,59
2888,167
2889,167
2890,167
2891,167
2892,167
2893,59
2894,59
2894,167
2895,167
2895,138
2896,167
2897,167
2898,59
2899,167
2900,167
2901,167
2902,51
2903,110
2903,161
2904,59
2905,59
2906,167
2907,167
2907,59
2908,167
2909,167
2909,257
2910,59
2911,167
2912,59
2913,167
2914,167
2915,167
2916,161
2916,167
2917,167
2918,167
2919,167
2920,167
2921,167
2922,167
2923,167
2924,167
2925,59
2926,167
2927,167
2928,167
2929,131
2929,167
2930,59
2931,167
2932,167
2932,59
2933,167
2934,167
2934,59
2935,59
2936,167
2937,167
2938,167
2939,59
2940,167
2941,167
2942,59
2943,167
2944,59
2945,167
2946,167
2947,167
2948,167
2949,167
2950,167
2951,167
2952,167
2952,59
2953,207
2954,131
2955,59
2956,167
2957,51
2958,167
2959,167
2960,167
2961,167
2962,59
2963,167
2964,167
2965,167
2966,51
2967,167
2967,51
2968,167
2969,167
2969,59
2970,167
2971,167
2972,59
2973,167
2974,167
2975,167
2976,167
2977,167
2978,51
2979,167
2980,59
2981,59
2982,59
2983,59
2984,167
2985,51
2986,167
2987,167
2987,161
2988,131
2989,167
2990,59
2991,167
2992,51
2993,257
2993,51
2994,167
2995,167
2996,138
2997,167
2998,59
2999,161
3000,167
3001,167
3002,59
3003,167
3004,59
3005,195
3006,167
3007,167
3008,167
3008,59
3009,195
3010,167
3011,167
3012,167
3013,59
3013,167
3014,167
3015,59
3015,167
3016,167
3017,167
3018,59
3019,264
3019,161
3020,167
3021,167
3022,167
3023,167
3023,59
3024,167
3025,167
3026,59
3027,167
3028,51
3029,167
3030,167
3031,167
3032,59
3033,167
3034,167
3035,167
3036,59
3037,59
3038,167
3039,167
3040,167
3041,161
3042,59
3043,59
3044,51
3045,59
3045,167
3046,47
3047,167
3048,167
3049,59
3050,59
3051,167
3052,167
3053,51
3054,167
3055,167
3056,167
3057,167
3058,167
3059,167
3060,167
3060,59
3061,167
3062,195
3062,167
3063,167
3063,59
3064,167
3065,167
3066,167
3067,51
3068,167
3069,167
3069,59
3070,131
3070,59
3071,167
3072,167
3073,167
3074,167
3075,167
3076,167
3077,167
3078,167
3079,51
3080,167
3081,167
3082,59
3083,167
3084,167
3085,167
3085,198
3086,59
3086,167
3087,257
3088,167
3089,167
3090,167
3091,59
3092,167
3093,167
3094,167
3095,167
3096,167
3097,167
3098,167
3099,167
3100,167
3101,167
3102,167
3103,167
3104,167
3104,59
3105,59
3106,138
3107,167
3108,167
3109,167
3110,131
3111,59
3111,167
3112,59
3113,167
3114,167
3115,59
3116,167
3117,167
3118,167
3119,59
3120,207
3120,167
3121,59
3122,167
3123,59
3124,167
3125,51
3125,167
3126,167
3127,51
3128,167
3129,167
3130,59
3131,167
3132,167
3133,167
3134,167
3135,167
3136,167
3137,59
3138,59
3139,59
3139,167
3140,167
3141,167
3142,167
3143,51
3144,167
3145,167
3146,167
3147,161
3148,59
3148,167
3149,167
3150,167
3150,161
3151,167
3152,167
3153,167
3154,195
3155,257
3156,167
3157,59
3158,167
3159,167
3160,161
3160,131
3161,167
3162,138
3163,167
3164,59
3165,167
3166,167
3166,195
3167,59
3168,167
3169,59
3170,167
3171,167
3172,167
3173,167
3174,167
3175,167
3176,167
3176,56
3177,167
3178,59
3179,167
3180,167
3181,167
3182,167
3183,167
3184,59
3185,167
3186,167
3187,167
3188,167
3189,59
3190,167
3191,167
3192,167
3193,167
3194,195
3195,51
3196,59
3197,167
3197,93
3198,167
3199,59
3199,167
3200,59
3201,167
3202,59
3203,59
3204,167
3205,59
3205,93
3206,167
3206,207
3207,59
3208,167
3209,59
3210,167
3211,167
3211,59
3212,167
3213,167
3213,59
3214,59
3215,167
3216,167
3217,167
3218,167
3219,167
3220,167
3221,167
3222,167
3223,59
3224,167
3225,59
3226,59
3227,167
3228,167
3229,167
3230,167
3231,167
3232,167
3233,167
3234,167
3235,167
3236,217
3237,138
3238,138
3239,100
3240,218
3241,38
3242,38
3243,239
3244,213
3245,144
3246,100
3247,99
3248,92
3248,111
3249,38
3250,100
3251,38
3252,100
3253,213
3254,126
3255,272
3256,38
3257,38
3258,131
3259,248
3260,38
3261,131
3262,207
3263,39
3264,38
3265,38
3266,38
3267,12
3268,38
3269,38
3270,138
3271,92
3272,38
3273,99
3274,276
3275,126
3276,131
3277,38
3278,123
3278,186
3279,39
3280,38
3281,173
3282,100
3283,138
3284,239
3285,38
3286,38
3287,38
3288,38
3289,92
3290,150
3291,92
3292,175
3293,38
3294,245
3295,235
3296,123
3297,38
3298,100
3299,138
3300,239
3301,167
3302,167
3303,167
3304,161
3305,167
3306,167
3306,55
3307,59
3308,167
3309,167
3310,59
3310,100
3311,264
3312,167
3313,138
3313,104
3314,167
3315,55
3316,59
3317,167
3318,59
3319,59
3320,55
3321,59
3322,59
3323,59
3323,161
3324,198
3324,59
3325,138
3325,59
3326,167
3327,55
3328,167
3329,55
3330,138
3331,55
3332,51
3332,167
3333,51
3333,26
3334,55
3334,168
3335,100
3336,167
3337,168
3337,127
3338,167
3339,57
3339,61
3340,131
3341,168
3342,184
3342,93
3343,52
3344,59
3345,59
3345,168
3346,59
3346,208
3347,168
3347,52
3348,131
3349,59
3350,59
3351,132
3352,168
3353,167
3354,59
3355,59
3355,184
3356,168
3356,59
3357,55
3357,168
3358,100
3359,168
3360,61
3361,168
3361,93
3362,167
3363,99
3363,208
3364,55
3364,93
3365,59
3366,61
3366,208
3367,93
3368,59
3369,168
3370,167
3371,159
3372,59
3372,13
3373,138
3373,239
3374,59
3375,59
3376,167
3376,61
3377,168
3378,168
3379,100
3379,61
3380,59
3381,100
3381,61
3382,167
3383,11
3384,208
3384,100
3385,167
3386,184
3386,59
3387,99
3387,52
3388,57
3388,52
3389,257
3390,131
3390,219
3391,167
3392,167
3392,100
3393,167
3394,61
3394,59
3395,168
3396,61
3397,167
3397,55
3398,59
3398,184
3399,167
3400,167
3401,167
3402,168
3402,99
3403,168
3404,115
3404,61
3405,257
3405,207
3406,269
3406,61
3407,61
3407,168
3408,168
3409,167
3409,208
3410,59
3410,184
3411,59
3412,61
3413,168
3414,51
3415,59
3415,184
3416,168
3417,167
3418,61
3418,168
3419,52
3420,51
3421,167
3422,207
3423,100
3424,138
3425,132
3426,59
3427,59
3428,59
3428,167
3429,168
3429,104
3430,168
3431,167
3431,168
3432,51
3433,59
3433,61
3434,167
3435,61
3436,61
3437,168
3438,168
3439,61
3440,257
3440,159
3441,167
3442,167
3442,100
3443,51
3444,52
3445,167
3446,167
3446,100
3447,250
3447,257
3448,51
3449,100
3450,168
3451,55
3452,55
3453,47
3454,144
3455,55
3455,144
3456,239
3457,55
3458,11
3459,239
3460,126
3460,144
3461,55
3462,126
3463,55
3464,144
3465,99
3465,100
3466,55
3467,144
3467,208
3468,138
3469,144
3470,55
3471,55
3471,145
3472,99
3473,55
3473,139
3474,138
3475,131
3476,167
3477,167
3477,207
3478,167
3479,166
3480,60
3481,166
3482,52
3483,167
3484,167
3485,166
3486,166
3486,198
3487,167
3488,168
3489,166
3490,166
3491,207
3492,29
3493,60
3494,167
3495,167
3496,166
3497,167
3498,167
3499,166
3499,198
3500,166
3500,198
3501,166
3502,167
3503,167
3504,166
3505,166
3505,198
3506,167
3507,167
3508,167
3509,167
3510,51
3511,167
3512,123
3513,59
3514,166
3515,166
3516,166
3517,47
3518,167
3519,166
3520,167
3521,138
3522,161
3523,167
3524,166
3525,167
3526,138
3527,59
3528,166
3529,99
3529,100
3530,167
3531,59
3532,166
3533,166
3534,167
3535,167
3536,166
3537,99
3538,29
3539,256
3540,256
3541,131
3542,167
3543,123
3544,207
3545,166
3546,123
3547,167
3548,123
3549,166
3550,166
3551,166
3552,232
3553,167
3554,166
3555,167
3556,166
3557,166
3558,167
3559,166
3560,163
3560,167
3561,167
3562,166
3563,123
3564,167
3565,166
3566,131
3567,138
3567,239
3568,60
3569,167
3570,166
3571,167
3572,167
3573,167
3574,167
3575,167
3576,167
3577,167
3577,198
3578,166
3578,55
3579,167
3580,167
3580,55
3581,166
3582,138
3583,167
3584,256
3585,166
3586,167
3586,51
3587,59
3588,99
3589,167
3590,166
3591,166
3592,100
3593,138
3593,239
3594,2
3595,2
3595,59
3596,59
3596,55
3597,123
3598,207
3599,161
3600,166
3601,167
3602,256
3603,60
3604,166
3605,166
3606,167
3607,166
3608,167
3608,128
3609,167
3610,167
3611,205
3612,167
3613,167
3614,131
3615,166
3616,232
3617,166
3618,167
3619,256
3620,167
3621,59
3622,166
3623,167
3624,167
3625,167
3626,167
3627,100
3628,167
3629,167
3630,167
3631,167
3632,167
3633,35
3633,167
3634,166
3635,166
3636,167
3637,60
3637,167
3638,99
3639,111
3640,55
3641,167
3642,167
3643,111
3644,55
3644,198
3645,167
3646,257
3646,59
3647,55
3647,207
3648,126
3649,167
3650,167
3651,198
3652,198
3652,13
3653,198
3653,208
3654,93
3655,93
3655,198
3656,14
3657,198
3657,208
3658,198
3659,93
3660,198
3660,17
3661,198
3661,208
3662,198
3663,17
3663,93
3664,198
3664,167
3665,55
3666,100
3667,198
3667,208
3668,59
3668,167
3669,17
3670,138
3671,208
3671,167
3672,198
3673,198
3674,199
3675,198
3675,208
3676,17
3677,93
3678,232
3679,198
3679,208
3680,198
3680,208
3681,198
3681,57
3682,57
3683,93
3684,17
3685,55
3686,17
3687,198
3688,57
3688,198
3689,93
3689,208
3690,198
3691,167
3691,191
3692,198
3693,198
3694,127
3695,110
3696,161
3696,104
3697,110
3697,55
3698,21
3699,104
3700,167
3701,267
3702,169
3703,164
3704,250
3705,234
3705,228
3706,164
3707,257
3708,167
3709,161
3710,167
3711,122
3712,131
3712,161
3713,122
3714,122
3715,257
3716,55
3716,122
3717,144
3718,123
3719,163
3719,198
3720,161
3721,43
3721,198
3722,234
3722,123
3723,47
3723,243
3724,47
3724,218
3725,250
3725,129
3726,207
3726,232
3727,123
3728,59
3728,122
3729,47
3729,198
3730,250
3731,249
3732,163
3733,38
3733,5
3734,144
3734,104
3735,47
3735,218
3736,5
3737,123
3738,134
3738,191
3739,144
3739,145
3740,47
3740,218
3741,191
3742,47
3742,218
3743,164
3744,131
3744,219
3745,123
3745,198
3746,47
3746,218
3747,163
3747,55
3748,267
3749,232
3749,207
3750,138
3750,224
3751,252
3752,32
3753,11
3754,5
3755,138
3755,59
3756,123
3757,5
3757,131
3758,234
3759,131
3759,134
3760,11
3760,46
3761,144
3761,264
3762,104
3762,11
3763,250
3764,47
3764,83
3765,191
3766,55
3766,227
3767,47
3767,78
3768,5
3768,77
3769,138
3769,197
3770,36
3771,264
3771,55
3772,104
3773,192
3773,83
3774,189
3775,47
3775,213
3776,21
3777,144
3778,131
3778,127
3779,163
3779,55
3780,5
3780,55
3781,131
3781,201
3782,250
3782,104
3783,55
3783,131
3784,131
3784,55
3785,263
3785,134
3786,163
3787,55
3787,131
3788,254
3789,75
3790,131
3790,106
3791,47
3791,213
3792,47
3792,198
3793,55
3793,59
3794,130
3794,164
3795,123
3795,198
3796,163
3797,144
3798,47
3798,38
3799,144
3799,21
3800,47
3800,218
3801,163
3801,198
3802,156
3803,191
3804,250
3805,77
3806,47
3807,138
3807,197
3808,47
3808,55
3809,138
3809,197
3810,163
3811,62
3811,59
3812,163
3813,123
3813,198
3814,11
3814,218
3815,161
3816,131
3817,227
3817,149
3818,156
3819,163
3820,230
3820,198
3821,163
3821,55
3822,55
3822,18
3823,55
3824,40
3824,198
3825,5
3826,191
3826,131
3827,161
3828,131
3829,1
3830,164
3831,11
3832,123
3832,55
3833,207
3833,21
3834,47
3834,198
3835,127
3835,11
3836,104
3836,55
3837,55
3837,99
3838,94
3839,232
3839,104
3840,5
3841,164
3842,191
3842,131
3843,131
3843,198
3844,106
3845,47
3845,5
3846,232
3846,233
3847,55
3847,5
3848,163
3849,161
3850,17
3851,55
3851,5
3852,163
3853,106
3853,89
3854,163
3855,163
3855,198
3856,131
3856,5
3857,123
3857,104
3858,250
3859,144
3859,5
3860,267
3861,5
3862,106
3863,161
3864,77
3864,131
3865,163
3865,198
3866,5
3866,106
3867,230
3867,198
3868,106
3868,6
3869,267
3870,131
3871,163
3872,258
3872,257
3873,258
3874,258
3875,55
3875,258
3876,258
3877,161
3878,258
3879,131
3880,257
3880,93
3881,257
3882,257
3883,167
3883,258
3884,258
3884,257
3885,131
3885,191
3886,258
3887,258
3887,111
3888,258
3888,257
3889,184
3889,208
3890,258
3890,55
3891,258
3891,257
3892,139
3893,258
3893,257
3894,258
3895,258
3896,127
3897,111
3897,258
3898,258
3899,54
3900,174
3901,103
3902,103
3903,103
3904,103
3905,103
3906,103
3907,103
3908,103
3909,103
3910,207
3911,222
3912,103
3913,174
3914,174
3915,207
3916,222
3917,174
3918,174
3919,103
3920,103
3921,222
3922,218
3923,174
3924,103
3925,207
3926,174
3927,103
3928,103
3929,174
3930,103
3931,103
3932,103
3933,264
3934,103
3935,174
3936,103
3937,103
3938,174
3939,103
3940,264
3941,103
3942,275
3943,103
3944,174
3945,103
3946,207
3947,250
3948,250
3949,174
3950,222
3951,129
3952,250
3953,250
3954,231
3955,222
3956,222
3957,231
3958,174
3959,231
3960,250
3961,236
3962,236
3963,174
3964,174
3965,250
3966,207
3967,250
3968,129
3969,236
3970,129
3971,252
3972,222
3973,253
3974,250
3975,236
3976,231
3977,207
3978,222
3979,231
3980,250
3981,207
3982,250
3983,236
3984,253
3985,231
3986,236
3987,174
3988,250
3989,129
3990,250
3991,111
3992,207
3993,252
3994,129
3995,178
3996,222
3997,250
3998,250
3999,129
4000,236
4001,174
4002,236
4003,222
4004,267
4005,250
4006,250
4007,222
4008,129
4009,129
4009,250
4010,236
4011,11
4012,236
4013,175
4014,129
4015,222
4016,250
4017,174
4018,222
4019,54
4020,174
4021,250
4022,222
4022,54
4023,231
4024,222
4025,250
4026,222
4027,92
4028,250
4029,250
4030,222
4031,207
4032,207
4033,267
4034,129
4035,231
4036,253
4037,231
4038,231
4039,236
4040,250
4041,236
4042,250
4043,250
4044,178
4045,174
4046,111
4047,250
4048,231
4049,178
4050,236
4051,231
4052,236
4053,250
4054,236
4055,231
4056,178
4057,174
4058,250
4059,236
4060,250
4061,236
4062,267
4063,267
4064,236
4065,250
4066,250
4067,174
4068,250
4069,253
4070,236
4071,174
4072,231
4073,174
4074,129
4075,252
4076,253
4076,231
4077,231
4078,178
4079,253
4080,129
4081,174
4082,174
4083,236
4084,207
4085,250
4086,236
4087,231
4088,231
4089,178
4090,236
4091,250
4092,253
4093,231
4094,250
4095,129
4096,250
4097,250
4098,222
4099,253
4100,250
4101,250
4102,55
4102,105
4103,55
4104,42
4105,207
4106,167
4107,55
4107,198
4108,257
4109,257
4110,167
4111,55
4112,55
4113,104
4114,55
4114,257
4115,233
4116,167
4116,199
4117,257
4117,111
4118,55
4119,105
4119,55
4120,257
4121,257
4122,167
4123,55
4124,55
4125,55
4126,138
4127,93
4127,257
4128,55
4129,55
4129,208
4130,55
4130,167
4131,138
4132,127
4133,55
4134,42
4135,198
4136,104
4137,198
4138,55
4139,257
4140,208
4141,257
4142,55
4143,257
4144,55
4144,198
4145,161
4146,55
4147,207
4148,167
4149,198
4149,55
4150,167
4151,198
4152,257
4153,257
4154,55
4155,257
4155,93
4156,207
4156,198
4157,257
4158,167
4159,55
4160,104
4161,257
4162,198
4162,257
4163,55
4164,257
4165,55
4166,127
4167,59
4168,257
4168,167
4169,257
4170,257
4171,208
4171,93
4172,257
4173,55
4174,167
4175,55
4176,55
4177,55
4178,257
4179,257
4180,55
4181,55
4181,7
4182,55
4183,257
4184,257
4185,207
4186,93
4186,198
4187,198
4187,167
4188,257
4189,167
4190,198
4191,257
4192,59
4193,55
4194,161
4195,257
4196,257
4197,257
4198,198
4199,257
4199,55
4200,104
4201,257
4202,257
4202,167
4203,55
4204,115
4205,55
4206,257
4207,59
4207,257
4208,104
4209,257
4210,200
4210,257
4211,55
4212,257
4213,257
4214,93
4215,257
4215,198
4216,198
4217,55
4218,159
4219,257
4220,257
4221,257
4222,104
4222,257
4223,257
4224,163
4225,198
4226,167
4227,167
4228,127
4229,257
4229,104
4230,257
4231,200
4232,257
4233,99
4234,167
4235,257
4236,198
4236,93
4237,257
4237,59
4238,167
4238,104
4239,105
4240,55
4241,55
4241,167
4242,257
4243,167
4243,200
4244,167
4245,198
4246,55
4246,208
4247,161
4248,257
4249,198
4250,22
4251,167
4252,257
4253,257
4253,159
4254,257
4255,42
4256,198
4257,257
4258,208
4259,257
4259,55
4260,257
4261,257
4262,167
4263,198
4264,257
4265,257
4266,207
4266,93
4267,99
4268,257
4269,198
4269,161
4270,200
4270,93
4271,198
4272,104
4273,55
4274,105
4275,198
4276,55
4277,257
4278,7
4279,257
4279,198
4280,131
4281,104
4282,55
4282,257
4283,127
4283,161
4284,104
4285,257
4286,257
4287,22
4288,55
4289,167
4289,55
4290,257
4291,257
4292,104
4292,167
4293,198
4294,167
4295,55
4296,167
4296,257
4297,198
4297,257
4298,55
4299,55
4299,7
4300,200
4301,55
4302,257
4303,198
4304,104
4305,193
4305,198
4306,257
4307,167
4308,93
4309,257
4310,257
4310,59
4311,257
4312,257
4313,257
4314,55
4315,78
4316,175
4317,174
4318,232
4319,245
4320,213
4321,213
4322,78
4323,99
4324,117
4325,174
4326,174
4327,264
4328,173
4329,174
4330,175
4331,213
4332,250
4333,213
4334,174
4335,213
4336,213
4337,264
4338,141
4339,47
4340,38
4341,78
4342,174
4343,174
4343,213
4344,103
4345,164
4346,236
4347,156
4348,236
4349,236
4350,236
4351,247
4352,236
4353,123
4354,113
4355,236
4356,174
4357,222
4358,187
4359,123
4360,236
4361,236
4362,236
4363,236
4364,38
4365,174
4366,187
4367,234
4368,38
4369,174
4370,187
4371,236
4372,156
4373,156
4374,174
4375,236
4376,250
4377,267
4378,156
4379,236
4380,156
4381,174
4382,207
4383,187
4384,123
4385,156
4386,92
4387,236
4388,236
4389,236
4390,38
4391,236
4392,38
4393,156
4393,187
4394,38
4395,124
4396,236
4397,156
4398,123
4399,156
4400,38
4401,163
4402,21
4403,5
4404,135
4404,21
4405,21
4406,21
4407,21
4408,21
4408,11
4409,21
4409,5
4410,21
4410,5
4411,104
4411,197
4412,131
4413,163
4413,198
4414,21
4414,198
4415,21
4416,5
4417,55
4417,131
4418,21
4418,163
4419,267
4420,5
4420,55
4421,131
4422,21
4422,86
4423,21
4424,163
4425,55
4426,250
4427,99
4427,5
4428,267
4429,163
4429,55
4430,21
4431,47
4431,218
4432,5
4432,230
4433,55
4434,5
4434,198
4435,136
4435,40
4436,21
4437,21
4437,198
4438,5
4438,55
4439,161
4439,198
4440,21
4441,104
4441,267
4442,163
4442,198
4443,163
4443,198
4444,5
4444,230
4445,259
4446,198
4447,190
4448,37
4449,71
4450,66
4450,257
4451,153
4451,57
4452,257
4452,198
4453,71
4453,257
4454,65
4454,257
4455,265
4455,257
4456,138
4457,158
4457,153
4458,167
4459,207
4459,51
4460,87
4460,257
4461,93
4461,208
4462,265
4462,207
4463,259
4463,257
4464,57
4465,261
4465,257
4466,259
4467,207
4467,152
4468,198
4469,198
4469,51
4470,8
4470,257
4471,69
4471,257
4472,87
4472,57
4473,190
4473,257
4474,190
4474,198
4475,198
4475,208
4476,37
4476,257
4477,207
4477,152
4478,131
4478,51
4479,259
4479,257
4480,57
4480,208
4481,87
4481,257
4482,153
4482,257
4483,190
4484,65
4484,207
4485,190
4486,257
4487,219
4488,57
4489,131
4489,167
4490,219
4491,207
4491,51
4492,152
4492,208
4493,190
4493,167
4494,57
4494,184
4495,66
4496,101
4496,208
4497,65
4497,159
4498,265
4498,208
4499,8
4500,259
4501,265
4501,51
4502,123
4502,11
4503,190
4503,257
4504,57
4504,257
4505,207
4505,257
4506,87
4506,257
4507,265
4507,208
4508,87
4508,257
4509,259
4510,57
4510,208
4511,198
4511,257
4512,190
4512,257
4513,207
4513,161
4514,198
4514,208
4515,190
4515,257
4516,198
4516,257
4517,57
4517,257
4518,198
4518,257
4519,219
4519,257
4520,152
4521,265
4521,257
4522,57
4522,257
4523,57
4523,257
4524,198
4525,65
4525,257
4526,201
4526,68
4527,198
4528,152
4528,257
4529,203
4529,257
4530,65
4530,257
4531,93
4531,257
4532,265
4532,167
4533,259
4533,257
4534,261
4534,257
4535,57
4536,8
4536,207
4537,8
4537,167
4538,198
4538,208
4539,8
4540,207
4540,55
4541,190
4541,257
4542,87
4542,115
4543,153
4543,257
4544,47
4544,12
4545,207
4545,265
4546,57
4546,257
4547,57
4547,37
4548,190
4548,257
4549,37
4549,257
4550,65
4550,257
4551,259
4551,257
4552,51
4553,37
4553,257
4554,152
4554,257
4555,259
4556,87
4557,207
4557,208
4558,131
4558,208
4559,87
4559,257
4560,37
4560,161
4561,34
4561,257
4562,167
4562,127
4563,201
4563,257
4564,265
4564,257
4565,101
4565,257
4566,37
4566,115
4567,259
4567,257
4568,198
4568,257
4569,190
4569,257
4570,132
4571,198
4571,3
4572,203
4572,59
4573,198
4573,3
4574,207
4575,57
4575,208
4576,259
4576,198
4577,87
4577,57
4578,87
4578,208
4579,198
4579,3
4580,55
4580,167
4581,87
4581,159
4582,69
4583,259
4584,73
4584,159
4585,57
4585,167
4586,229
4586,208
4587,207
4587,37
4588,65
4588,257
4589,87
4589,257
4590,37
4590,167
4591,57
4591,208
4592,190
4592,257
4593,73
4593,257
4594,198
4594,51
4595,219
4595,257
4596,208
4596,55
4597,198
4597,208
4598,198
4598,57
4599,87
4600,126
4600,153
4601,87
4602,203
4602,257
4603,65
4604,153
4604,55
4605,158
4605,208
4606,131
4606,208
4607,68
4607,257
4608,203
4608,257
4609,207
4609,51
4610,37
4610,257
4611,190
4611,257
4612,132
4613,138
4613,104
4614,198
4614,208
4615,57
4615,257
4616,55
4616,57
4617,257
4617,93
4618,132
4619,259
4619,57
4620,261
4621,257
4621,8
4622,152
4623,59
4623,87
4624,8
4624,57
4625,57
4625,111
4626,198
4627,87
4628,131
4628,208
4629,51
4629,132
4630,87
4631,57
4631,167
4632,219
4633,219
4633,167
4634,198
4634,257
4635,259
4636,37
4636,257
4637,8
4637,167
4638,152
4638,207
4639,87
4639,51
4640,265
4640,167
4641,167
4642,261
4642,257
4643,132
4643,131
4644,57
4644,167
4645,93
4645,198
4646,73
4646,167
4647,190
4647,257
4648,57
4648,115
4649,57
4649,167
4650,190
4651,261
4652,153
4652,198
4653,66
4654,190
4654,257
4655,257
4656,190
4657,190
4657,57
4658,47
4658,167
4659,207
4659,73
4660,190
4660,257
4661,207
4661,208
4662,57
4663,68
4663,208
4664,153
4665,207
4666,57
4667,153
4667,257
4668,259
4668,257
4669,57
4670,190
4670,257
4671,201
4671,68
4672,153
4672,257
4673,207
4674,8
4675,259
4676,208
4676,93
4677,72
4677,131
4678,87
4678,257
4679,257
4680,219
4680,257
4681,259
4681,159
4682,65
4683,57
4684,87
4684,167
4685,259
4685,257
4686,190
4686,257
4687,219
4687,57
4688,190
4688,257
4689,190
4690,55
4690,198
4691,68
4691,207
4692,190
4692,257
4693,259
4694,132
4694,131
4695,88
4696,161
4697,161
4697,59
4698,151
4699,207
4700,151
4700,10
4701,139
4702,249
4703,230
4704,21
4705,47
4705,218
4706,230
4707,191
4708,94
4709,5
4710,266
4710,222
4711,55
4712,207
4713,230
4714,5
4715,5
4716,131
4717,138
4717,197
4718,257
4719,167
4720,257
4720,198
4721,198
4721,127
4722,258
4722,161
4723,131
4723,51
4724,93
4725,93
4726,93
4726,190
4727,263
4727,167
4728,161
4729,11
4729,239
4730,207
4730,208
4731,159
4732,127
4733,208
4733,167
4734,127
4734,11
4735,205
4735,93
4736,198
4736,208
4737,59
4737,167
4738,57
4738,242
4739,93
4739,168
4740,198
4741,208
4741,55
4742,52
4743,127
4743,208
4744,257
4744,51
4745,242
4745,93
4746,57
4746,127
4747,51
4748,257
4748,57
4749,127
4749,208
4750,99
4751,167
4751,99
4752,167
4752,93
4753,57
4753,51
4754,57
4754,167
4755,57
4756,93
4756,257
4757,257
4757,208
4758,257
4758,242
4759,138
4759,239
4760,51
4761,257
4761,208
4762,257
4763,57
4763,257
4764,242
4765,57
4765,127
4766,257
4767,93
4767,257
4768,257
4768,93
4769,257
4769,93
4770,159
4770,127
4771,99
4771,208
4772,242
4772,57
4773,55
4774,198
4774,208
4775,127
4775,198
4776,93
4777,242
4777,198
4778,161
4779,250
4780,257
4780,242
4781,51
4781,208
4782,189
4783,138
4784,12
4785,100
4786,55
4786,208
4787,52
4787,257
4788,52
4788,257
4789,198
4789,127
4790,257
4790,127
4791,131
4792,208
4792,167
4793,168
4794,198
4794,208
4795,257
4796,127
4796,242
4797,198
4797,93
4798,167
4798,93
4799,131
4800,127
4800,257
4801,57
4801,127
4802,47
4802,218
4803,198
4803,257
4804,93
4804,51
4805,257
4806,242
4806,257
4807,127
4807,257
4808,257
4809,127
4810,219
4810,51
4811,57
4812,57
4812,208
4813,127
4813,57
4814,208
4814,198
4815,167
4816,99
4816,93
4817,242
4818,55
4818,127
4819,127
4820,57
4820,51
4821,131
4821,208
4822,161
4822,167
4823,93
4823,198
4824,17
4824,208
4825,99
4825,257
4826,57
4826,93
4827,257
4827,52
4828,127
4829,57
4829,167
4830,92
4831,93
4831,257
4832,99
4833,99
4834,99
4835,255
4835,273
4836,99
4837,197
4838,99
4839,197
4840,239
4841,262
4842,131
4843,255
4844,246
4845,224
4846,262
4847,99
4848,239
4849,99
4850,47
4851,224
4852,99
4853,99
4854,99
4855,99
4856,273
4857,197
4858,194
4859,239
4860,197
4861,99
4862,135
4863,224
4864,255
4865,138
4866,197
4867,272
4868,193
4869,273
4870,131
4871,272
4872,197
4873,197
4874,197
4875,138
4876,138
4877,239
4878,197
4879,123
4880,255
4881,255
4882,99
4883,99
4884,131
4885,138
4886,224
4887,239
4888,255
4889,131
4890,47
4891,273
4892,183
4893,99
4894,255
4895,255
4896,255
4897,239
4898,232
4899,224
4900,262
4901,232
4902,99
4903,47
4904,99
4904,55
4905,197
4906,99
4907,197
4908,239
4909,197
4910,246
4911,224
4912,131
4913,131
4914,197
4915,131
4916,99
4917,255
4918,197
4919,131
4920,99
4921,197
4922,135
4923,99
4924,224
4925,197
4926,47
4927,224
4928,262
4929,232
4930,255
4931,138
4932,232
4933,224
4934,197
4935,131
4936,47
4937,123
4938,131
4939,234
4940,99
4941,99
4942,118
4943,117
4944,212
4945,117
4946,25
4947,174
4948,116
4949,118
4950,25
4951,218
4952,264
4953,173
4954,218
4955,264
4956,264
4957,174
4958,83
4959,245
4960,174
4961,103
4962,116
4963,59
4964,93
4965,61
4966,99
4967,61
4967,168
4968,93
4969,168
4970,99
4971,93
4972,168
4973,51
4973,99
4974,167
4975,168
4975,59
4976,168
4977,257
4978,52
4979,55
4979,161
4980,232
4981,59
4982,184
4982,93
4983,100
4983,127
4984,257
4985,93
4986,51
4987,168
4988,208
4988,55
4989,207
4990,167
4990,214
4991,38
4991,47
4992,59
4993,264
4993,167
4994,161
4994,232
4995,125
4996,198
4997,167
4998,125
4999,11
4999,47
5000,257
5001,47
5002,167
5003,167
5004,167
5005,59
5006,167
5007,167
5008,93
5008,131
5009,127
5009,13
5010,167
5010,205
5011,161
5012,21
5012,111
5013,127
5013,100
5014,99
5015,93
5015,208
5016,99
5017,57
5017,73
5018,168
5019,250
5020,51
5021,269
5022,167
5023,167
5023,168
5024,168
5024,127
5025,93
5026,99
5027,93
5028,93
5029,233
5029,59
5030,208
5030,167
5031,11
5032,257
5033,167
5034,99
5034,257
5035,167
5036,125
5036,19
5037,99
5038,232
5039,167
5040,51
5041,12
5041,214
5042,168
5043,127
5044,161
5045,99
5045,55
5046,47
5046,78
5047,138
5047,239
5048,55
5048,167
5049,123
5049,198
5050,260
5050,138
5051,267
5051,198
5052,55
5052,177
5053,250
5053,198
5054,55
5054,131
5055,163
5055,198
5056,267
5056,36
5057,47
5057,38
5058,123
5058,198
5059,267
5059,198
5060,55
5061,232
5062,250
5063,131
5063,201
5064,47
5065,77
5066,55
5066,207
5067,123
5067,228
5068,59
5068,18
5069,5
5070,163
5070,263
5071,131
5071,161
5072,21
5073,163
5073,198
5074,43
5075,11
5076,94
5077,106
5078,55
5079,123
5080,40
5080,150
5081,163
5082,104
5082,47
5083,47
5084,55
5085,197
5086,163
5087,47
5087,11
5088,131
5088,55
5089,130
5089,161
5090,47
5090,55
5091,150
5092,218
5093,174
5094,174
5095,174
5096,218
5097,174
5098,218
5099,218
5100,174
5101,218
5102,174
5103,218
5104,218
5105,83
5106,218
5107,174
5108,218
5109,218
5110,218
5111,218
5112,218
5113,174
5114,174
5115,174
5116,243
5117,222
5118,174
5119,243
5120,243
5121,222
5122,222
5123,236
5124,236
5125,222
5126,243
5127,59
5128,243
5129,222
5130,243
5131,78
5132,174
5133,222
5134,243
5135,222
5136,243
5137,236
5138,243
5139,83
5140,243
5141,125
5142,123
5143,174
5144,174
5145,123
5146,222
5147,222
5148,236
5149,207
5150,243
5151,38
5152,243
5153,120
5153,141
5154,243
5155,264
5156,222
5157,54
5158,222
5159,222
5160,243
5161,243
5162,222
5163,174
5164,243
5165,222
5166,243
5167,222
5168,222
5169,222
5170,243
5171,174
5172,243
5173,222
5174,222
5175,21
5176,174
5177,222
5178,243
5179,264
5180,54
5181,163
5182,222
5183,243
5184,243
5185,236
5186,222
5187,222
5188,243
5189,222
5190,243
5191,174
5192,222
5193,243
5194,243
5195,243
5196,174
5197,174
5198,141
5199,243
5200,276
5201,222
5202,11
5203,113
5204,264
5205,222
5206,250
5207,222
5208,174
5209,243
5210,222
5211,236
5212,25
5213,174
5214,213
5215,243
5216,243
5217,222
5218,222
5219,243
5220,222
5221,243
5222,174
5223,222
5224,243
5225,243
5226,222
5227,174
5228,222
5229,222
5230,243
5231,174
5232,243
5233,222
5234,78
5235,222
5236,222
5237,243
5238,222
5239,222
5240,163
5240,55
5241,131
5242,250
5243,191
5244,131
5245,94
5245,55
5246,163
5247,127
5247,104
5248,138
5249,163
5250,47
5250,213
5251,131
5252,131
5252,165
5253,5
5254,163
5254,207
5255,163
5255,249
5256,47
5256,83
5257,138
5257,135
5258,230
5258,62
5259,138
5259,197
5260,163
5261,163
5262,131
5262,191
5263,35
5263,5
5264,127
5265,131
5266,131
5266,198
5267,47
5267,78
5268,138
5268,239
5269,163
5270,55
5270,35
5271,163
5272,243
5273,163
5274,144
5274,55
5275,125
5275,251
5276,163
5276,198
5277,191
5277,134
5278,5
5279,106
5280,163
5281,243
5282,131
5283,55
5283,6
5284,163
5285,138
5286,207
5286,134
5287,77
5287,5
5288,163
5288,198
5289,134
5290,163
5290,198
5291,47
5291,218
5292,131
5293,35
5294,47
5294,218
5295,163
5295,198
5296,164
5297,47
5297,198
5298,134
5298,5
5299,163
5299,198
5300,138
5301,138
5301,135
5302,35
5303,21
5304,47
5305,191
5305,131
5306,55
5306,35
5307,250
5308,47
5308,78
5309,47
5309,38
5310,35
5310,191
5311,35
5312,189
5313,250
5313,35
5314,47
5314,218
5315,161
5315,164
5316,191
5316,131
5317,138
5317,135
5318,47
5318,218
5319,11
5319,243
5320,11
5321,21
5321,198
5322,21
5322,198
5323,131
5323,35
5324,131
5324,191
5325,207
5325,35
5326,47
5326,218
5327,47
5327,78
5328,144
5328,82
5329,267
5329,174
5330,164
5331,163
5331,35
5332,35
5333,47
5333,83
5334,21
5335,47
5335,243
5336,232
5337,205
5338,138
5338,197
5339,47
5340,55
5341,131
5341,198
5342,263
5343,47
5343,78
5344,131
5344,55
5345,47
5346,32
5347,191
5347,131
5348,131
5348,198
5349,161
5350,163
5350,198
5351,191
5351,35
5352,35
5353,104
5353,47
5354,55
5354,267
5355,163
5356,156
5357,5
5358,163
5359,186
5359,123
5360,5
5361,163
5362,191
5363,90
5364,194
5364,198
5365,161
5365,164
5366,227
5366,35
5367,11
5368,104
5368,123
5369,123
5370,12
5371,123
5372,139
5373,167
5374,139
5375,123
5376,164
5377,139
5378,151
5379,14
5380,188
5381,20
5382,88
5383,138
5383,197
5384,164
5385,138
5386,139
5387,167
5388,174
5389,267
5390,236
5391,267
5392,174
5393,236
5394,174
5395,174
5396,236
5397,267
5398,267
5399,236
5400,264
5401,174
5402,267
5403,267
5404,174
5405,236
5406,174
5407,174
5408,267
5409,236
5410,267
5411,267
5412,267
5413,264
5414,174
5415,264
5416,207
5417,236
5418,267
5419,236
5420,236
5421,236
5422,267
5423,38
5424,267
5425,92
5426,267
5427,236
5428,174
5429,267
5430,38
5431,267
5432,236
5433,123
5434,174
5435,267
5436,267
5437,174
5438,236
5439,264
5440,174
5441,150
5442,174
5443,123
5444,236
5445,267
5446,139
5447,198
5447,159
5448,198
5449,257
5450,93
5450,55
5451,20
5451,159
5452,167
5453,57
5453,198
5454,207
5455,257
5455,51
5456,57
5457,131
5458,236
5459,236
5460,236
5461,236
5462,174
5463,236
5464,156
5465,236
5466,236
5467,236
5468,236
5469,236
5470,125
5471,123
5472,92
5473,236
5474,236
5475,236
5476,236
5477,187
5478,123
5479,187
5480,236
5481,220
5482,156
5483,187
5484,236
5485,220
5486,250
5487,236
5488,236
5489,236
5490,236
5491,236
5492,236
5493,236
5494,236
5495,220
5496,123
5497,236
5498,250
5499,236
5500,236
5501,250
5502,236
5503,236
5504,236
5505,236
5506,236
5507,236
5508,236
5509,236
5510,236
5511,236
5512,236
5513,236
5514,236
5515,236
5516,236
5517,236
5518,236
5519,236
5520,236
5521,236
5522,236
5523,220
5524,236
5525,236
5526,236
5527,236
5528,236
5529,236
5530,264
5531,236
5532,236
5533,236
5534,236
5535,236
5536,236
5537,236
5538,167
5539,167
5540,159
5541,167
5542,161
5543,167
5544,167
5545,250
5546,232
5547,131
5548,167
5549,167
5550,257
5551,257
5552,161
5552,55
5553,226
5554,257
5555,167
5555,199
5556,198
5556,57
5557,198
5557,208
5558,257
5559,198
5559,167
5560,57
5561,159
5562,198
5562,167
5563,199
5563,93
5564,167
5564,59
5565,123
5566,167
5567,131
5567,257
5568,38
5569,264
5570,156
5571,174
5572,38
5573,218
5574,174
5575,38
5576,38
5577,38
5578,174
5579,38
5580,270
5581,38
5582,218
5583,44
5584,38
5585,174
5586,38
5587,174
5588,220
5589,44
5590,38
5591,44
5592,175
5593,38
5594,38
5595,120
5596,38
5597,38
5598,38
5599,38
5600,264
5601,38
5602,38
5603,38
5604,44
5605,38
5606,38
5607,174
5608,38
5609,167
5610,131
5611,257
5612,241
5612,222
5613,167
5614,167
5615,257
5616,51
5617,99
5618,144
5619,205
5619,241
5620,99
5621,145
5622,179
5622,55
5623,167
5624,167
5625,167
5626,223
5626,208
5627,179
5627,167
5628,223
5629,161
5630,167
5631,161
5632,99
5633,99
5634,167
5635,167
5636,131
5637,55
5638,263
5639,76
5640,223
5641,167
5642,167
5643,167
5644,167
5645,167
5646,167
5647,159
5648,167
5649,257
5650,167
5651,167
5652,257
5653,27
5654,131
5654,59
5655,27
5655,93
5656,167
5657,167
5658,27
5659,167
5660,27
5661,131
5662,207
5663,99
5663,198
5664,131
5665,55
5666,27
5667,132
5668,131
5669,131
5670,131
5671,27
5672,27
5673,27
5674,93
5675,59
5676,27
5677,159
5677,127
5678,144
5679,100
5680,99
5681,127
5682,159
5683,208
5683,93
5684,151
5685,264
5686,138
5687,27
5688,27
5689,163
5690,163
5691,163
5692,163
5693,104
5694,163
5695,250
5696,55
5696,163
5697,163
5697,257
5698,163
5699,163
5700,163
5701,163
5702,163
5702,161
5703,163
5703,59
5704,163
5705,207
5705,163
5706,163
5707,163
5707,55
5708,111
5708,127
5709,163
5710,131
5710,55
5711,163
5711,59
5712,163
5712,198
5713,55
5714,163
5715,207
5715,163
5716,104
5716,163
5717,163
5717,257
5718,55
5719,11
5720,163
5721,207
5721,163
5722,163
5722,55
5723,55
5724,163
5725,163
5726,163
5727,163
5728,55
5728,163
5729,163
5730,163
5730,207
5731,262
5732,262
5733,99
5734,224
5735,138
5736,146
5737,191
5738,146
5739,99
5740,191
5741,191
5742,123
5743,47
5744,224
5745,197
5746,123
5747,197
5748,99
5749,114
5750,174
5751,276
5752,264
5753,78
5754,174
5755,174
5756,276
5757,173
5758,264
5759,114
5760,114
5761,276
5762,174
5763,114
5764,276
5765,174
5766,78
5767,114
5768,264
5769,174
5770,191
5771,161
5772,11
5772,104
5773,64
5773,198
5774,64
5775,64
5775,5
5776,138
5776,239
5777,172
5777,123
5778,55
5778,5
5779,163
5780,138
5781,138
5781,260
5782,55
5782,18
5783,110
5784,123
5785,191
5786,21
5787,161
5787,258
5788,161
5788,110
5789,64
5790,267
5791,267
5792,47
5792,218
5793,18
5793,5
5794,250
5795,127
5796,267
5797,197
5797,138
5798,5
5798,55
5799,106
5800,123
5801,232
5802,47
5803,197
5804,197
5805,197
5806,131
5807,224
5808,197
5809,224
5810,135
5811,272
5812,131
5813,99
5814,197
5815,272
5816,255
5817,131
5818,99
5819,47
5820,224
5821,260
5822,224
5823,224
5824,260
5825,272
5826,135
5827,135
5828,138
5829,99
5830,131
5831,181
5832,273
5833,99
5834,197
5835,135
5836,224
5837,224
5838,131
5839,197
5840,47
5841,135
5842,239
5843,260
5844,138
5845,99
5846,197
5847,224
5848,224
5849,224
5850,262
5851,216
5852,138
5853,99
5854,248
5854,182
5855,255
5856,262
5857,273
5858,135
5859,239
5860,135
5861,146
5862,135
5863,239
5864,239
5865,131
5866,135
5867,239
5868,135
5869,255
5870,255
5871,99
5872,138
5873,197
5874,224
5875,197
5876,272
5877,197
5878,239
5879,135
5880,232
5881,248
5881,182
5882,99
5883,181
5884,197
5885,224
5886,138
5887,47
5888,135
5889,232
5890,272
5891,197
5892,239
5893,260
5894,131
5895,180
5896,47
5897,248
5897,182
5898,197
5899,138
5900,138
5901,135
5902,146
5903,99
5904,224
5905,135
5906,138
5907,224
5908,260
5909,197
5910,239
5911,146
5912,135
5913,246
5914,224
5915,131
5916,224
5917,47
5918,257
5919,269
5919,127
5920,167
5920,161
5921,161
5922,207
5923,59
5923,167
5924,257
5925,57
5925,161
5926,51
5926,198
5927,57
5927,93
5928,57
5928,127
5929,127
5929,93
5930,57
5930,208
5931,93
5931,57
5932,57
5932,51
5933,57
5933,100
5934,57
5934,257
5935,93
5935,57
5936,57
5936,93
5937,131
5937,208
5938,93
5939,127
5939,198
5940,257
5940,57
5941,127
5941,257
5942,198
5942,208
5943,17
5943,257
5944,208
5944,93
5945,51
5945,115
5946,208
5946,93
5947,57
5947,93
5948,55
5948,127
5949,257
5950,93
5950,127
5951,257
5951,208
5952,127
5952,167
5953,263
5954,57
5954,208
5955,208
5955,198
5956,93
5956,208
5957,127
5957,55
5958,127
5959,198
5959,93
5960,57
5960,208
5961,51
5962,55
5962,57
5963,51
5963,161
5964,93
5964,23
5965,57
5965,51
5966,51
5967,57
5967,93
5968,93
5968,161
5969,57
5969,93
5970,57
5970,161
5971,52
5972,161
5972,93
5973,57
5973,257
5974,51
5974,55
5975,257
5976,93
5977,93
5978,127
5979,57
5979,127
5980,57
5980,115
5981,93
5981,108
5982,47
5982,38
5983,57
5983,93
5984,57
5984,93
5985,127
5985,93
5986,57
5986,127
5987,57
5987,257
5988,52
5989,198
5989,208
5990,93
5990,167
5991,208
5992,93
5992,208
5993,57
5994,57
5994,51
5995,17
5995,57
5996,93
5996,198
5997,57
5998,184
5998,57
5999,57
5999,93
6000,57
6000,257
6001,57
6002,127
6002,93
6003,57
6003,257
6004,127
6005,57
6006,57
6006,51
6007,194
6007,161
6008,57
6008,127
6009,57
6009,93
6010,93
6010,198
6011,93
6012,57
6013,93
6014,57
6014,93
6015,57
6015,161
6016,208
6016,51
6017,93
6017,55
6018,198
6018,127
6019,161
6019,127
6020,127
6020,198
6021,208
6021,127
6022,55
6023,57
6023,93
6024,51
6025,167
6025,208
6026,138
6027,208
6027,127
6028,57
6028,93
6029,57
6029,93
6030,57
6030,93
6031,167
6031,208
6032,57
6032,93
6033,127
6033,207
6034,93
6034,108
6035,57
6036,57
6036,93
6037,57
6037,93
6038,57
6038,208
6039,57
6040,257
6040,127
6041,93
6041,57
6042,57
6042,93
6043,93
6043,57
6044,57
6045,57
6045,257
6046,57
6047,57
6047,93
6048,57
6048,93
6049,127
6049,93
6050,161
6050,57
6051,57
6051,93
6052,57
6052,257
6053,57
6053,93
6054,127
6054,159
6055,3
6055,198
6056,93
6056,198
6057,208
6058,57
6058,167
6059,131
6060,198
6060,208
6061,208
6061,198
6062,108
6062,208
6063,93
6064,164
6065,51
6065,208
6066,57
6067,198
6067,93
6068,57
6068,257
6069,93
6070,57
6070,93
6071,57
6071,208
6072,57
6072,257
6073,57
6073,93
6074,57
6075,55
6075,104
6076,57
6077,57
6077,127
6078,57
6078,93
6079,57
6079,257
6080,57
6080,51
6081,57
6081,257
6082,93
6082,198
6083,57
6083,198
6084,93
6084,208
6085,93
6085,127
6086,127
6086,57
6087,93
6087,127
6088,93
6088,198
6089,198
6089,127
6090,127
6090,198
6091,93
6091,198
6092,135
6092,214
6093,108
6093,208
6094,198
6094,93
6095,198
6095,208
6096,93
6096,208
6097,127
6097,167
6098,198
6098,55
6099,57
6099,93
6100,93
6100,208
6101,57
6101,208
6102,14
6102,127
6103,51
6103,208
6104,57
6104,208
6105,115
6105,57
6106,198
6106,257
6107,127
6107,57
6108,57
6108,93
6109,57
6110,57
6111,57
6112,208
6112,257
6113,57
6113,257
6114,57
6114,93
6115,57
6115,93
6116,57
6116,93
6117,57
6117,93
6118,167
6119,167
6120,167
6121,167
6122,167
6123,167
6124,167
6124,207
6125,167
6125,257
6126,198
6127,55
6128,167
6129,167
6130,167
6131,167
6132,167
6133,257
6134,55
6135,93
6136,257
6137,93
6137,167
6138,257
6139,167
6140,138
6141,167
6142,93
6143,93
6144,195
6145,257
6146,257
6147,167
6148,167
6149,257
6150,55
6151,167
6152,167
6153,257
6154,167
6155,167
6156,257
6157,257
6158,257
6159,257
6160,167
6161,167
6162,167
6163,167
6164,257
6165,167
6166,167
6167,167
6168,167
6169,257
6170,257
6171,167
6172,59
6172,167
6173,167
6174,11
6175,167
6176,167
6177,167
6178,93
6179,167
6180,257
6181,257
6181,167
6182,167
6183,167
6184,93
6185,167
6186,167
6187,257
6188,257
6188,167
6189,198
6190,167
6190,257
6191,167
6192,167
6193,257
6194,167
6195,167
6196,138
6197,59
6198,167
6199,204
6200,167
6201,198
6202,167
6202,257
6203,208
6204,167
6205,167
6206,167
6206,4
6207,167
6208,207
6208,167
6209,167
6210,257
6211,167
6212,167
6213,56
6214,167
6214,42
6215,167
6216,257
6217,257
6218,167
6219,11
6220,167
6221,167
6222,257
6223,167
6224,167
6225,59
6226,167
6227,167
6228,93
6229,167
6230,167
6231,167
6231,93
6232,257
6233,167
6234,167
6235,167
6235,257
6236,11
6237,161
6238,167
6239,167
6240,257
6241,167
6242,167
6243,207
6243,257
6244,198
6245,167
6246,257
6247,167
6248,167
6249,167
6250,257
6251,167
6252,167
6253,257
6254,4
6254,257
6255,167
6256,167
6257,138
6258,198
6259,267
6260,257
6261,4
6262,47
6263,167
6264,257
6265,257
6266,167
6267,167
6268,257
6269,93
6270,167
6270,4
6271,167
6272,257
6273,167
6274,167
6275,257
6276,167
6277,167
6278,167
6279,167
6280,198
6281,257
6282,144
6283,167
6284,257
6285,257
6286,167
6287,167
6288,167
6289,257
6290,257
6291,257
6292,167
6292,257
6293,207
6294,257
6295,257
6295,57
6296,167
6297,167
6298,167
6299,207
6300,167
6301,167
6302,167
6303,167
6304,167
6305,257
6306,131
6307,257
6308,167
6309,167
6310,167
6311,257
6312,167
6313,167
6313,198
6314,257
6315,167
6316,207
6316,167
6317,161
6318,167
6319,59
6320,167
6321,167
6322,167
6323,207
6324,167
6325,257
6326,167
6327,167
6328,257
6329,167
6330,257
6331,167
6332,167
6333,257
6334,167
6334,93
6335,167
6336,195
6337,167
6338,167
6339,93
6340,167
6341,167
6342,195
6343,167
6343,59
6344,59
6345,167
6346,257
6347,93
6348,59
6349,198
6350,257
6351,4
6351,57
6352,167
6353,257
6354,167
6354,93
6355,167
6356,167
6357,257
6358,257
6359,167
6360,167
6361,167
6362,257
6363,167
6364,42
6365,198
6366,167
6367,167
6368,167
6369,167
6370,93
6371,93
6372,167
6373,257
6374,93
6375,257
6376,257
6377,167
6378,28
6379,167
6380,167
6381,167
6382,257
6383,167
6384,167
6385,167
6386,93
6387,167
6388,93
6389,167
6390,167
6391,167
6392,167
6393,167
6394,167
6395,257
6396,167
6397,257
6398,167
6399,167
6399,93
6400,257
6401,93
6402,167
6403,4
6403,57
6404,167
6405,167
6406,167
6407,167
6408,93
6409,167
6410,167
6411,257
6412,257
6413,167
6414,167
6415,167
6416,167
6416,93
6417,167
6418,257
6418,51
6419,167
6420,167
6421,257
6422,167
6423,167
6424,167
6425,131
6426,257
6427,167
6428,167
6429,28
6430,167
6431,167
6432,167
6433,167
6434,144
6435,257
6436,167
6437,167
6438,167
6439,167
6440,167
6441,257
6441,4
6442,167
6443,167
6444,167
6445,138
6446,138
6447,167
6448,207
6448,257
6449,167
6450,257
6451,167
6452,167
6452,55
6453,167
6454,167
6455,207
6456,257
6457,167
6457,106
6458,195
6459,161
6459,257
6460,167
6461,167
6462,167
6463,167
6464,167
6465,257
6466,167
6467,93
6468,167
6469,167
6470,167
6471,167
6472,257
6473,167
6474,167
6475,257
6476,167
6477,56
6478,167
6478,59
6479,167
6480,167
6480,257
6481,167
6482,167
6483,257
6484,167
6485,144
6486,257
6487,257
6487,167
6488,167
6489,167
6490,167
6491,167
6492,236
6493,194
6494,236
6495,39
6496,49
6497,174
6498,174
6499,174
6500,125
6501,213
6502,155
6503,174
6504,138
6505,38
6506,250
6507,236
6508,83
6509,38
6510,197
6511,236
6512,175
6513,213
6513,218
6514,83
6515,174
6516,174
6517,38
6518,174
6519,207
6520,174
6521,213
6522,38
6523,38
6524,174
6525,39
6526,243
6527,213
6527,218
6528,131
6529,175
6530,78
6531,236
6532,38
6533,38
6534,38
6535,38
6536,38
6537,221
6538,175
6539,271
6540,38
6541,49
6542,213
6543,120
6544,217
6545,267
6546,38
6547,38
6548,38
6549,250
6550,38
6551,217
6552,38
6553,236
6554,103
6555,155
6556,250
6557,236
6558,174
6559,217
6560,38
6561,59
6561,194
6562,161
6563,55
6564,198
6565,257
6566,207
6567,198
6568,257
6569,207
6570,257
6571,194
6572,257
6573,59
6573,55
6574,194
6575,159
6575,198
6576,198
6577,198
6578,127
6579,55
6580,194
6581,194
6581,55
6582,207
6583,163
6584,127
6585,257
6586,257
6587,257
6588,167
6589,198
6590,167
6591,168
6592,51
6592,257
6593,168
6593,73
6594,26
6595,208
6595,57
6596,51
6597,47
6598,214
6598,57
6599,93
6600,257
6600,93
6601,167
6601,131
6602,168
6603,47
6603,218
6604,47
6605,167
6606,167
6607,51
6608,257
6609,131
6610,233
6611,167
6612,99
6613,208
6613,269
6614,250
6615,161
6615,214
6616,167
6617,100
6618,268
6619,257
6619,99
6620,131
6621,168
6622,168
6623,257
6623,51
6624,131
6625,51
6626,257
6626,52
6627,57
6627,257
6628,198
6628,51
6629,131
6629,161
6630,167
6630,51
6631,257
6631,57
6632,99
6633,131
6634,168
6635,167
6636,115
6637,70
6637,57
6638,51
6638,100
6639,168
6640,168
6641,52
6642,250
6642,11
6643,151
6643,164
6644,168
6645,208
6646,93
6647,167
6648,167
6649,167
6649,52
6650,257
6650,214
6651,161
6652,167
6653,168
6653,161
6654,167
6655,208
6655,57
6656,159
6656,52
6657,26
6658,257
6659,214
6660,110
6661,93
6661,167
6662,111
6662,257
6663,159
6663,51
6664,257
6665,161
6665,93
6666,93
6666,61
6667,93
6668,51
6669,51
6670,57
6671,100
6672,168
6672,257
6673,167
6674,167
6675,93
6676,47
6676,218
6677,93
6678,161
6678,93
6679,26
6680,61
6680,104
6681,115
6681,111
6682,167
6682,93
6683,167
6684,138
6685,51
6686,257
6686,99
6687,93
6687,208
6688,55
6688,99
6689,57
6689,93
6690,168
6690,167
6691,257
6691,52
6692,51
6693,168
6693,99
6694,168
6695,184
6695,264
6696,257
6696,57
6697,93
6698,26
6699,93
6700,198
6701,167
6702,138
6702,239
6703,214
6704,257
6704,168
6705,93
6705,51
6706,100
6707,51
6707,208
6708,151
6708,164
6709,52
6709,57
6710,167
6710,208
6711,167
6711,100
6712,250
6713,250
6714,93
6715,145
6716,100
6716,61
6717,131
6717,184
6718,214
6718,127
6719,84
6720,131
6721,262
6722,84
6723,263
6724,131
6725,21
6726,138
6727,197
6728,131
6729,144
6730,109
6731,170
6732,78
6733,170
6734,21
6735,50
6736,107
6737,274
6738,84
6739,30
6740,170
6741,162
6742,197
6743,197
6744,263
6745,163
6746,250
6747,162
6748,162
6749,78
6750,47
6751,197
6752,109
6753,264
6754,197
6755,157
6756,209
6757,81
6758,21
6759,170
6760,142
6761,79
6762,157
6763,224
6764,143
6765,157
6766,143
6767,237
6768,142
6769,243
6770,84
6770,144
6771,170
6772,262
6772,138
6773,170
6774,174
6775,109
6776,174
6777,11
6777,220
6778,174
6779,157
6780,143
6781,84
6782,260
6783,260
6784,250
6785,243
6786,107
6787,170
6788,272
6789,250
6790,11
6790,226
6791,256
6792,256
6793,166
6794,166
6795,164
6796,207
6797,228
6797,234
6798,123
6799,167
6800,131
6801,257
6802,256
6803,232
6804,256
6805,161
6806,166
6807,232
6808,166
6809,232
6810,256
6811,123
6812,243
6813,166
6814,166
6815,167
6816,166
6817,131
6818,257
6819,123
6820,256
6820,161
6821,131
6822,256
6823,123
6824,256
6825,206
6825,166
6826,207
6826,13
6827,166
6828,123
6829,166
6830,124
6831,99
6832,131
6833,131
6834,166
6835,167
6836,176
6836,161
6837,166
6838,159
6838,21
6839,256
6839,161
6840,257
6841,164
6841,161
6842,131
6843,161
6844,161
6845,166
6846,257
6847,51
6848,138
6848,135
6849,250
6849,227
6850,92
6851,126
6852,131
6853,166
6854,131
6855,166
6856,207
6857,166
6858,11
6859,198
6860,232
6861,123
6862,131
6863,166
6864,232
6865,250
6866,62
6866,33
6867,167
6868,166
6869,207
6870,138
6871,167
6871,91
6872,131
6873,167
6874,131
6875,13
6875,167
6876,166
6877,167
6878,264
6878,167
6879,167
6880,167
6881,198
6882,161
6883,256
6884,206
6884,257
6885,161
6886,164
6887,167
6888,188
6889,166
6890,167
6891,167
6892,225
6893,166
6894,257
6895,99
6896,99
6897,250
6898,167
6898,207
6899,29
6900,167
6901,57
6902,166
6903,167
6904,167
6905,166
6906,92
6907,188
6908,257
6909,167
6909,13
6910,138
6911,55
6912,55
6913,131
6914,55
6915,9
6916,111
6916,9
6917,257
6917,115
6918,275
6919,131
6920,131
6920,75
6921,75
6921,55
6922,257
6923,257
6924,11
6924,104
6925,208
6925,57
6926,167
6927,52
6928,93
6929,167
6929,99
6930,99
6931,168
6932,93
6933,159
6933,111
6934,257
6934,99
6935,208
6936,99
6936,26
6937,99
6938,93
6938,55
6939,239
6939,138
6940,127
6940,11
6941,51
6942,150
6942,127
6943,127
6943,99
6944,51
6944,93
6945,127
6945,131
6946,139
6947,167
6947,208
6948,127
6948,208
6949,127
6949,104
6950,111
6950,127
6951,139
6951,208
6952,55
6953,93
6954,17
6954,198
6955,167
6955,208
6956,93
6956,127
6957,131
6958,167
6958,59
6959,59
6959,208
6960,93
6960,51
6961,127
6961,17
6962,3
6962,198
6963,208
6963,51
6964,131
6964,208
6965,208
6965,55
6966,198
6966,208
6967,17
6968,208
6969,198
6969,51
6970,208
6971,55
6971,208
6972,55
6972,51
6973,198
6973,208
6974,17
6974,127
6975,55
6976,198
6976,208
6977,198
6977,208
6978,55
6979,257
6980,198
6980,17
6981,17
6981,198
6982,159
6983,208
6983,167
6984,198
6984,55
6985,51
6985,127
6986,167
6986,208
6987,93
6988,127
6988,93
6989,167
6989,17
6990,51
6991,167
6992,257
6992,127
6993,131
6994,198
6994,257
6995,167
6996,11
6997,51
6997,17
6998,93
6999,198
6999,167
7000,131
7000,161
7001,208
7002,12
7003,167
7004,198
7004,257
7005,198
7006,51
7007,127
7008,55
7009,17
7009,127
7010,167
7010,198
7011,55
7012,127
7012,198
7013,51
7014,55
7014,198
7015,104
7015,13
7016,51
7017,257
7018,167
7018,59
7019,17
7019,198
7020,167
7021,93
7022,214
7022,55
7023,161
7023,208
7024,199
7025,59
7025,208
7026,92
7027,198
7028,257
7029,208
7030,208
7030,17
7031,127
7031,208
7032,17
7032,198
7033,198
7033,208
7034,198
7035,208
7036,127
7036,198
7037,208
7037,51
7038,93
7038,51
7039,198
7040,51
7040,208
7041,55
7041,257
7042,55
7042,198
7043,55
7044,55
7045,51
7045,198
7046,59
7046,17
7047,257
7047,198
7048,167
7049,205
7049,55
7050,198
7050,208
7051,55
7051,208
7052,198
7052,126
7053,198
7053,208
7054,198
7055,104
7055,139
7056,208
7056,167
7057,167
7058,93
7059,264
7060,198
7061,198
7061,104
7062,167
7062,59
7063,198
7064,127
7064,17
7065,167
7065,208
7066,198
7066,59
7067,207
7067,51
7068,17
7069,17
7070,52
7071,138
7072,167
7072,52
7073,17
7073,257
7074,99
7074,57
7075,57
7075,208
7076,198
7076,127
7077,198
7077,257
7078,208
7078,167
7079,127
7079,55
7080,59
7080,208
7081,3
7082,208
7082,198
7083,127
7083,239
7084,93
7084,52
7085,167
7086,127
7086,161
7087,167
7088,208
7088,93
7089,99
7089,127
7090,55
7091,198
7092,257
7092,15
7093,55
7093,198
7094,167
7094,208
7095,104
7095,14
7096,208
7096,17
7097,17
7097,167
7098,208
7098,127
7099,161
7100,138
7101,57
7102,131
7102,161
7103,127
7103,51
7104,198
7104,51
7105,17
7106,139
7106,51
7107,51
7107,167
7108,59
7109,57
7109,127
7110,92
7111,55
7112,198
7113,167
7113,11
7114,100
7115,161
7115,198
7116,55
7116,110
7117,161
7118,11
7119,17
7120,17
7120,51
7121,168
7122,161
7122,167
7123,17
7123,257
7124,55
7125,198
7125,51
7126,198
7127,55
7128,51
7128,198
7129,17
7129,198
7130,51
7130,208
7131,198
7131,104
7132,208
7133,198
7134,257
7135,57
7136,55
7137,167
7138,167
7138,17
7139,198
7139,167
7140,257
7140,51
7141,208
7141,198
7142,51
7142,55
7143,55
7143,208
7144,208
7144,59
7145,55
7145,51
7146,51
7147,17
7147,127
7148,208
7148,198
7149,127
7149,257
7150,198
7150,208
7151,17
7151,257
7152,17
7153,51
7154,161
7155,55
7156,51
7157,198
7158,59
7159,55
7160,55
7161,194
7162,131
7162,55
7163,150
7164,138
7164,183
7165,138
7165,55
7166,55
7167,189
7168,55
7169,55
7170,207
7170,161
7171,207
7171,51
7172,55
7172,208
7173,207
7173,132
7174,161
7174,37
7175,257
7175,190
7176,207
7176,111
7177,207
7177,161
7178,47
7179,55
7180,272
7181,163
7181,55
7182,131
7183,246
7184,239
7185,239
7186,131
7187,138
7188,246
7189,138
7190,138
7191,138
7192,47
7193,138
7194,167
7195,166
7196,167
7197,257
7198,14
7199,161
7200,161
7201,166
7202,167
7203,167
7204,55
7204,214
7205,269
7206,131
7207,167
7208,167
7208,59
7209,166
7210,250
7211,163
7212,166
7213,232
7214,29
7215,138
7216,166
7217,214
7218,99
7219,250
7220,167
7221,89
7222,167
7223,166
7224,256
7225,207
7226,257
7227,161
7228,167
7229,167
7230,167
7231,167
7232,167
7233,257
7234,167
7234,59
7235,167
7236,167
7237,167
7238,167
7239,167
7240,257
7241,167
7242,167
7243,167
7244,59
7245,167
7246,257
7246,51
7247,167
7248,59
7249,167
7250,138
7251,257
7251,51
7252,59
7253,167
7254,161
7255,167
7256,138
7257,272
7258,59
7259,243
7260,222
7261,167
7262,110
7263,99
7264,161
7265,167
7266,110
7267,132
7268,59
7269,110
7270,161
7271,161
7271,11
7272,59
7273,111
7274,100
7275,207
7276,167
7277,161
7278,20
7279,214
7279,198
7280,198
7280,127
7281,208
7281,198
7282,127
7282,104
7283,55
7283,167
7284,99
7284,127
7285,131
7286,59
7286,208
7287,166
7288,127
7289,167
7290,166
7291,94
7292,22
7293,99
7294,166
7295,161
7296,140
7297,144
7298,57
7299,166
7299,214
7300,91
7301,166
7302,167
7303,92
7304,167
7304,198
7305,189
7306,138
7307,256
7308,131
7309,127
7310,167
7311,100
7312,168
7313,250
7314,207
7315,168
7316,99
7316,26
7317,168
7318,168
7319,127
7320,59
7321,91
7321,127
7322,138
7323,20
7323,257
7324,20
7324,127
7325,161
7326,167
7327,257
7328,127
7328,14
7329,59
7330,167
7331,167
7331,20
7332,167
7333,167
7334,207
7335,167
7336,127
7336,20
7337,131
7338,55
7338,93
7339,164
7339,104
7340,189
7340,139
7341,139
7341,104
7342,232
7343,189
7344,150
7345,138
7346,164
7347,123
7348,189
7349,123
7350,164
7351,99
7352,47
7353,123
7354,55
7355,38
7356,164
7357,169
7358,235
7359,164
7360,164
7361,131
7362,139
7363,47
7364,161
7364,207
7365,123
7366,47
7367,138
7368,138
7369,131
7370,55
7371,138
7372,224
7373,239
7374,138
7375,239
7376,246
7377,138
7378,239
7379,138
7380,138
7381,255
7382,138
7383,138
7384,167
7385,167
7386,99
7387,167
7388,55
7389,55
7390,167
7391,167
7392,257
7393,257
7394,167
7395,257
7396,167
7396,127
7397,131
7398,159
7398,150
7399,257
7400,167
7401,167
7402,159
7403,167
7403,122
7404,167
7404,122
7405,167
7406,131
7407,167
7408,202
7409,122
7410,167
7410,122
7411,167
7411,122
7412,159
7413,257
7414,127
7415,167
7415,122
7416,127
7416,226
7417,257
7418,55
7419,167
7420,122
7421,167
7421,122
7422,167
7423,167
7424,257
7425,167
7426,167
7426,122
7427,257
7428,55
7429,167
7430,122
7431,257
7432,122
7433,167
7434,138
7435,167
7436,55
7437,138
7437,239
7438,232
7438,207
7439,55
7439,167
7440,164
7440,198
7441,123
7441,198
7442,207
7442,131
7443,138
7443,239
7444,131
7445,150
7445,198
7446,55
7446,11
7447,138
7447,239
7448,131
7449,89
7449,55
7450,123
7450,198
7451,161
7452,91
7453,55
7453,131
7454,131
7454,37
7455,235
7456,104
7457,9
7458,134
7458,131
7459,47
7459,218
7460,11
7460,138
7461,250
7461,198
7462,55
7463,11
7464,99
7464,55
7465,55
7466,5
7466,6
7467,138
7467,51
7468,161
7468,5
7469,59
7470,235
7471,55
7471,207
7472,134
7472,55
7473,207
7473,55
7474,163
7475,55
7476,131
7476,198
7477,164
7477,151
7478,191
7478,6
7479,55
7480,55
7480,134
7481,5
7482,138
7482,5
7483,55
7483,5
7484,5
7484,55
7485,250
7486,11
7486,55
7487,144
7487,235
7488,250
7489,20
7489,57
7490,131
7491,131
7491,134
7492,161
7492,106
7493,138
7493,239
7494,131
7495,235
7496,161
7496,131
7497,99
7497,52
7498,230
7498,5
7499,161
7499,6
7500,131
7501,110
7502,55
7503,55
7503,5
7504,138
7504,197
7505,232
7506,63
7506,207
7507,188
7507,198
7508,163
7508,198
7509,55
7509,126
7510,47
7510,218
7511,99
7512,161
7513,110
7514,55
7514,18
7515,144
7515,21
7516,144
7516,55
7517,150
7517,198
7518,47
7518,78
7519,55
7520,123
7521,55
7522,55
7522,99
7523,138
7523,55
7524,235
7524,131
7525,12
7525,104
7526,110
7526,207
7527,230
7527,5
7528,5
7529,123
7529,55
7530,131
7530,134
7531,131
7532,123
7532,55
7533,207
7534,144
7535,131
7535,203
7536,207
7536,55
7537,110
7537,161
7538,131
7538,55
7539,17
7540,55
7541,207
7541,5
7542,110
7542,161
7543,189
7544,144
7544,145
7545,55
7546,235
7546,5
7547,5
7548,205
7548,55
7549,47
7549,218
7550,131
7550,134
7551,131
7552,123
7552,198
7553,138
7553,211
7554,230
7554,5
7555,163
7555,207
7556,55
7556,5
7557,55
7558,138
7559,99
7559,11
7560,144
7561,47
7561,78
7562,123
7563,264
7563,55
7564,163
7564,55
7565,163
7566,207
7566,131
7567,55
7567,5
7568,38
7568,11
7569,5
7570,191
7571,144
7571,55
7572,43
7573,5
7574,55
7575,6
7576,99
7577,250
7578,263
7578,230
7579,55
7579,91
7580,161
7580,164
7581,164
7582,131
7583,131
7583,55
7584,55
7585,189
7585,104
7586,138
7586,239
7587,235
7587,5
7588,138
7588,246
7589,138
7589,55
7590,234
7591,191
7592,227
7592,207
7593,138
7593,239
7594,55
7595,243
7595,11
7596,55
7597,94
7597,55
7598,144
7598,198
7599,104
7599,5
7600,266
7600,150
7601,55
7601,161
7602,131
7602,5
7603,239
7603,55
7604,90
7604,104
7605,138
7605,239
7606,131
7607,267
7607,167
7608,164
7609,52
7609,11
7610,55
7611,5
7611,55
7612,235
7612,131
7613,131
7613,134
7614,5
7614,6
7615,164
7616,5
7617,99
7617,55
7618,131
7619,163
7619,207
7620,232
7621,163
7621,198
7622,136
7623,134
7623,131
7624,5
7624,55
7625,5
7625,111
7626,131
7626,99
7627,77
7628,164
7628,198
7629,99
7630,138
7630,224
7631,138
7631,224
7632,250
7632,55
7633,235
7633,5
7634,5
7634,55
7635,188
7636,55
7636,207
7637,104
7638,6
7638,198
7639,99
7639,5
7640,131
7640,134
7641,99
7642,131
7642,198
7643,55
7643,100
7644,99
7645,235
7646,131
7647,263
7648,125
7648,227
7649,131
7649,5
7650,110
7650,207
7651,161
7651,6
7652,5
7652,6
7653,99
7654,90
7654,198
7655,5
7656,55
7656,99
7657,149
7658,55
7658,5
7659,2
7659,40
7660,150
7661,11
7661,197
7662,189
7662,150
7663,55
7663,131
7664,123
7665,267
7666,90
7666,198
7667,164
7667,111
7668,131
7669,55
7669,5
7670,258
7671,90
7671,198
7672,99
7673,207
7673,5
7674,5
7675,134
7675,191
7676,232
7676,55
7677,144
7678,131
7679,47
7679,38
7680,188
7681,127
7681,5
7682,40
7683,5
7683,55
7684,131
7685,99
7685,55
7686,5
7686,99
7687,150
7688,144
7688,55
7689,110
7689,161
7690,55
7690,40
7691,5
7692,232
7693,232
7694,232
7694,22
7695,99
7696,11
7696,78
7697,5
7698,230
7698,5
7699,123
7699,55
7700,207
7700,198
7701,43
7702,191
7703,131
7704,239
7704,139
7705,138
7705,235
7706,138
7707,138
7708,207
7708,185
7709,47
7709,11
7710,91
7711,207
7711,55
7712,163
7712,55
7713,5
7714,5
7715,235
7715,6
7716,207
7716,232
7717,144
7717,55
7718,5
7718,198
7719,134
7719,198
7720,94
7720,64
7721,123
7721,55
7722,138
7722,11
7723,138
7723,135
7724,227
7724,123
7725,138
7725,239
7726,131
7727,235
7727,55
7728,6
7729,138
7729,11
7730,5
7731,106
7732,5
7732,106
7733,55
7733,104
7734,43
7735,207
7735,150
7736,161
7737,55
7737,5
7738,235
7739,5
7740,55
7741,90
7742,151
7742,55
7743,138
7743,182
7744,191
7744,5
7745,110
7746,55
7746,5
7747,163
7748,63
7748,131
7749,5
7750,131
7750,5
7751,104
7751,62
7752,99
7752,52
7753,99
7754,191
7754,5
7755,55
7756,138
7757,131
7757,134
7758,5
7758,198
7759,99
7760,235
7761,235
7762,230
7762,62
7763,5
7764,55
7764,5
7765,85
7766,239
7766,138
7767,99
7768,235
7769,258
7769,198
7770,161
7770,258
7771,167
7771,258
7772,161
7772,167
7773,257
7773,167
7774,258
7774,167
7775,131
7776,161
7777,138
7778,258
7778,167
7779,258
7779,161
7780,13
7780,258
7781,252
7782,161
7783,139
7784,207
7785,138
7786,11
7787,207
7788,161
7788,207
7789,258
7789,59
7790,159
7790,258
7791,167
7792,207
7793,207
7794,132
7795,258
7795,161
7796,138
7797,167
7797,258
7798,207
7799,207
7800,127
7801,258
7801,167
7802,258
7803,111
7803,258
7804,111
7804,258
7805,258
7806,167
7806,258
7807,161
7808,257
7808,207
7809,59
7810,139
7811,161
7812,161
7812,207
7813,258
7814,202
7814,258
7815,258
7816,258
7816,257
7817,258
7818,127
7818,161
7819,258
7820,127
7821,258
7822,207
7823,258
7823,167
7824,207
7825,199
7825,258
7826,161
7827,110
7828,263
7829,159
7829,111
7830,207
7831,167
7831,57
7832,59
7833,131
7834,161
7834,131
7835,258
7836,159
7837,14
7837,269
7838,258
7838,167
7839,258
7839,167
7840,161
7840,257
7841,257
7841,258
7842,139
7843,93
7843,258
7844,38
7844,48
7845,207
7846,258
7846,161
7847,207
7848,12
7849,207
7850,258
7851,257
7851,111
7852,167
7852,258
7853,250
7854,207
7855,127
7856,161
7857,131
7858,161
7858,167
7859,38
7859,167
7860,167
7861,59
7862,167
7863,167
7864,167
7865,257
7866,198
7866,257
7867,167
7868,167
7869,167
7870,167
7871,167
7872,144
7873,167
7874,131
7874,167
7875,144
7875,167
7876,138
7876,21
7877,167
7878,167
7879,167
7880,167
7881,167
7882,167
7883,167
7884,159
7884,257
7885,167
7886,167
7887,167
7888,167
7889,167
7890,38
7891,103
7892,174
7893,103
7894,207
7895,174
7896,264
7897,92
7898,103
7899,103
7900,38
7900,103
7901,103
7902,218
7903,103
7904,207
7905,103
7906,103
7907,11
7908,138
7909,47
7910,207
7911,250
7912,250
7913,59
7914,59
7915,99
7916,123
7917,174
7918,231
7919,253
7920,239
7921,222
7922,250
7923,236
7924,252
7925,38
7926,250
7926,129
7927,227
7928,207
7929,252
7930,252
7931,239
7932,235
7933,174
7934,252
7935,126
7936,236
7937,250
7938,174
7939,236
7940,178
7941,250
7942,236
7943,127
7944,131
7945,252
7946,47
7947,126
7948,138
7949,250
7950,250
7951,250
7952,231
7952,55
7953,250
7954,123
7955,250
7956,131
7957,250
7958,232
7958,42
7959,222
7960,250
7961,178
7962,253
7963,250
7964,250
7965,250
7966,174
7967,174
7968,231
7969,100
7970,252
7971,239
7972,129
7973,253
7974,250
7975,250
7976,207
7977,250
7978,264
7979,231
7980,250
7981,138
7982,231
7983,250
7984,129
7985,178
7986,100
7987,236
7988,250
7989,207
7990,250
7991,207
7992,205
7993,253
7994,207
7995,252
7996,131
7997,127
7998,59
7999,267
8000,250
8001,12
8002,250
8003,174
8004,252
8005,250
8006,250
8007,250
8008,123
8009,250
8010,174
8011,174
8012,207
8013,38
8014,163
8015,239
8016,59
8017,250
8017,231
8018,178
8019,129
8020,207
8021,129
8022,178
8023,131
8024,131
8025,11
8026,47
8027,250
8028,250
8029,250
8030,250
8031,253
8032,174
8033,250
8034,59
8035,250
8036,126
8036,59
8037,59
8038,250
8039,131
8040,131
8041,250
8042,250
8043,123
8044,231
8045,250
8046,250
8047,250
8048,100
8049,129
8050,131
8051,250
8052,235
8053,239
8054,253
8054,250
8055,174
8056,16
8057,250
8058,250
8059,207
8060,231
8061,47
8062,250
8063,129
8064,222
8065,207
8066,174
8067,174
8068,178
8069,250
8070,252
8071,131
8072,138
8073,174
8074,129
8075,252
8076,129
8077,174
8078,161
8079,250
8080,250
8081,236
8082,222
8083,236
8084,129
8085,250
8086,253
8087,250
8088,236
8089,178
8090,236
8091,222
8092,131
8093,139
8094,250
8095,174
8096,250
8097,250
8098,174
8099,207
8100,222
8101,174
8102,178
8103,207
8104,250
8105,233
8106,250
8107,253
8108,253
8109,178
8110,250
8111,174
8112,250
8113,250
8114,250
8115,250
8116,131
8117,222
8118,167
8119,222
8120,250
8121,167
8122,250
8123,144
8123,55
8124,138
8125,126
8126,227
8127,131
8128,123
8129,250
8130,250
8131,129
8132,267
8133,250
8134,231
8134,55
8135,91
8136,252
8137,92
8138,231
8139,129
8140,47
8141,222
8142,250
8143,250
8144,178
8145,123
8146,252
8147,207
8148,231
8149,236
8150,250
8151,250
8152,207
8153,123
8154,236
8155,250
8156,250
8157,99
8158,236
8159,250
8160,38
8161,250
8162,250
8163,126
8164,235
8165,222
8166,252
8167,250
8168,174
8169,174
8170,174
8171,253
8172,99
8173,236
8174,246
8175,253
8176,174
8177,127
8177,131
8178,51
8178,55
8179,59
8179,167
8180,127
8180,235
8181,198
8181,208
8182,198
8182,179
8183,198
8183,167
8184,138
8184,11
8185,198
8186,166
8187,123
8188,138
8188,239
8189,166
8190,123
8190,167
8191,167
8192,167
8193,256
8194,127
8195,227
8196,167
8197,99
8198,166
8199,166
8199,207
8200,167
8201,11
8202,110
8203,156
8204,131
8205,156
8206,207
8207,93
8208,200
8208,198
8209,55
8210,55
8211,55
8212,15
8212,55
8213,198
8213,257
8214,257
8215,207
8216,42
8217,257
8217,111
8218,198
8219,207
8220,207
8221,139
8222,257
8223,257
8224,104
8225,167
8226,59
8227,59
8228,159
8229,55
8229,257
8230,55
8230,51
8231,207
8232,59
8233,167
8234,257
8235,159
8236,257
8236,167
8237,104
8238,42
8239,55
8239,7
8240,257
8241,257
8242,257
8242,93
8243,167
8244,55
8245,207
8246,207
8247,257
8248,161
8249,198
8250,22
8251,167
8252,207
8253,208
8254,167
8254,104
8255,207
8255,105
8256,257
8257,138
8258,198
8259,167
8260,189
8260,104
8261,207
8262,59
8263,22
8264,198
8265,189
8266,138
8267,257
8268,257
8269,55
8270,161
8270,111
8271,55
8272,93
8272,159
8273,257
8274,257
8275,42
8275,208
8276,207
8276,111
8277,167
8278,198
8279,131
8280,111
8281,55
8282,104
8283,55
8283,167
8284,138
8285,198
8286,55
8287,207
8288,167
8289,93
8290,104
8291,161
8291,257
8292,93
8293,59
8294,257
8295,198
8296,257
8297,167
8298,55
8299,127
8300,55
8301,257
8302,257
8303,167
8304,15
8305,55
8306,59
8307,9
8307,159
8308,93
8309,161
8310,207
8311,257
8312,257
8313,257
8314,167
8315,59
8315,232
8316,93
8317,42
8318,55
8319,59
8320,257
8321,198
8322,55
8323,163
8324,138
8325,55
8325,161
8326,55
8326,7
8327,257
8328,167
8329,167
8330,257
8331,207
8332,167
8333,167
8334,93
8335,93
8336,55
8337,104
8338,59
8338,55
8339,189
8340,167
8341,57
8341,257
8342,138
8342,55
8343,55
8344,257
8345,55
8345,198
8346,257
8347,105
8348,93
8349,198
8349,93
8350,163
8351,100
8352,93
8353,198
8354,207
8355,257
8356,167
8357,167
8357,198
8358,167
8358,198
8359,111
8360,55
8360,105
8361,257
8362,257
8363,257
8364,257
8364,198
8365,59
8366,167
8367,257
8368,167
8369,257
8370,111
8371,257
8372,55
8373,59
8374,127
8375,55
8376,104
8377,257
8378,55
8379,257
8380,104
8381,111
8382,257
8382,131
8383,163
8384,189
8385,257
8386,257
8387,257
8388,55
8389,55
8390,104
8391,161
8391,55
8392,198
8393,257
8394,257
8395,257
8395,126
8396,132
8396,207
8397,257
8397,198
8398,257
8399,257
8400,59
8400,167
8401,47
8402,163
8403,139
8404,55
8404,257
8405,257
8406,207
8407,42
8408,131
8409,55
8410,207
8410,198
8411,42
8412,138
8413,198
8414,104
8414,161
8415,198
8415,13
8416,257
8417,55
8418,55
8419,55
8420,104
8420,55
8421,104
8422,59
8423,257
8424,207
8425,55
8426,59
8426,257
8427,257
8428,257
8428,200
8429,167
8429,55
8430,7
8430,93
8431,93
8431,55
8432,167
8433,104
8434,59
8435,140
8436,22
8437,161
8438,257
8438,55
8439,161
8440,42
8440,111
8441,200
8441,207
8442,55
8442,257
8443,104
8444,159
8444,111
8445,138
8445,104
8446,257
8447,161
8448,257
8449,55
8450,59
8450,167
8451,93
8452,138
8453,55
8454,111
8455,55
8456,167
8457,257
8458,127
8459,104
8459,55
8460,59
8461,161
8462,257
8463,138
8464,55
8465,257
8466,159
8466,199
8467,13
8468,159
8469,257
8470,167
8470,161
8471,167
8471,127
8472,168
8473,159
8473,257
8474,167
8474,59
8475,55
8476,55
8476,7
8477,257
8478,55
8478,104
8479,93
8480,55
8481,55
8482,59
8483,104
8484,257
8485,111
8485,207
8486,161
8486,59
8487,55
8488,257
8489,167
8490,198
8490,55
8491,167
8492,138
8492,139
8493,257
8494,22
8495,93
8496,257
8497,55
8497,42
8498,55
8499,105
8500,93
8501,257
8502,55
8502,257
8503,59
8503,127
8504,55
8505,55
8506,93
8506,208
8507,104
8507,93
8508,99
8509,257
8510,257
8510,232
8511,104
8512,167
8513,51
8514,257
8515,55
8516,257
8517,198
8518,198
8518,257
8519,167
8520,131
8521,199
8522,189
8523,257
8524,139
8525,207
8526,257
8527,257
8528,55
8529,59
8530,257
8531,257
8532,55
8532,167
8533,93
8533,207
8534,207
8534,111
8535,167
8536,257
8537,167
8538,138
8539,257
8540,272
8541,55
8542,257
8543,159
8544,207
8544,198
8545,161
8545,167
8546,257
8547,55
8548,160
8549,93
8550,207
8551,207
8552,161
8553,22
8554,167
8555,257
8556,159
8557,127
8558,198
8559,257
8560,200
8561,55
8562,138
8563,207
8563,42
8564,207
8564,105
8565,257
8566,167
8567,207
8568,159
8569,167
8570,167
8570,59
8571,167
8572,257
8573,104
8574,257
8575,167
8576,138
8577,207
8578,159
8579,257
8580,198
8581,257
8582,198
8583,257
8584,257
8585,55
8586,55
8587,257
8588,257
8588,55
8589,167
8590,257
8591,167
8592,198
8593,257
8594,167
8595,257
8596,257
8596,200
8597,167
8598,159
8599,104
8600,93
8600,257
8601,257
8601,59
8602,104
8603,123
8604,161
8605,208
8606,55
8607,93
8608,55
8609,159
8610,257
8611,55
8612,55
8613,55
8614,257
8615,93
8615,198
8616,105
8616,257
8617,93
8618,55
8618,198
8619,257
8620,167
8620,104
8621,138
8622,257
8623,257
8624,257
8625,257
8626,257
8627,167
8628,55
8629,264
8630,167
8631,198
8632,193
8633,55
8634,257
8635,55
8636,55
8637,207
8638,138
8639,55
8640,138
8640,104
8641,93
8642,257
8643,105
8644,7
8645,105
8646,257
8647,159
8647,198
8648,189
8649,167
8650,127
8651,257
8651,161
8652,93
8652,160
8653,257
8654,257
8655,55
8656,257
8656,105
8657,138
8658,127
8659,257
8660,159
8661,257
8662,127
8663,7
8664,55
8665,104
8666,159
8667,55
8667,104
8668,59
8669,167
8670,257
8671,207
8672,161
8673,257
8674,55
8675,167
8676,167
8677,198
8678,167
8678,104
8679,257
8680,167
8680,257
8681,161
8681,42
8682,104
8682,189
8683,93
8684,257
8684,55
8685,257
8686,167
8687,198
8688,167
8689,55
8690,207
8691,167
8691,257
8692,198
8693,161
8693,55
8694,257
8695,167
8695,161
8696,55
8697,42
8697,257
8698,257
8698,167
8699,41
8700,59
8700,104
8701,161
8702,257
8703,207
8703,257
8704,257
8705,55
8706,127
8706,55
8707,55
8707,167
8708,148
8708,199
8709,167
8709,257
8710,167
8711,257
8712,167
8712,59
8713,257
8713,59
8714,42
8714,257
8715,257
8716,55
8717,257
8718,257
8719,93
8720,55
8721,257
8721,167
8722,257
8723,55
8723,93
8724,198
8725,167
8726,257
8726,159
8727,257
8728,59
8729,93
8730,198
8730,207
8731,257
8732,22
8733,59
8734,55
8735,257
8736,99
8737,55
8738,257
8739,51
8740,257
8741,22
8742,207
8743,257
8744,139
8745,257
8746,207
8747,161
8748,127
8748,51
8749,257
8750,257
8751,55
8751,257
8752,198
8753,104
8754,257
8755,198
8756,99
8757,207
8757,93
8758,138
8759,59
8760,55
8760,42
8761,167
8762,207
8763,198
8763,200
8764,42
8765,104
8766,167
8767,232
8767,104
8768,167
8769,257
8770,161
8771,167
8772,55
8773,167
8774,257
8775,167
8775,161
8776,167
8777,55
8778,93
8778,198
8779,55
8780,55
8781,42
8782,207
8782,257
8783,257
8784,257
8785,161
8785,93
8786,257
8787,55
8788,167
8789,159
8790,55
8791,189
8792,257
8793,257
8794,257
8794,198
8795,257
8796,59
8797,159
8798,167
8798,59
8799,104
8800,257
8801,59
8802,55
8803,59
8804,99
8805,257
8805,59
8806,93
8806,7
8807,93
8808,257
8809,55
8810,59
8811,167
8812,104
8813,167
8814,257
8814,42
8815,257
8816,167
8817,207
8818,138
8819,257
8820,257
8821,207
8821,55
8822,257
8822,59
8823,167
8823,55
8824,22
8825,167
8826,59
8827,22
8828,257
8829,55
8830,161
8831,12
8831,189
8832,55
8833,233
8834,55
8835,138
8836,257
8837,257
8838,257
8838,55
8839,257
8840,55
8841,198
8841,93
8842,138
8843,257
8844,93
8845,138
8845,104
8846,111
8846,207
8847,257
8848,111
8849,55
8850,257
8850,207
8851,167
8852,167
8853,257
8854,257
8855,207
8856,257
8857,198
8858,167
8859,55
8859,59
8860,55
8860,59
8861,138
8862,59
8863,198
8864,198
8865,257
8866,59
8867,189
8868,104
8868,55
8869,167
8870,55
8871,111
8871,93
8872,93
8872,161
8873,257
8874,111
8875,100
8876,111
8877,167
8878,55
8879,59
8879,161
8880,161
8881,55
8881,22
8882,55
8883,93
8883,55
8884,55
8885,42
8885,208
8886,55
8886,257
8887,48
8888,257
8889,257
8890,55
8891,257
8892,22
8893,131
8894,257
8895,167
8896,257
8897,59
8897,167
8898,257
8899,161
8900,138
8900,104
8901,59
8901,55
8902,207
8902,105
8903,159
8904,198
8905,257
8906,55
8907,161
8907,167
8908,207
8909,22
8910,257
8911,167
8912,138
8913,257
8913,198
8914,55
8915,55
8916,55
8917,207
8917,257
8918,257
8919,104
8919,55
8920,59
8921,127
8922,111
8923,257
8924,167
8925,167
8925,208
8926,138
8927,207
8928,93
8929,167
8930,42
8930,257
8931,104
8931,59
8932,207
8933,167
8934,257
8935,59
8936,55
8937,55
8938,257
8938,59
8939,167
8939,198
8940,55
8941,55
8942,138
8943,55
8944,105
8945,55
8946,139
8947,198
8948,55
8949,138
8950,55
8950,167
8951,257
8951,208
8952,257
8953,161
8953,127
8954,257
8955,234
8956,131
8957,264
8958,156
8959,236
8960,236
8961,92
8962,213
8963,91
8964,141
8965,38
8966,174
8967,48
8967,38
8968,275
8969,100
8970,99
8971,218
8972,161
8973,141
8974,99
8975,207
8976,131
8977,141
8978,126
8979,131
8980,131
8981,131
8982,235
8983,99
8984,141
8984,38
8985,21
8986,213
8987,213
8988,100
8989,21
8990,245
8991,213
8992,5
8993,213
8994,232
8995,38
8996,100
8997,275
8998,175
8999,38
9000,100
9001,92
9002,246
9003,235
9004,235
9005,48
9006,103
9007,212
9008,119
9009,78
9010,103
9011,126
9012,131
9013,38
9014,218
9015,44
9016,213
9017,117
9018,38
9019,100
9020,218
9021,235
9022,92
9023,174
9024,123
9025,123
9026,123
9027,92
9028,123
9029,187
9030,187
9031,100
9032,123
9032,55
9033,131
9034,187
9035,126
9036,156
9037,250
9038,21
9039,187
9040,246
9041,236
9042,174
9043,187
9044,92
9045,100
9046,222
9047,92
9048,123
9049,38
9050,239
9051,236
9052,236
9053,12
9054,138
9055,207
9056,174
9057,100
9058,236
9059,21
9060,126
9061,92
9062,91
9063,235
9064,239
9065,250
9066,38
9067,17
9068,126
9069,213
9070,239
9071,138
9072,12
9073,131
9074,156
9075,126
9076,126
9077,126
9078,123
9079,250
9079,32
9080,156
9080,55
9081,174
9082,235
9083,21
9084,126
9085,236
9086,92
9087,156
9087,55
9088,236
9089,100
9090,236
9091,236
9092,78
9093,250
9094,131
9095,156
9095,55
9096,123
9097,187
9098,38
9099,100
9100,247
9101,99
9102,187
9103,156
9103,125
9104,248
9105,264
9106,126
9107,161
9108,49
9109,236
9110,55
9110,131
9111,55
9112,138
9113,246
9114,131
9115,138
9116,232
9117,138
9118,138
9119,135
9120,138
9121,138
9122,138
9123,99
9124,138
9125,135
9126,239
9127,138
9128,55
9129,55
9129,235
9130,239
9130,55
9131,163
9131,55
9132,189
9133,5
9133,55
9134,5
9134,198
9135,99
9136,99
9136,5
9137,55
9138,163
9138,198
9139,249
9140,161
9141,249
9142,235
9142,5
9143,163
9143,207
9144,131
9145,249
9146,21
9147,21
9147,77
9148,99
9148,5
9149,230
9149,127
9150,163
9150,55
9151,5
9152,239
9153,55
9153,198
9154,21
9154,163
9155,5
9155,55
9156,55
9156,59
9157,130
9158,138
9158,211
9159,5
9159,198
9160,55
9161,55
9161,161
9162,21
9162,249
9163,235
9164,104
9165,21
9165,90
9166,21
9166,11
9167,235
9168,5
9169,163
9169,55
9170,134
9171,5
9172,138
9172,224
9173,47
9173,55
9174,163
9175,138
9176,163
9176,198
9177,207
9177,5
9178,6
9179,6
9179,160
9180,55
9180,5
9181,235
9181,5
9182,163
9182,198
9183,21
9183,198
9184,167
9185,167
9186,167
9187,195
9188,257
9189,167
9190,167
9191,257
9192,167
9193,257
9194,167
9195,257
9196,167
9197,167
9198,167
9199,167
9200,167
9201,195
9202,167
9203,167
9204,55
9204,208
9205,190
9205,55
9206,207
9207,198
9207,55
9208,203
9209,167
9209,59
9210,37
9210,207
9211,167
9212,59
9212,161
9213,59
9213,55
9214,207
9215,59
9215,132
9216,93
9216,167
9217,219
9217,55
9218,167
9218,55
9219,59
9219,55
9220,131
9220,167
9221,55
9221,161
9222,191
9223,167
9223,59
9224,259
9224,257
9225,73
9225,57
9226,57
9226,93
9227,167
9228,139
9228,167
9229,131
9230,161
9230,167
9231,207
9232,55
9232,59
9233,37
9233,132
9234,57
9234,257
9235,57
9235,167
9236,207
9237,207
9237,93
9238,57
9239,55
9239,132
9240,131
9240,132
9241,59
9242,104
9243,59
9244,55
9245,55
9245,207
9246,167
9246,132
9247,198
9247,55
9248,198
9248,51
9249,72
9249,51
9250,51
9250,131
9251,265
9251,57
9252,59
9252,167
9253,69
9253,257
9254,132
9255,167
9256,59
9257,132
9258,207
9258,51
9259,66
9259,57
9260,207
9260,101
9261,259
9262,104
9262,198
9263,167
9264,12
9264,78
9265,8
9265,167
9266,153
9267,132
9268,259
9268,59
9269,190
9269,51
9270,51
9270,131
9271,207
9271,96
9272,51
9272,131
9273,198
9273,55
9274,190
9274,257
9275,167
9275,65
9276,132
9276,263
9277,132
9277,198
9278,198
9278,51
9279,207
9280,167
9280,55
9281,55
9281,59
9282,55
9283,132
9283,59
9284,198
9284,3
9285,264
9285,167
9286,167
9287,131
9287,167
9288,259
9288,198
9289,207
9289,51
9290,104
9290,59
9291,161
9291,51
9292,57
9292,167
9293,158
9293,51
9294,161
9295,57
9296,57
9296,167
9297,161
9298,51
9299,55
9300,55
9301,207
9302,132
9302,208
9303,57
9303,167
9304,198
9305,207
9306,207
9306,55
9307,190
9307,257
9308,57
9308,161
9309,190
9309,257
9310,59
9311,198
9311,51
9312,59
9313,87
9313,51
9314,207
9314,152
9315,132
9315,208
9316,167
9317,153
9317,257
9318,87
9319,207
9320,167
9320,51
9321,207
9321,73
9322,87
9322,257
9323,219
9323,59
9324,207
9324,131
9325,167
9326,132
9327,265
9327,167
9328,265
9328,257
9329,104
9329,167
9330,131
9330,167
9331,259
9331,167
9332,51
9333,132
9334,55
9334,161
9335,198
9335,208
9336,203
9336,167
9337,132
9337,55
9338,265
9339,167
9340,201
9340,93
9341,207
9341,161
9342,131
9342,161
9343,59
9344,153
9344,257
9345,198
9345,257
9346,131
9346,167
9347,37
9347,257
9348,207
9348,51
9349,59
9350,153
9350,55
9351,259
9351,51
9352,167
9352,259
9353,57
9354,190
9354,167
9355,167
9356,51
9357,198
9357,57
9358,190
9358,131
9359,59
9360,265
9360,51
9361,167
9362,131
9362,167
9363,167
9364,265
9364,51
9365,51
9365,111
9366,8
9366,257
9367,191
9368,167
9368,57
9369,207
9370,259
9370,257
9371,59
9372,167
9372,132
9373,51
9373,131
9374,167
9375,51
9375,131
9376,167
9377,132
9378,57
9378,111
9379,59
9380,198
9380,167
9381,152
9381,55
9382,59
9382,167
9383,132
9384,167
9384,59
9385,57
9386,161
9386,51
9387,138
9388,93
9388,132
9389,57
9389,59
9390,207
9391,57
9391,51
9392,207
9392,208
9393,59
9394,57
9394,51
9395,259
9396,259
9396,257
9397,131
9398,198
9398,93
9399,167
9399,37
9400,132
9400,265
9401,207
9402,167
9403,59
9404,259
9405,87
9405,257
9406,57
9407,161
9407,167
9408,198
9408,51
9409,219
9409,167
9410,259
9410,167
9411,71
9411,153
9412,167
9413,153
9413,131
9414,167
9414,93
9415,207
9415,131
9416,57
9417,207
9417,219
9418,57
9418,59
9419,257
9419,111
9420,132
9420,161
9421,219
9421,167
9422,55
9422,207
9423,190
9423,167
9424,127
9424,222
9425,207
9426,207
9426,257
9427,219
9427,55
9428,57
9428,3
9429,152
9429,207
9430,51
9430,131
9431,51
9431,131
9432,167
9432,152
9433,203
9433,115
9434,207
9434,257
9435,152
9436,37
9436,51
9437,198
9437,51
9438,190
9438,51
9439,207
9440,207
9440,167
9441,73
9441,132
9442,167
9442,59
9443,132
9444,55
9444,132
9445,167
9445,229
9446,132
9447,190
9448,207
9448,51
9449,57
9449,257
9450,167
9450,55
9451,131
9451,51
9452,207
9452,55
9453,8
9453,167
9454,167
9455,207
9455,59
9456,131
9457,8
9457,167
9458,259
9458,51
9459,207
9460,51
9461,198
9461,51
9462,219
9462,51
9463,198
9463,132
9464,167
9465,259
9465,167
9466,190
9466,257
9467,167
9468,259
9468,115
9469,207
9469,55
9470,55
9470,132
9471,55
9471,167
9472,167
9472,161
9473,265
9473,51
9474,265
9474,51
9475,161
9476,131
9476,51
9477,167
9477,59
9478,167
9478,93
9479,161
9480,59
9481,167
9481,57
9482,219
9482,167
9483,190
9483,51
9484,55
9484,131
9485,207
9486,57
9487,198
9487,257
9488,69
9488,208
9489,207
9490,190
9490,257
9491,198
9491,257
9492,259
9493,59
9493,207
9494,198
9494,3
9495,57
9495,55
9496,132
9497,59
9497,207
9498,68
9498,51
9499,207
9499,51
9500,59
9501,190
9501,207
9502,153
9502,167
9503,201
9503,68
9504,167
9504,208
9505,167
9506,153
9507,167
9508,207
9508,51
9509,191
9510,257
9510,167
9511,198
9511,167
9512,207
9513,207
9513,51
9514,207
9514,51
9515,198
9515,57
9516,167
9517,259
9517,51
9518,207
9518,208
9519,161
9519,131
9520,161
9521,161
9521,132
9522,167
9522,65
9523,207
9524,207
9524,51
9525,57
9526,265
9526,257
9527,259
9528,161
9529,167
9529,93
9530,167
9531,161
9532,190
9532,167
9533,57
9533,167
9534,257
9534,51
9535,167
9536,87
9537,207
9537,161
9538,226
9538,111
9539,219
9539,167
9540,38
9540,55
9541,57
9542,198
9543,259
9544,207
9545,198
9545,257
9546,59
9547,207
9547,161
9548,259
9548,257
9549,159
9550,167
9550,55
9551,190
9551,257
9552,8
9553,167
9553,161
9554,161
9555,207
9555,167
9556,138
9556,51
9557,152
9557,51
9558,51
9558,57
9559,207
9559,51
9560,207
9560,152
9561,167
9561,161
9562,57
9562,59
9563,259
9563,57
9564,257
9564,93
9565,87
9565,198
9566,87
9567,161
9567,55
9568,259
9569,167
9570,51
9570,131
9571,259
9571,51
9572,37
9572,115
9573,59
9574,59
9574,55
9575,111
9576,59
9577,57
9578,152
9578,51
9579,131
9580,131
9580,167
9581,59
9581,55
9582,132
9583,167
9583,55
9584,167
9584,208
9585,198
9585,51
9586,57
9586,167
9587,131
9588,265
9588,257
9589,265
9589,207
9590,207
9590,167
9591,207
9591,131
9592,167
9592,51
9593,152
9593,167
9594,152
9594,51
9595,57
9595,257
9596,207
9597,207
9598,65
9598,257
9599,167
9599,127
9600,207
9601,207
9601,161
9602,72
9602,167
9603,132
9603,152
9604,161
9604,51
9605,37
9605,55
9606,55
9606,207
9607,198
9607,257
9608,69
9608,257
9609,153
9609,167
9610,207
9611,55
9612,257
9613,59
9614,92
9615,167
9615,55
9616,201
9616,257
9617,167
9617,132
9618,57
9618,167
9619,51
9620,59
9620,55
9621,167
9621,55
9622,37
9622,257
9623,191
9624,138
9624,257
9625,265
9625,208
9626,207
9626,257
9627,257
9627,167
9628,261
9628,257
9629,259
9629,55
9630,8
9630,207
9631,167
9632,57
9632,132
9633,167
9633,126
9634,138
9634,104
9635,264
9635,55
9636,59
9637,161
9637,51
9638,131
9638,51
9639,131
9639,55
9640,207
9640,167
9641,207
9642,131
9642,51
9643,87
9643,51
9644,55
9645,198
9645,167
9646,207
9647,55
9648,161
9649,51
9649,198
9650,190
9651,161
9651,167
9652,167
9653,265
9653,51
9654,59
9655,47
9655,11
9656,132
9656,59
9657,207
9658,104
9658,59
9659,207
9659,51
9660,207
9660,167
9661,57
9662,87
9663,131
9663,55
9664,167
9665,190
9665,257
9666,207
9666,167
9667,132
9667,57
9668,167
9669,207
9669,132
9670,265
9670,257
9671,87
9672,131
9672,257
9673,265
9673,167
9674,59
9675,207
9675,167
9676,191
9677,207
9678,132
9679,57
9679,257
9680,207
9680,51
9681,198
9681,51
9682,190
9682,257
9683,65
9684,265
9685,59
9686,111
9687,131
9687,167
9688,207
9688,161
9689,207
9690,131
9690,51
9691,207
9692,153
9692,57
9693,207
9694,57
9694,59
9695,167
9695,126
9696,207
9696,265
9697,57
9697,167
9698,167
9699,207
9699,167
9700,55
9700,198
9701,51
9701,259
9702,259
9702,167
9703,87
9703,167
9704,87
9704,257
9705,161
9705,55
9706,257
9706,93
9707,101
9707,257
9708,57
9708,51
9709,191
9709,214
9710,167
9710,59
9711,189
9711,13
9712,51
9713,207
9713,167
9714,87
9715,259
9715,167
9716,87
9717,259
9718,59
9718,55
9719,219
9719,207
9720,161
9720,131
9721,167
9722,65
9723,207
9724,219
9724,167
9725,65
9725,208
9726,47
9726,12
9727,93
9727,208
9728,190
9729,132
9730,55
9730,208
9731,219
9731,207
9732,207
9732,167
9733,158
9733,167
9734,59
9735,207
9735,69
9736,167
9737,167
9738,51
9738,57
9739,159
9739,161
9740,207
9740,161
9741,167
9742,131
9742,167
9743,161
9744,51
9745,207
9745,265
9746,207
9746,161
9747,198
9748,257
9748,161
9749,198
9749,208
9750,57
9750,73
9751,55
9752,87
9753,55
9753,161
9754,73
9754,257
9755,34
9755,51
9756,207
9757,71
9758,167
9759,167
9759,161
9760,190
9761,261
9761,167
9762,259
9763,37
9763,167
9764,167
9764,161
9765,167
9766,8
9766,167
9767,207
9768,161
9768,55
9769,198
9769,3
9770,57
9770,167
9771,167
9772,265
9772,207
9773,207
9773,51
9774,207
9774,161
9775,57
9775,167
9776,87
9777,59
9778,161
9779,87
9779,167
9780,51
9781,191
9782,207
9783,87
9783,198
9784,57
9784,257
9785,167
9785,208
9786,207
9786,167
9787,259
9787,57
9788,167
9788,59
9789,167
9789,55
9790,153
9790,257
9791,104
9791,12
9792,207
9792,51
9793,207
9794,51
9794,207
9795,207
9796,8
9796,257
9797,68
9797,257
9798,57
9799,59
9799,161
9800,257
9800,57
9801,203
9801,167
9802,207
9802,167
9803,57
9803,55
9804,207
9804,51
9805,207
9805,55
9806,59
9807,55
9808,158
9808,132
9809,207
9809,208
9810,161
9810,207
9811,219
9811,167
9812,167
9813,167
9813,207
9814,198
9815,132
9815,57
9816,219
9816,257
9817,47
9817,12
9818,207
9818,167
9819,190
9819,257
9820,207
9821,132
9821,13
9822,57
9822,167
9823,132
9824,207
9825,59
9825,219
9826,207
9826,51
9827,55
9827,208
9828,167
9828,132
9829,132
9829,167
9830,167
9830,59
9831,55
9832,132
9832,161
9833,207
9833,167
9834,55
9835,132
9835,167
9836,167
9837,190
9837,55
9838,198
9838,161
9839,167
9840,207
9841,153
9841,257
9842,57
9842,55
9843,167
9844,55
9845,132
9846,55
9846,111
9847,37
9847,55
9848,59
9848,208
9849,207
9849,51
9850,55
9851,132
9851,59
9852,57
9852,55
9853,219
9853,257
9854,55
9854,13
9855,55
9855,207
9856,57
9857,219
9857,55
9858,219
9858,55
9859,132
9860,93
9860,167
9861,55
9862,59
9863,132
9864,167
9865,207
9865,131
9866,55
9866,167
9867,55
9867,131
9868,138
9868,51
9869,201
9869,131
9870,51
9870,55
9871,167
9872,93
9872,167
9873,111
9873,9
9874,159
9875,153
9876,167
9877,57
9877,257
9878,104
9878,138
9879,131
9879,51
9880,132
9880,167
9881,167
9881,51
9882,51
9882,131
9883,167
9884,138
9884,12
9885,167
9885,190
9886,201
9886,161
9887,265
9887,167
9888,203
9889,198
9889,229
9890,161
9890,55
9891,132
9891,207
9892,55
9892,59
9893,132
9893,13
9894,3
9894,208
9895,167
9895,59
9896,132
9896,57
9897,207
9897,127
9898,55
9899,55
9900,59
9901,51
9901,208
9902,131
9903,207
9903,198
9904,207
9905,159
9906,207
9907,68
9907,115
9908,87
9909,259
9910,198
9911,167
9911,65
9912,207
9913,207
9914,131
9914,59
9915,207
9915,167
9916,161
9916,208
9917,132
9918,57
9918,167
9919,259
9919,55
9920,55
9921,68
9922,259
9922,111
9923,132
9923,152
9924,59
9924,132
9925,55
9926,132
9926,259
9927,57
9927,167
9928,207
9929,3
9929,55
9930,144
9930,11
9931,167
9932,55
9932,59
9933,57
9933,257
9934,87
9934,55
9935,131
9935,159
9936,59
9937,55
9937,208
9938,59
9938,55
9939,219
9939,167
9940,59
9940,167
9941,207
9941,167
9942,132
9942,190
9943,165
9943,153
9944,138
9944,11
9945,57
9945,198
9946,57
9946,93
9947,190
9948,167
9948,208
9949,131
9949,167
9950,132
9951,57
9952,55
9953,167
9954,57
9954,55
9955,264
9955,55
9956,167
9956,208
9957,198
9957,167
9958,55
9958,207
9959,8
9959,167
9960,93
9960,167
9961,190
9962,167
9963,257
9964,131
9964,51
9965,55
9965,208
9966,55
9967,207
9968,207
9968,161
9969,265
9969,257
9970,87
9970,55
9971,138
9972,51
9972,131
9973,55
9973,161
9974,167
9974,59
9975,257
9976,191
9977,55
9977,219
9978,207
9979,161
9979,127
9980,55
9981,59
9981,219
9982,55
9982,207
9983,167
9984,219
9984,55
9985,131
9985,51
9986,55
9986,59
9987,190
9987,167
9988,159
9988,55
9989,87
9989,257
9990,132
9990,51
9991,261
9991,257
9992,259
9992,167
9993,190
9993,51
9994,190
9994,257
9995,207
9995,51
9996,161
9996,167
9997,167
9997,161
9998,3
9998,198
9999,72
9999,167
10000,132
10000,207
10001,161
10001,167
10002,69
10002,198
10003,167
10004,55
10005,167
10005,161
10006,191
10007,131
10007,265
10008,131
10008,167
10009,55
10010,132
10010,167
10011,167
10012,37
10013,207
10013,167
10014,57
10014,59
10015,167
10016,59
10017,152
10017,167
10018,66
10018,167
10019,219
10019,167
10020,167
10021,207
10022,207
10023,259
10023,159
10024,207
10024,51
10025,257
10025,159
10026,167
10027,265
10027,257
10028,3
10028,161
10029,161
10029,167
10030,190
10030,55
10031,161
10031,55
10032,59
10032,55
10033,93
10033,167
10034,57
10034,132
10035,3
10035,55
10036,51
10036,131
10037,104
10037,12
10038,73
10038,59
10039,55
10040,201
10040,131
10041,55
10042,57
10042,55
10043,167
10043,57
10044,219
10044,167
10045,59
10045,161
10046,132
10047,207
10047,161
10048,207
10049,37
10050,132
10051,132
10052,34
10052,55
10053,161
10053,167
10054,132
10055,139
10055,138
10056,207
10056,55
10057,93
10057,55
10058,132
10058,264
10059,55
10059,207
10060,190
10060,167
10061,132
10061,259
10062,132
10063,207
10063,161
10064,190
10064,55
10065,265
10065,208
10066,167
10066,55
10067,51
10067,131
10068,59
10068,131
10069,59
10069,55
10070,57
10070,167
10071,207
10071,8
10072,132
10073,132
10073,59
10074,190
10074,55
10075,132
10075,208
10076,201
10076,51
10077,167
10077,55
10078,167
10078,55
10079,207
10080,11
10080,104
10081,132
10081,59
10082,57
10082,257
10083,161
10083,201
10084,190
10084,257
10085,57
10086,126
10086,261
10087,219
10087,167
10088,132
10088,167
10089,132
10090,132
10091,167
10091,161
10092,167
10093,207
10093,167
10094,207
10095,57
10095,167
10096,131
10096,51
10097,51
10098,132
10098,153
10099,65
10099,55
10100,132
10101,132
10102,208
10103,37
10103,51
10104,57
10104,257
10105,132
10106,132
10106,167
10107,55
10107,161
10108,257
10108,259
10109,207
10110,48
10110,38
10111,55
10111,167
10112,51
10112,57
10113,57
10113,55
10114,55
10114,37
10115,167
10116,55
10116,104
10117,3
10117,257
10118,55
10118,59
10119,59
10119,127
10120,259
10120,159
10121,259
10122,191
10123,131
10123,207
10124,59
10124,132
10125,167
10126,131
10126,167
10127,55
10128,59
10128,55
10129,207
10130,132
10130,198
10131,207
10131,55
10132,208
10132,259
10133,132
10133,59
10134,207
10134,51
10135,55
10136,208
10136,93
10137,167
10138,139
10139,161
10139,51
10140,207
10140,208
10141,132
10141,87
10142,167
10142,131
10143,207
10143,161
10144,65
10144,55
10145,207
10145,51
10146,55
10146,161
10147,51
10147,208
10148,59
10149,167
10149,59
10150,132
10151,167
10151,57
10152,207
10152,51
10153,190
10153,257
10154,87
10154,57
10155,167
10156,59
10157,57
10157,59
10158,55
10158,8
10159,55
10160,207
10160,161
10161,257
10161,190
10162,131
10162,167
10163,207
10163,51
10164,207
10164,161
10165,198
10165,55
10166,132
10167,161
10167,208
10168,167
10168,59
10169,207
10170,190
10170,167
10171,131
10171,51
10172,37
10172,207
10173,167
10173,161
10174,131
10174,51
10175,71
10175,167
10176,207
10176,51
10177,72
10177,131
10178,190
10178,257
10179,51
10180,167
10181,201
10181,131
10182,161
10183,57
10183,55
10184,167
10185,55
10185,198
10186,132
10186,131
10187,132
10188,93
10188,57
10189,68
10190,207
10190,161
10191,207
10192,55
10193,68
10193,257
10194,37
10194,167
10195,207
10196,161
10197,51
10197,207
10198,167
10199,190
10199,93
10200,207
10201,190
10201,51
10202,51
10203,235
10203,132
10204,257
10205,257
10206,207
10206,161
10207,167
10207,132
10208,65
10208,167
10209,55
10210,131
10210,51
10211,132
10212,87
10212,257
10213,190
10213,208
10214,65
10214,257
10215,167
10215,59
10216,55
10216,3
10217,161
10217,207
10218,259
10218,257
10219,207
10220,167
10221,259
10221,257
10222,161
10223,51
10224,57
10224,167
10225,167
10225,55
10226,34
10226,257
10227,167
10228,190
10228,55
10229,207
10230,207
10230,51
10231,159
10231,131
10232,167
10233,131
10233,51
10234,207
10235,219
10236,153
10237,161
10238,132
10238,167
10239,167
10239,59
10240,259
10240,59
10241,259
10241,208
10242,167
10242,132
10243,126
10244,207
10244,55
10245,167
10245,208
10246,259
10246,257
10247,167
10248,207
10249,167
10249,93
10250,51
10250,207
10251,161
10251,152
10252,207
10252,51
10253,57
10253,132
10254,161
10254,167
10255,132
10255,111
10256,125
10256,104
10257,72
10257,51
10258,55
10259,51
10259,131
10260,132
10260,59
10261,57
10262,87
10263,55
10263,259
10264,167
10264,208
10265,87
10266,190
10266,257
10267,55
10268,57
10268,55
10269,47
10269,218
10270,167
10270,59
10271,55
10271,37
10272,55
10273,59
10274,189
10274,138
10275,161
10275,167
10276,207
10276,55
10277,167
10277,59
10278,57
10278,59
10279,152
10279,59
10280,167
10280,59
10281,161
10281,167
10282,203
10282,161
10283,207
10283,161
10284,203
10284,257
10285,55
10286,3
10286,198
10287,55
10288,55
10289,55
10289,132
10290,55
10290,59
10291,167
10292,167
10293,104
10294,152
10295,190
10295,167
10296,55
10296,8
10297,59
10297,167
10298,59
10299,65
10299,55
10300,132
10301,207
10301,161
10302,207
10303,131
10303,219
10304,161
10305,68
10305,257
10306,55
10306,219
10307,265
10308,167
10308,161
10309,167
10309,132
10310,59
10310,207
10311,51
10312,132
10312,72
10313,59
10314,198
10314,257
10315,190
10315,167
10316,93
10317,153
10317,131
10318,55
10319,132
10320,59
10320,55
10321,57
10321,167
10322,72
10322,198
10323,167
10324,131
10324,55
10325,57
10325,167
10326,57
10326,59
10327,259
10328,261
10328,55
10329,259
10329,167
10330,161
10331,72
10331,51
10332,259
10333,57
10334,55
10334,152
10335,87
10336,59
10337,161
10337,167
10338,167
10338,131
10339,132
10339,167
10340,131
10340,59
10341,207
10342,167
10343,59
10344,161
10344,131
10345,190
10345,55
10346,59
10347,57
10347,167
10348,37
10349,87
10349,208
10350,207
10350,51
10351,265
10351,208
10352,190
10353,34
10353,257
10354,167
10355,167
10356,207
10357,55
10358,207
10358,131
10359,161
10360,3
10360,257
10361,153
10362,66
10362,131
10363,190
10363,161
10364,87
10364,57
10365,167
10366,51
10367,208
10367,93
10368,207
10369,51
10370,190
10370,257
10371,161
10371,104
10372,259
10372,257
10373,207
10373,167
10374,132
10374,198
10375,59
10375,55
10376,261
10376,55
10377,55
10378,190
10378,207
10379,55
10379,159
10380,261
10380,55
10381,190
10381,132
10382,161
10382,207
10383,132
10384,190
10384,257
10385,167
10385,132
10386,59
10387,51
10387,207
10388,198
10388,167
10389,207
10390,87
10390,257
10391,59
10391,167
10392,207
10392,161
10393,55
10394,167
10394,59
10395,161
10395,219
10396,59
10396,55
10397,132
10397,161
10398,259
10398,55
10399,190
10400,161
10401,132
10401,207
10402,167
10402,161
10403,55
10403,198
10404,55
10404,153
10405,55
10405,167
10406,161
10406,203
10407,190
10408,59
10408,55
10409,132
10409,167
10410,55
10411,161
10411,203
10412,207
10412,131
10413,161
10413,55
10414,207
10415,59
10415,167
10416,208
10416,3
10417,198
10417,126
10418,207
10418,167
10419,132
10419,57
10420,257
10421,132
10422,159
10422,261
10423,265
10424,167
10424,55
10425,8
10425,257
10426,51
10427,198
10428,161
10428,132
10429,57
10429,167
10430,132
10431,3
10431,198
10432,51
10432,207
10433,207
10434,73
10434,131
10435,55
10435,167
10436,207
10436,161
10437,57
10437,55
10438,59
10439,99
10439,257
10440,207
10440,167
10441,132
10442,257
10442,131
10443,207
10444,167
10444,55
10445,132
10445,131
10446,167
10446,51
10447,259
10447,257
10448,167
10449,207
10450,51
10450,3
10451,207
10451,55
10452,51
10452,57
10453,59
10454,167
10455,57
10455,51
10456,167
10457,198
10457,55
10458,72
10458,257
10459,51
10459,198
10460,207
10460,198
10461,51
10462,207
10463,207
10463,55
10464,167
10465,167
10465,51
10466,131
10466,167
10467,190
10468,198
10468,132
10469,259
10470,198
10470,208
10471,59
10471,208
10472,207
10472,131
10473,51
10474,153
10475,167
10475,190
10476,51
10477,265
10477,208
10478,207
10478,51
10479,55
10479,161
10480,207
10481,207
10481,257
10482,207
10482,51
10483,207
10484,167
10485,167
10486,167
10487,59
10487,55
10488,152
10489,207
10489,132
10490,87
10491,167
10492,190
10493,93
10493,198
10494,167
10495,37
10495,207
10496,55
10496,167
10497,203
10497,167
10498,190
10498,208
10499,59
10500,51
10500,111
10501,167
10501,208
10502,8
10502,167
10503,207
10504,132
10505,167
10506,37
10506,257
10507,8
10507,167
10508,57
10508,167
10509,239
10510,208
10510,161
10511,167
10512,152
10512,167
10513,57
10513,55
10514,198
10514,51
10515,190
10515,55
10516,161
10516,167
10517,167
10517,59
10518,138
10518,11
10519,126
10519,55
10520,131
10520,59
10521,207
10522,55
10522,57
10523,55
10524,265
10524,208
10525,167
10525,259
10526,159
10526,51
10527,207
10527,167
10528,167
10529,55
10530,167
10531,55
10531,190
10532,198
10533,198
10534,167
10534,207
10535,88
10536,123
10537,151
10538,99
10539,131
10540,139
10541,161
10542,235
10542,159
10543,131
10544,11
10545,151
10546,51
10547,9
10547,159
10548,151
10549,131
10550,123
10551,123
10552,232
10553,189
10554,161
10554,151
10555,151
10556,156
10557,159
10557,235
10558,139
10559,88
10560,207
10561,164
10562,47
10562,38
10563,110
10564,161
10565,123
10566,159
10567,99
10568,151
10569,207
10570,99
10571,161
10572,168
10573,100
10574,168
10575,99
10576,93
10577,250
10578,131
10578,161
10579,100
10579,127
10580,100
10581,161
10581,13
10582,167
10583,167
10584,139
10584,161
10585,257
10586,198
10587,29
10588,258
10589,110
10590,167
10590,207
10591,257
10592,167
10593,161
10594,166
10595,167
10596,59
10597,99
10597,195
10598,93
10598,127
10599,208
10599,198
10600,127
10600,55
10601,250
10601,127
10602,208
10602,55
10603,198
10603,51
10604,127
10604,208
10605,99
10606,55
10606,230
10607,164
10608,144
10609,235
10610,144
10611,5
10612,206
10612,230
10613,5
10614,156
10615,47
10615,198
10616,123
10616,198
10617,91
10618,47
10618,198
10619,5
10620,5
10621,99
10622,77
10622,5
10623,55
10624,5
10624,55
10625,267
10626,5
10627,149
10627,236
10628,5
10628,230
10629,94
10630,138
10630,239
10631,134
10632,131
10633,55
10633,215
10634,230
10635,55
10635,5
10636,55
10636,198
10637,55
10638,250
10639,167
10640,167
10641,167
10641,159
10642,257
10643,159
10644,167
10644,198
10645,167
10645,198
10646,139
10647,167
10648,167
10649,167
10650,257
10651,257
10652,167
10653,167
10654,167
10655,207
10656,257
10656,161
10657,91
10658,207
10659,138
10660,257
10661,257
10661,198
10662,161
10663,167
10664,167
10665,168
10666,167
10666,161
10667,167
10667,59
10668,167
10668,264
10669,131
10670,100
10670,93
10671,139
10672,100
10672,93
10673,93
10673,198
10674,127
10675,167
10676,131
10677,99
10677,161
10678,1
10679,55
10680,55
10680,198
10681,167
10681,104
10682,198
10682,208
10683,139
10684,55
10684,198
10685,257
10686,55
10687,131
10688,252
10689,208
10690,104
10691,257
10692,55
10692,127
10693,198
10693,257
10694,207
10695,52
10696,59
10696,269
10697,51
10698,55
10699,131
10700,52
10700,127
10701,57
10702,51
10703,127
10703,167
10704,167
10704,93
10705,269
10705,104
10706,51
10706,57
10707,167
10707,205
10708,161
10708,167
10709,167
10710,167
10711,99
10712,198
10713,242
10713,161
10714,208
10714,167
10715,161
10715,51
10716,57
10716,127
10717,257
10718,132
10719,51
10719,161
10720,161
10720,257
10721,167
10721,264
10722,104
10722,127
10723,257
10723,242
10724,207
10724,131
10725,52
10726,57
10726,257
10727,161
10728,151
10729,100
10729,208
10730,161
10731,100
10732,198
10732,208
10733,55
10734,99
10734,257
10735,99
10736,151
10736,164
10737,257
10737,57
10738,59
10738,131
10739,127
10740,45
10740,98
10740,242
10741,167
10742,52
10743,51
10743,208
10744,55
10744,127
10745,167
10745,208
10746,93
10746,198
10747,198
10747,242
10748,167
10748,161
10749,52
10749,127
10750,257
10751,198
10752,131
10752,161
10753,131
10754,52
10755,242
10755,257
10756,131
10756,191
10757,131
10758,51
10759,257
10760,167
10760,208
10761,55
10761,198
10762,257
10762,3
10763,55
10763,93
10764,242
10764,161
10765,93
10765,55
10766,161
10766,51
10767,161
10768,263
10768,208
10769,208
10769,264
10770,257
10771,57
10772,93
10772,257
10773,208
10773,3
10774,127
10774,208
10775,99
10776,161
10777,52
10778,99
10778,93
10779,51
10779,93
10780,52
10781,250
10782,161
10783,104
10783,11
10784,100
10785,52
10786,51
10787,131
10788,51
10789,59
10790,93
10790,127
10791,93
10791,167
10792,127
10793,257
10794,161
10795,52
10795,127
10796,51
10797,208
10798,52
10799,93
10799,257
10800,131
10801,52
10802,52
10803,51
10804,126
10804,242
10805,208
10805,127
10806,138
10807,132
10808,207
10809,52
10810,51
10810,257
10811,161
10811,208
10812,104
10813,167
10814,167
10814,208
10815,100
10815,214
10816,59
10816,167
10817,100
10818,167
10819,99
10820,100
10820,208
10821,198
10821,208
10822,51
10823,161
10823,51
10824,127
10824,11
10825,159
10826,51
10827,127
10827,51
10828,168
10829,168
10829,208
10830,168
10831,17
10831,51
10832,100
10833,52
10834,167
10834,93
10835,11
10835,239
10836,167
10836,198
10837,208
10837,167
10838,59
10838,198
10839,57
10839,93
10840,127
10841,167
10841,198
10842,127
10843,167
10844,208
10845,59
10846,161
10846,208
10847,167
10848,127
10848,161
10849,14
10850,161
10850,93
10851,161
10851,167
10852,208
10852,93
10853,161
10853,52
10854,250
10855,167
10855,198
10856,51
10856,208
10857,161
10858,242
10858,127
10859,57
10859,161
10860,257
10861,131
10861,161
10862,51
10863,52
10864,167
10865,208
10865,59
10866,100
10866,127
10867,131
10867,257
10868,52
10869,93
10869,167
10870,51
10871,51
10871,55
10872,138
10873,161
10874,250
10874,11
10875,138
10876,127
10876,161
10877,51
10877,161
10878,93
10878,127
10879,55
10879,99
10880,167
10881,57
10882,59
10883,257
10883,57
10884,168
10884,161
10885,51
10885,161
10886,57
10887,161
10887,198
10888,198
10889,61
10889,51
10890,161
10891,198
10891,57
10892,167
10893,167
10893,93
10894,52
10895,161
10896,93
10896,51
10897,127
10897,51
10898,57
10898,257
10899,100
10900,55
10900,51
10901,132
10902,168
10902,208
10903,52
10903,127
10904,208
10904,257
10905,168
10905,93
10906,168
10906,208
10907,99
10907,51
10908,138
10909,257
10910,59
10910,167
10911,161
10911,242
10912,167
10913,257
10913,154
10914,93
10914,51
10915,161
10915,167
10916,59
10917,167
10917,93
10918,208
10918,127
10919,208
10919,257
10920,93
10920,127
10921,242
10922,159
10922,111
10923,52
10924,161
10924,242
10925,51
10926,52
10927,131
10928,167
10928,208
10929,61
10929,257
10930,52
10931,127
10931,167
10932,51
10932,257
10933,52
10934,127
10935,208
10935,168
10936,253
10937,111
10938,198
10939,167
10940,167
10941,189
10941,139
10942,52
10942,161
10943,167
10943,127
10944,52
10945,167
10945,208
10946,52
10947,131
10947,51
10948,100
10948,167
10949,99
10949,127
10950,132
10951,138
10952,99
10953,55
10954,138
10955,239
10956,238
10957,99
10958,138
10959,55
10959,132
10960,99
10960,100
10961,99
10962,99
10962,100
10963,131
10963,55
10964,239
10965,272
10966,99
10967,99
10968,47
10969,99
10970,99
10971,138
10972,99
10973,47
10974,99
10975,47
10976,55
10977,239
10978,99
10979,55
10980,99
10981,272
10982,144
10983,138
10984,99
10985,138
10986,55
10987,131
10988,131
10989,224
10990,135
10991,224
10992,47
10993,138
10994,138
10995,99
10996,131
10996,55
10997,138
10998,135
10999,131
11000,99
11001,99
11002,272
11003,138
11004,272
11005,99
11006,131
11007,138
11008,99
11009,138
11010,99
11011,99
11012,246
11013,239
11014,131
11015,131
11016,99
11017,47
11018,138
11019,131
11020,99
11021,138
11022,99
11023,55
11024,239
11025,232
11026,239
11027,47
11028,17
11029,239
11030,138
11031,138
11032,131
11033,138
11034,272
11034,99
11035,55
11036,99
11037,138
11038,47
11039,131
11040,99
11041,47
11042,138
11043,99
11044,46
11045,131
11046,131
11046,55
11047,272
11048,47
11049,99
11050,99
11051,55
11052,47
11053,135
11054,138
11055,138
11056,239
11057,239
11058,99
11059,138
11060,47
11061,99
11061,55
11062,99
11063,138
11064,99
11065,131
11066,55
11067,102
11068,99
11069,246
11070,131
11071,238
11072,262
11073,99
11074,99
11075,47
11076,246
11077,99
11078,99
11078,55
11079,239
11080,138
11081,232
11082,99
11083,138
11084,138
11085,138
11086,131
11087,99
11088,138
11089,99
11090,99
11091,138
11092,99
11093,232
11093,55
11094,138
11095,47
11096,99
11097,99
11097,55
11098,131
11099,138
11100,239
11101,246
11102,47
11103,239
11104,131
11105,239
11106,99
11107,99
11108,138
11109,138
11110,163
11111,239
11112,131
11113,99
11113,55
11114,59
11115,99
11116,99
11116,55
11117,131
11118,135
11119,239
11120,99
11121,246
11122,55
11123,99
11124,239
11125,47
11125,78
11126,272
11127,138
11128,131
11129,239
11130,99
11131,99
11132,99
11133,138
11134,131
11135,99
11136,99
11137,262
11138,239
11139,99
11140,99
11141,131
11142,135
11143,138
11144,47
11145,138
11146,99
11146,55
11147,99
11148,273
11149,99
11150,99
11150,55
11151,191
11152,131
11153,99
11154,138
11155,138
11156,99
11157,246
11158,131
11159,172
11160,267
11161,99
11162,99
11163,239
11164,131
11165,99
11166,224
11167,131
11168,47
11169,135
11170,135
11171,239
11172,99
11173,131
11174,138
11175,138
11176,138
11177,80
11178,103
11179,218
11180,38
11181,38
11182,119
11183,117
11184,44
11185,141
11186,38
11187,116
11188,100
11189,38
11190,141
11191,126
11192,235
11193,48
11194,99
11195,131
11196,25
11197,138
11198,38
11199,38
11200,38
11201,218
11202,275
11203,25
11204,275
11205,141
11206,116
11207,38
11208,38
11209,218
11210,159
11211,245
11212,118
11213,83
11214,25
11215,100
11216,159
11217,264
11218,235
11219,92
11220,120
11221,83
11222,120
11223,100
11224,167
11225,99
11226,93
11227,168
11228,168
11229,51
11230,57
11231,167
11232,167
11232,12
11233,168
11233,127
11234,59
11235,225
11235,167
11236,127
11237,99
11237,167
11238,131
11238,161
11239,100
11240,93
11240,167
11241,92
11242,131
11243,208
11243,167
11244,167
11245,167
11246,167
11247,168
11248,167
11249,167
11250,93
11251,99
11251,168
11252,93
11253,269
11253,61
11254,51
11254,167
11255,167
11256,168
11257,168
11258,167
11259,59
11260,207
11261,168
11262,167
11263,207
11264,93
11265,93
11266,93
11266,99
11267,167
11268,257
11269,93
11270,11
11270,104
11271,168
11272,93
11273,52
11274,168
11275,167
11275,59
11276,131
11277,99
11277,161
11278,167
11279,127
11280,52
11281,93
11281,167
11282,99
11282,167
11283,168
11283,115
11284,167
11285,93
11285,168
11286,99
11286,167
11287,51
11287,99
11288,168
11288,52
11289,167
11290,207
11291,59
11292,93
11292,51
11293,127
11293,57
11294,167
11295,167
11296,57
11296,59
11297,93
11298,93
11299,47
11299,38
11300,125
11301,167
11301,100
11302,47
11303,61
11303,104
11304,100
11304,127
11305,57
11306,99
11307,93
11308,168
11309,55
11309,214
11310,59
11311,184
11312,167
11313,100
11314,167
11315,93
11316,99
11317,61
11318,55
11319,99
11320,93
11321,167
11321,93
11322,168
11323,167
11324,161
11324,131
11325,184
11326,198
11327,99
11327,167
11328,93
11329,167
11329,168
11330,167
11331,167
11332,93
11332,167
11333,93
11333,100
11334,207
11335,198
11336,59
11336,168
11337,257
11338,269
11339,167
11339,110
11340,59
11340,168
11341,55
11342,167
11342,184
11343,93
11344,167
11345,138
11346,257
11347,198
11348,168
11349,125
11349,104
11350,168
11351,168
11352,167
11353,168
11353,161
11354,167
11354,73
11355,131
11356,51
11356,99
11357,161
11358,131
11359,168
11360,104
11361,93
11361,167
11362,93
11363,168
11364,13
11364,167
11365,93
11366,55
11366,167
11367,167
11367,12
11368,167
11368,208
11369,168
11369,264
11370,93
11371,99
11371,104
11372,93
11372,59
11373,55
11374,138
11375,51
11376,93
11377,61
11377,198
11378,168
11379,59
11380,51
11381,100
11382,168
11383,257
11383,51
11384,99
11385,93
11385,168
11386,168
11386,100
11387,168
11388,205
11388,57
11389,167
11390,167
11391,168
11392,59
11393,47
11393,38
11394,168
11395,93
11396,59
11397,167
11397,61
11398,51
11399,167
11399,125
11400,111
11400,160
11401,208
11401,57
11402,167
11403,61
11404,131
11405,168
11405,127
11406,204
11406,59
11407,93
11408,59
11409,194
11409,13
11410,167
11410,61
11411,167
11412,168
11412,13
11413,93
11414,59
11414,52
11415,167
11415,127
11416,167
11417,59
11418,226
11418,11
11419,59
11419,167
11420,93
11420,57
11421,55
11422,168
11423,167
11424,207
11425,55
11425,207
11426,100
11426,13
11427,168
11428,100
11428,13
11429,11
11429,104
11430,93
11430,167
11431,13
11431,269
11432,93
11433,269
11433,168
11434,159
11435,57
11436,168
11437,167
11437,100
11438,59
11439,159
11439,59
11440,168
11441,167
11441,93
11442,55
11442,161
11443,51
11444,269
11445,167
11446,167
11447,168
11448,59
11448,205
11449,93
11450,167
11451,51
11452,168
11453,167
11454,167
11455,51
11456,93
11457,167
11457,93
11458,138
11459,167
11459,208
11460,61
11461,198
11462,207
11463,167
11463,13
11464,269
11465,127
11466,52
11467,168
11468,59
11469,61
11470,257
11470,52
11471,93
11472,168
11473,168
11474,168
11475,167
11476,168
11477,132
11478,168
11478,61
11479,207
11480,59
11481,168
11482,167
11482,198
11483,207
11484,184
11484,57
11485,168
11486,168
11486,13
11487,168
11488,59
11488,12
11489,55
11489,168
11490,168
11491,184
11492,59
11493,59
11494,167
11495,189
11495,269
11496,99
11497,57
11497,167
11498,264
11499,167
11500,184
11501,52
11502,59
11503,168
11504,57
11504,55
11505,51
11506,93
11506,263
11507,59
11507,208
11508,264
11508,99
11509,168
11510,207
11510,208
11511,168
11512,99
11512,51
11513,100
11513,61
11514,55
11514,198
11515,138
11515,239
11516,55
11516,207
11517,110
11517,161
11518,138
11518,239
11519,131
11519,55
11520,138
11520,239
11521,207
11521,55
11522,131
11522,265
11523,55
11523,161
11524,138
11524,239
11525,131
11525,198
11526,131
11526,233
11527,235
11527,177
11528,207
11528,177
11529,189
11529,198
11530,38
11530,47
11531,55
11531,99
11532,47
11532,210
11533,131
11533,161
11534,11
11534,55
11535,131
11535,198
11536,55
11536,198
11537,55
11537,99
11538,232
11538,222
11539,138
11539,207
11540,131
11540,177
11541,47
11541,243
11542,263
11542,177
11543,235
11543,207
11544,47
11544,198
11545,55
11545,99
11546,138
11546,239
11547,55
11547,177
11548,55
11548,177
11549,55
11549,177
11550,250
11550,198
11551,188
11551,198
11552,163
11552,198
11553,38
11553,207
11554,55
11554,198
11555,55
11555,177
11556,267
11556,264
11557,55
11557,198
11558,38
11558,47
11559,169
11559,198
11560,250
11560,198
11561,264
11561,263
11562,11
11562,138
11563,55
11563,93
11564,167
11565,257
11566,167
11567,167
11568,167
11569,167
11570,167
11571,167
11572,257
11572,167
11573,59
11573,167
11574,59
11575,161
11576,167
11577,150
11578,167
11579,167
11580,167
11581,28
11582,166
11583,166
11584,263
11584,264
11585,144
11586,269
11587,263
11588,166
11589,168
11589,4
11590,166
11591,166
11592,138
11593,167
11594,5
11594,131
11595,166
11596,123
11597,167
11597,99
11598,167
11599,208
11599,51
11600,163
11601,131
11602,23
11602,111
11603,55
11604,167
11605,131
11606,99
11607,232
11608,250
11609,123
11610,123
11611,55
11612,131
11612,219
11613,232
11614,250
11614,231
11615,86
11615,198
11616,5
11616,11
11617,55
11617,264
11618,161
11619,138
11619,197
11620,55
11621,99
11622,235
11623,138
11624,161
11624,55
11625,99
11626,131
11626,264
11627,235
11627,207
11628,131
11629,136
11630,267
11631,123
11632,55
11633,55
11633,198
11634,47
11634,83
11635,178
11636,123
11637,55
11638,55
11639,258
11640,131
11641,235
11642,99
11643,55
11644,267
11645,144
11645,104
11646,10
11647,21
11647,5
11648,123
11648,198
11649,151
11650,55
11651,55
11652,99
11652,235
11653,232
11654,55
11655,250
11656,55
11657,131
11658,55
11659,99
11660,138
11660,239
11661,99
11661,207
11662,99
11662,55
11663,47
11664,131
11664,191
11665,138
11666,246
11667,55
11668,99
11668,55
11669,131
11670,246
11671,131
11672,138
11673,138
11674,138
11675,99
11676,224
11677,5
11678,5
11678,55
11679,55
11680,21
11680,5
11681,5
11682,55
11682,5
11683,5
11683,235
11684,47
11685,131
11685,55
11686,55
11687,130
11688,55
11689,138
11689,239
11690,99
11690,55
11691,131
11691,198
11692,99
11693,5
11693,163
11694,55
11695,47
11696,5
11696,55
11697,85
11698,138
11698,55
11699,104
11700,235
11700,5
11701,191
11702,131
11702,55
11703,131
11703,55
11704,235
11704,6
11705,55
11705,104
11706,99
11707,138
11708,167
11709,257
11710,59
11711,138
11712,151
11712,264
11713,257
11714,144
11714,167
11715,131
11716,167
11717,167
11718,167
11719,59
11720,167
11721,257
11722,59
11723,167
11724,167
11725,104
11726,38
11726,218
11727,218
11728,92
11729,264
11730,174
11731,120
11732,126
11733,218
11734,126
11735,116
11736,245
11737,103
11738,38
11739,131
11740,218
11741,116
11742,91
11743,218
11744,218
11745,264
11746,218
11747,218
11748,25
11749,126
11750,218
11751,218
11752,218
11753,222
11754,218
11755,218
11756,103
11757,218
11758,116
11759,38
11760,48
11761,218
11762,59
11762,167
11763,207
11764,166
11765,167
11766,194
11766,51
11767,166
11768,99
11769,167
11770,93
11770,208
11771,100
11771,127
11772,93
11772,127
11773,168
11774,168
11775,131
11776,38
11776,48
11777,57
11778,59
11778,208
11779,168
11780,272
11781,263
11781,47
11782,170
11783,21
11784,109
11785,250
11786,138
11787,109
11788,59
11789,161
11790,138
11791,264
11792,243
11793,21
11794,207
11795,222
11796,25
11797,248
11798,235
11799,100
11800,38
11801,100
11802,236
11803,218
11804,243
11805,244
11806,92
11807,248
11808,243
11809,243
11810,100
11811,248
11812,236
11813,243
11814,59
11815,59
11816,243
11817,235
11818,243
11819,92
11820,235
11821,243
11822,236
11823,174
11824,100
11825,21
11826,222
11827,248
11828,116
11829,244
11830,239
11831,92
11832,264
11833,167
11834,92
11835,243
11836,100
11837,227
11838,92
11839,207
11840,243
11841,25
11842,207
11843,127
11844,211
11845,239
11846,92
11847,38
11848,116
11849,243
11850,243
11851,264
11852,100
11853,38
11854,174
11855,141
11856,92
11857,207
11858,244
11859,100
11860,138
11861,222
11862,100
11863,92
11864,235
11865,243
11866,222
11867,207
11868,222
11869,167
11870,232
11871,138
11872,138
11873,167
11874,239
11875,100
11876,131
11877,243
11878,126
11879,239
11880,207
11881,11
11882,21
11883,243
11884,59
11885,138
11886,138
11887,243
11888,132
11889,120
11890,138
11891,83
11892,92
11893,138
11894,243
11895,126
11896,131
11897,116
11898,250
11899,243
11900,243
11901,132
11902,123
11903,92
11904,222
11905,138
11906,113
11907,243
11908,243
11909,92
11910,92
11911,92
11912,267
11913,38
11914,126
11915,138
11916,100
11917,207
11918,248
11919,250
11920,222
11921,78
11922,243
11923,167
11924,232
11925,218
11925,243
11926,239
11927,126
11928,243
11929,222
11930,222
11931,222
11932,21
11933,243
11934,100
11935,174
11936,222
11937,126
11938,244
11939,243
11940,100
11941,243
11942,38
11943,126
11944,235
11945,222
11946,167
11947,78
11948,207
11949,132
11950,235
11951,92
11952,243
11953,222
11954,258
11955,243
11956,131
11957,138
11958,123
11959,235
11960,78
11961,236
11962,167
11963,59
11964,167
11965,167
11966,167
11967,167
11968,167
11968,161
11969,161
11970,59
11971,167
11972,167
11973,167
11974,167
11975,167
11976,167
11977,167
11978,167
11979,167
11980,163
11980,207
11981,11
11982,131
11982,259
11983,131
11983,35
11984,163
11984,35
11985,131
11986,189
11986,150
11987,106
11988,99
11988,35
11989,47
11989,78
11990,131
11990,191
11991,123
11991,55
11992,5
11992,55
11993,144
11994,127
11995,35
11996,5
11996,55
11997,47
11997,82
11998,55
11998,161
11999,235
11999,5
12000,5
12001,230
12002,163
12003,47
12003,121
12004,35
12004,55
12005,35
12006,5
12007,55
12008,235
12009,239
12009,55
12010,47
12010,198
12011,250
12012,90
12013,35
12013,55
12014,55
12015,35
12015,55
12016,150
12016,6
12017,5
12018,35
12018,161
12019,93
12019,131
12020,138
12020,239
12021,235
12021,198
12022,55
12023,123
12024,164
12024,35
12025,35
12025,6
12026,235
12026,5
12027,250
12028,207
12028,215
12029,138
12029,197
12030,250
12030,149
12031,138
12031,55
12032,35
12032,55
12033,235
12033,6
12034,10
12035,55
12035,59
12036,250
12037,55
12038,127
12039,99
12039,35
12040,5
12041,55
12042,163
12042,198
12043,99
12044,250
12045,55
12046,194
12046,35
12047,191
12048,55
12048,35
12049,35
12049,55
12050,35
12050,55
12051,5
12052,35
12053,138
12053,239
12054,250
12055,47
12055,78
12056,161
12056,110
12057,163
12057,35
12058,35
12059,55
12060,196
12061,161
12061,35
12062,138
12062,239
12063,131
12064,35
12065,163
12065,35
12066,161
12066,55
12067,207
12068,138
12069,131
12069,235
12070,123
12070,106
12071,55
12071,35
12072,131
12072,55
12073,99
12074,55
12074,5
12075,5
12076,138
12076,239
12077,230
12078,191
12078,131
12079,161
12080,138
12080,239
12081,138
12081,239
12082,131
12082,55
12083,250
12083,55
12084,156
12084,35
12085,100
12086,5
12086,127
12087,267
12087,55
12088,169
12088,163
12089,138
12089,246
12090,138
12090,239
12091,135
12091,239
12092,35
12093,99
12093,55
12094,134
12095,232
12095,55
12096,239
12097,131
12098,47
12098,38
12099,207
12099,5
12100,239
12101,207
12102,267
12102,198
12103,174
12103,11
12104,131
12105,138
12105,239
12106,90
12107,32
12108,35
12108,55
12109,47
12109,25
12110,138
12110,239
12111,207
12112,144
12112,21
12113,131
12114,35
12114,264
12115,91
12116,5
12117,194
12118,250
12118,55
12119,35
12120,99
12121,35
12122,138
12122,197
12123,191
12124,207
12125,144
12125,21
12126,131
12126,55
12127,138
12128,55
12129,5
12129,235
12130,35
12131,55
12132,123
12132,55
12133,131
12134,138
12135,35
12135,207
12136,138
12136,135
12137,131
12138,21
12139,232
12139,55
12140,144
12140,21
12141,11
12141,55
12142,138
12142,197
12143,138
12143,239
12144,138
12144,239
12145,138
12145,239
12146,110
12146,207
12147,131
12148,131
12148,5
12149,161
12149,5
12150,144
12150,198
12151,250
12152,91
12152,35
12153,138
12153,239
12154,131
12155,55
12156,5
12156,207
12157,55
12157,5
12158,131
12158,198
12159,138
12159,239
12160,138
12160,35
12161,123
12161,35
12162,144
12162,24
12163,267
12163,55
12164,90
12164,5
12165,35
12165,55
12166,35
12167,250
12167,35
12168,99
12169,5
12170,55
12170,138
12171,55
12172,163
12172,150
12173,55
12174,123
12174,55
12175,138
12175,35
12176,131
12177,55
12178,131
12179,138
12180,35
12181,131
12181,35
12182,207
12183,138
12183,239
12184,138
12184,239
12185,35
12186,138
12186,239
12187,35
12187,208
12188,163
12188,35
12189,138
12189,239
12190,35
12191,235
12192,131
12192,198
12193,94
12193,35
12194,21
12194,5
12195,35
12196,99
12197,94
12197,104
12198,47
12198,83
12199,5
12200,5
12200,131
12201,138
12201,239
12202,53
12202,55
12203,138
12203,239
12204,267
12204,55
12205,35
12206,163
12206,198
12207,131
12207,35
12208,99
12208,100
12209,131
12210,163
12210,207
12211,110
12211,161
12212,138
12212,239
12213,55
12214,9
12215,55
12216,55
12216,35
12217,163
12217,198
12218,207
12218,5
12219,55
12220,59
12221,131
12221,207
12222,11
12222,5
12223,99
12223,93
12224,250
12224,198
12225,138
12225,238
12226,145
12227,123
12227,55
12228,138
12228,260
12229,169
12229,164
12230,123
12230,51
12231,239
12231,138
12232,5
12233,163
12233,198
12234,5
12235,110
12235,35
12236,232
12237,169
12237,55
12238,110
12239,123
12239,55
12240,55
12240,35
12241,263
12241,11
12242,250
12242,5
12243,35
12244,99
12244,55
12245,207
12245,161
12246,55
12247,207
12248,35
12248,99
12249,35
12250,232
12251,5
12252,138
12253,207
12254,138
12254,239
12255,163
12255,198
12256,163
12256,198
12257,35
12258,5
12259,127
12259,6
12260,163
12260,55
12261,47
12261,218
12262,99
12262,55
12263,138
12263,239
12264,35
12265,55
12266,138
12266,239
12267,127
12267,55
12268,138
12268,239
12269,47
12269,78
12270,138
12270,197
12271,5
12271,55
12272,11
12272,5
12273,131
12273,35
12274,163
12275,235
12275,5
12276,5
12276,35
12277,235
12277,55
12278,55
12279,138
12279,74
12280,138
12280,239
12281,123
12281,55
12282,5
12283,99
12283,5
12284,207
12285,127
12286,5
12287,35
12288,239
12288,138
12289,191
12289,55
12290,5
12291,99
12291,35
12292,161
12292,258
12293,32
12294,138
12294,135
12295,188
12295,111
12296,35
12297,163
12298,35
12298,161
12299,5
12299,55
12300,47
12300,38
12301,138
12301,55
12302,55
12303,35
12304,138
12304,239
12305,99
12306,5
12306,35
12307,235
12307,35
12308,35
12309,138
12309,239
12310,131
12310,35
12311,239
12311,138
12312,164
12313,235
12314,35
12315,163
12316,35
12317,5
12318,131
12319,163
12319,188
12320,207
12321,35
12322,230
12322,5
12323,138
12323,189
12324,35
12325,138
12325,239
12326,235
12326,5
12327,5
12327,35
12328,5
12329,139
12329,144
12330,131
12330,55
12331,55
12332,264
12332,55
12333,35
12333,55
12334,168
12335,166
12336,166
12337,110
12338,55
12339,250
12340,166
12341,167
12342,161
12343,164
12344,110
12345,29
12346,11
12347,100
12348,139
12349,151
12350,131
12350,51
12351,100
12352,189
12353,123
12354,99
12355,258
12356,131
12357,123
12358,207
12359,131
12360,59
12361,99
12362,131
12363,139
12364,47
12365,131
12366,167
12367,48
12368,161
12368,99
12369,110
12370,139
12371,48
12372,47
12372,55
12373,160
12374,123
12375,55
12376,139
12377,232
12378,161
12379,189
12380,131
12380,51
12381,123
12382,123
12383,99
12383,51
12384,139
12385,55
12386,207
12386,11
12387,131
12387,127
12388,11
12388,5
12389,131
12390,167
12391,99
12392,150
12393,139
12394,88
12395,138
12396,123
12397,99
12398,38
12399,123
12400,139
12401,22
12402,161
12403,188
12404,164
12405,139
12406,150
12407,55
12408,167
12409,167
12410,167
12411,167
12412,167
12413,267
12414,59
12415,167
12416,167
12417,167
12418,167
12419,257
12420,167
12421,167
12422,257
12423,268
12424,174
12425,99
12426,267
12427,236
12428,100
12429,267
12430,207
12431,268
12432,235
12433,267
12434,104
12435,174
12436,126
12437,92
12438,174
12439,99
12440,267
12441,235
12442,174
12443,236
12444,236
12445,267
12446,174
12447,267
12448,100
12449,100
12450,236
12451,12
12452,92
12453,268
12454,174
12455,38
12456,267
12457,267
12458,236
12459,126
12460,92
12461,235
12462,126
12463,174
12464,127
12465,267
12466,267
12467,236
12468,99
12469,267
12470,207
12471,267
12472,92
12473,268
12474,207
12475,207
12476,12
12477,267
12478,99
12479,267
12480,138
12481,100
12482,100
12483,235
12484,99
12485,268
12486,267
12487,268
12488,99
12489,174
12490,92
12491,126
12492,138
12493,174
12494,207
12495,267
12496,92
12497,267
12498,92
12499,207
12500,264
12501,267
12502,264
12503,91
12504,161
12505,236
12506,200
12507,268
12508,92
12509,268
12510,267
12511,132
12512,236
12513,236
12514,207
12515,207
12516,267
12517,267
12518,267
12519,232
12520,100
12521,126
12522,63
12523,161
12523,159
12524,139
12524,104
12525,161
12526,59
12527,161
12527,167
12528,99
12529,138
12529,104
12530,161
12531,161
12532,257
12533,161
12534,161
12535,207
12535,161
12536,207
12537,51
12537,207
12538,63
12539,161
12540,138
12540,127
12541,167
12542,198
12543,51
12544,257
12544,208
12545,55
12545,167
12546,257
12546,51
12547,161
12547,63
12548,161
12548,167
12549,167
12550,167
12551,13
12551,14
12552,198
12553,161
12553,207
12554,161
12555,167
12555,159
12556,257
12557,138
12557,11
12558,93
12559,208
12559,161
12560,198
12561,257
12561,161
12562,161
12563,198
12564,161
12564,59
12565,167
12566,51
12567,59
12568,161
12569,63
12569,55
12570,59
12570,161
12571,127
12572,207
12572,161
12573,167
12574,55
12575,57
12575,198
12576,257
12577,167
12578,207
12578,161
12579,208
12579,161
12580,207
12580,167
12581,63
12582,161
12582,51
12583,161
12584,161
12585,207
12586,198
12586,55
12587,161
12588,161
12588,55
12589,167
12590,161
12591,167
12592,57
12592,208
12593,12
12594,208
12595,161
12596,166
12597,167
12598,256
12599,154
12599,99
12600,167
12601,166
12602,29
12603,61
12604,93
12604,208
12605,168
12606,93
12606,61
12607,167
12608,214
12608,127
12609,258
12609,167
12610,236
12611,232
12612,236
12613,124
12614,92
12615,236
12616,99
12617,236
12618,236
12619,236
12620,100
12621,252
12622,236
12623,236
12624,156
12624,55
12625,126
12626,138
12627,92
12628,236
12629,236
12630,131
12631,236
12632,236
12633,236
12634,236
12635,236
12636,236
12637,236
12638,236
12639,236
12640,236
12641,236
12642,236
12643,236
12644,236
12645,236
12646,236
12647,236
12648,92
12649,207
12650,236
12651,126
12652,236
12653,236
12654,126
12655,232
12656,236
12657,236
12658,127
12659,207
12660,220
12661,235
12662,123
12663,12
12664,236
12665,236
12666,131
12667,103
12668,236
12669,247
12669,38
12670,236
12671,236
12672,239
12673,131
12674,236
12675,239
12676,92
12677,235
12678,236
12679,236
12680,236
12681,239
12682,236
12683,236
12684,38
12685,236
12686,236
12687,236
12688,236
12689,236
12690,236
12691,236
12692,38
12693,232
12694,99
12695,38
12695,218
12696,91
12697,38
12698,92
12699,232
12700,236
12701,236
12702,236
12703,236
12704,138
12705,236
12706,236
12707,100
12708,99
12709,236
12710,236
12711,236
12712,236
12713,236
12714,38
12715,92
12716,236
12717,220
12718,236
12719,236
12720,125
12721,236
12722,236
12723,132
12724,139
12725,92
12726,236
12727,35
12727,12
12728,236
12729,236
12730,38
12731,220
12732,131
12733,187
12734,48
12735,126
12736,38
12737,187
12738,38
12739,236
12740,236
12741,236
12742,207
12743,236
12744,236
12745,220
12746,220
12747,99
12748,126
12749,131
12750,100
12751,236
12752,159
12753,239
12754,38
12755,123
12756,236
12757,236
12758,236
12759,236
12760,92
12761,167
12762,138
12762,144
12763,167
12764,167
12765,161
12766,161
12767,59
12768,167
12769,167
12770,167
12771,127
12772,167
12773,167
12773,13
12774,208
12774,99
12775,257
12775,99
12776,167
12777,257
12778,167
12779,167
12780,127
12781,99
12782,167
12783,159
12783,207
12784,138
12785,167
12786,167
12787,161
12788,138
12789,167
12790,159
12790,257
12791,207
12792,207
12793,159
12794,257
12795,167
12796,167
12797,167
12798,59
12799,159
12800,126
12801,232
12802,99
12803,257
12804,167
12805,161
12806,257
12807,167
12808,167
12809,257
12810,167
12811,131
12812,167
12813,207
12814,197
12814,138
12815,257
12816,167
12816,127
12817,198
12818,257
12818,184
12819,167
12820,161
12820,111
12821,127
12822,198
12822,191
12823,55
12824,138
12825,91
12825,161
12826,167
12827,59
12827,167
12828,161
12828,207
12829,198
12830,161
12830,207
12831,257
12831,198
12832,93
12832,198
12833,198
12833,93
12834,167
12834,55
12835,161
12836,257
12836,51
12837,257
12838,167
12838,51
12839,55
12840,198
12841,161
12842,167
12843,55
12844,167
12845,55
12846,198
12847,55
12847,257
12848,93
12848,199
12849,198
12849,126
12850,198
12851,198
12851,111
12852,55
12853,167
12854,161
12855,55
12856,167
12857,11
12858,21
12859,167
12860,13
12861,167
12862,127
12862,59
12863,167
12864,99
12865,52
12866,167
12866,55
12867,198
12868,167
12869,160
12870,167
12871,167
12872,167
12873,55
12873,167
12874,167
12875,167
12876,167
12877,131
12878,167
12879,131
12880,167
12881,167
12882,167
12883,161
12884,167
12885,167
12886,59
12886,264
12887,104
12888,167
12889,167
12890,167
12891,167
12892,197
12893,167
12894,92
12895,38
12896,44
12897,100
12898,126
12899,38
12900,91
12901,112
12902,91
12903,92
12904,264
12905,38
12906,38
12907,38
12908,120
12909,120
12910,38
12911,38
12912,38
12913,38
12914,38
12915,48
12916,38
12917,250
12918,174
12919,38
12920,38
12921,54
12922,38
12923,120
12924,38
12925,91
12926,117
12926,218
12927,38
12928,48
12929,264
12930,38
12931,38
12932,38
12933,126
12934,38
12935,38
12936,44
12937,38
12938,166
12939,167
12940,167
12941,256
12942,92
12943,167
12944,59
12944,167
12945,17
12946,51
12947,145
12948,208
12948,167
12949,198
12949,257
12950,52
12951,108
12952,174
12953,197
12954,138
12955,131
12956,144
12957,163
12958,138
12959,157
12960,167
12961,167
12962,57
12963,167
12964,91
12965,267
12966,167
12967,11
12968,167
12969,167
12970,99
12971,167
12972,167
12973,59
12974,167
12975,167
12976,207
12977,51
12978,167
12979,167
12980,163
12981,167
12982,167
12983,167
12984,167
12985,167
12986,167
12987,223
12988,207
12989,167
12989,184
12990,167
12991,51
12992,263
12993,207
12994,167
12995,167
12996,59
12997,164
12998,59
12999,76
13000,167
13001,99
13002,167
13003,167
13003,95
13004,264
13004,59
13005,241
13006,205
13007,179
13007,167
13008,167
13009,55
13010,227
13011,179
13012,179
13013,250
13014,207
13015,167
13016,131
13017,207
13018,59
13019,167
13020,167
13021,76
13022,167
13022,95
13023,250
13024,167
13025,167
13026,167
13027,167
13028,167
13029,139
13030,250
13030,55
13031,167
13032,76
13033,198
13034,223
13034,76
13035,52
13036,167
13037,59
13037,55
13038,167
13038,241
13039,167
13040,99
13041,138
13042,167
13043,99
13044,55
13044,207
13045,233
13046,161
13047,167
13047,11
13048,241
13049,167
13050,76
13050,57
13051,95
13052,167
13053,167
13054,257
13055,51
13056,257
13057,167
13058,104
13059,257
13060,51
13061,167
13062,167
13063,167
13064,167
13065,198
13066,76
13066,208
13067,59
13068,99
13069,131
13069,51
13070,167
13071,99
13072,167
13073,134
13074,55
13074,127
13075,167
13076,167
13077,167
13078,269
13079,133
13080,59
13081,99
13082,207
13083,59
13083,167
13084,167
13085,241
13086,167
13087,167
13087,55
13088,138
13089,167
13090,55
13090,92
13091,161
13092,263
13092,264
13093,207
13094,167
13095,241
13095,167
13096,198
13096,241
13097,159
13098,167
13099,167
13100,167
13101,59
13102,167
13102,202
13103,13
13103,167
13104,55
13105,167
13106,167
13107,167
13108,131
13109,127
13110,167
13111,167
13112,167
13113,167
13114,167
13114,91
13115,167
13116,250
13117,257
13118,161
13119,167
13120,167
13121,257
13122,167
13123,167
13124,27
13124,55
13125,131
13126,144
13127,159
13128,167
13128,161
13129,27
13129,167
13130,55
13131,168
13132,138
13133,138
13134,127
13135,27
13135,111
13136,159
13137,93
13137,115
13138,27
13139,59
13140,127
13141,167
13142,13
13143,27
13144,257
13145,131
13146,131
13147,27
13148,27
13149,243
13150,168
13151,131
13152,138
13153,131
13153,27
13154,163
13155,27
13155,55
13156,27
13157,189
13157,93
13158,55
13158,104
13159,159
13160,194
13161,232
13161,200
13162,99
13163,12
13164,131
13165,27
13166,167
13167,159
13168,161
13169,138
13170,127
13171,27
13172,159
13173,161
13174,99
13175,131
13176,159
13177,159
13178,91
13178,131
13179,138
13180,207
13181,207
13182,27
13183,161
13184,167
13185,167
13186,207
13187,100
13187,226
13188,138
13189,159
13190,226
13191,207
13192,138
13193,131
13194,138
13194,93
13195,132
13196,138
13197,99
13198,159
13199,127
13200,159
13201,131
13202,27
13202,193
13203,138
13204,189
13205,167
13206,167
13207,167
13208,167
13209,257
13210,167
13211,257
13212,167
13213,167
13214,167
13215,167
13216,257
13217,163
13218,163
13219,163
13220,198
13220,163
13221,104
13221,123
13222,55
13223,163
13223,257
13224,55
13225,163
13226,207
13226,163
13227,257
13227,163
13228,163
13229,207
13229,163
13230,55
13231,163
13231,55
13232,163
13232,55
13233,55
13234,59
13234,163
13235,127
13236,163
13236,198
13237,163
13238,55
13238,127
13239,163
13240,163
13241,163
13241,18
13242,163
13243,55
13244,163
13245,163
13246,163
13247,207
13247,198
13248,55
13248,163
13249,131
13249,132
13250,232
13251,163
13252,127
13252,163
13253,55
13254,127
13254,55
13255,127
13256,163
13256,127
13257,207
13257,55
13258,163
13259,163
13259,59
13260,163
13261,163
13262,163
13263,163
13264,161
13265,163
13265,257
13266,163
13266,55
13267,163
13268,163
13268,104
13269,55
13270,55
13270,163
13271,163
13272,163
13272,55
13273,163
13274,131
13275,138
13276,161
13277,163
13278,163
13279,55
13280,163
13281,163
13281,55
13282,163
13283,163
13283,198
13284,163
13285,163
13285,55
13286,163
13286,257
13287,163
13288,169
13289,104
13289,163
13290,163
13291,163
13292,163
13292,55
13293,207
13293,163
13294,55
13294,163
13295,55
13296,9
13297,163
13297,55
13298,163
13298,55
13299,55
13300,163
13300,55
13301,163
13301,161
13302,163
13303,163
13303,55
13304,55
13304,163
13305,163
13306,163
13307,163
13307,55
13308,207
13308,198
13309,163
13309,264
13310,163
13311,163
13312,163
13313,123
13313,11
13314,239
13315,99
13316,131
13317,99
13318,239
13319,138
13320,131
13321,99
13322,99
13323,224
13324,99
13325,99
13326,138
13327,99
13328,224
13329,138
13330,138
13331,138
13332,138
13333,99
13334,239
13335,138
13336,47
13337,138
13338,131
13339,131
13340,138
13341,138
13342,131
13343,138
13344,224
13345,138
13346,131
13347,131
13348,99
13349,99
13350,131
13351,24
13352,138
13353,99
13354,272
13355,131
13356,138
13357,138
13358,264
13359,44
13360,174
13361,276
13362,38
13363,114
13364,276
13365,114
13366,114
13367,276
13368,174
13369,114
13370,276
13371,44
13372,48
13373,276
13374,264
13375,126
13376,276
13377,38
13378,114
13379,276
13380,114
13381,114
13382,78
13383,276
13384,114
13385,44
13386,173
13387,276
13388,150
13389,276
13390,114
13391,38
13392,103
13393,114
13394,174
13395,222
13396,99
13397,167
13398,91
13399,167
13400,207
13401,85
13402,167
13403,166
13404,144
13405,131
13406,11
13407,110
13408,21
13409,235
13410,191
13411,239
13412,138
13413,5
13413,198
13414,161
13415,5
13416,64
13416,232
13417,5
13418,131
13418,191
13419,11
13420,138
13421,138
13421,239
13422,5
13423,5
13424,55
13424,235
13425,189
13425,207
13426,11
13426,161
13427,5
13428,131
13429,163
13430,207
13431,64
13432,131
13432,207
13433,250
13434,99
13434,198
13435,11
13436,189
13437,5
13438,131
13438,55
13439,138
13439,239
13440,5
13440,131
13441,232
13442,55
13442,230
13443,94
13444,110
13445,47
13445,198
13446,5
13446,230
13447,138
13447,239
13448,131
13448,207
13449,99
13450,47
13450,38
13451,55
13452,64
13452,198
13453,127
13454,232
13455,90
13456,77
13457,9
13457,235
13458,131
13459,91
13460,47
13460,218
13461,64
13461,150
13462,150
13463,47
13463,55
13464,64
13465,55
13465,5
13466,235
13467,235
13468,230
13468,235
13469,55
13470,267
13470,99
13471,134
13472,55
13472,5
13473,47
13473,78
13474,149
13475,163
13476,131
13477,138
13478,5
13478,18
13479,104
13479,267
13480,191
13481,138
13481,239
13482,11
13483,207
13484,11
13484,138
13485,55
13485,77
13486,127
13486,55
13487,263
13487,93
13488,59
13489,61
13490,61
13491,168
13492,214
13492,127
13493,100
13494,131
13494,168
13495,99
13496,138
13497,138
13498,239
13499,99
13500,99
13501,138
13502,99
13503,262
13504,99
13505,99
13506,131
13507,246
13508,99
13509,135
13510,47
13511,180
13512,138
13513,138
13514,272
13515,135
13516,138
13517,47
13518,55
13519,99
13520,232
13521,24
13522,99
13523,246
13524,246
13525,262
13526,138
13527,138
13528,239
13529,138
13530,138
13531,99
13532,246
13533,138
13534,99
13535,99
13536,138
13537,55
13537,131
13538,181
13539,138
13540,99
13541,232
13542,135
13543,138
13544,138
13545,272
13546,135
13547,138
13548,138
13549,55
13550,131
13551,138
13552,47
13553,138
13554,138
13555,135
13556,273
13557,99
13558,138
13559,82
13560,138
13561,24
13562,47
13563,47
13564,239
13565,181
13566,232
13567,146
13568,131
13569,135
13570,138
13571,138
13572,138
13573,239
13574,138
13575,47
13576,138
13577,138
13578,99
13578,55
13579,272
13580,138
13581,138
13582,272
13583,246
13584,99
13585,239
13586,131
13587,135
13588,138
13589,99
13590,138
13591,138
13592,138
13593,138
13594,138
13595,138
13596,91
13597,138
13597,246
13598,235
13599,99
13600,55
13601,131
13602,273
13603,232
13604,239
13605,246
13606,99
13607,99
13608,99
13609,138
13610,138
13611,138
13612,131
13613,138
13614,138
13615,131
13616,131
13617,138
13618,55
13619,246
13620,138
13621,138
13622,138
13623,181
13624,47
13625,138
13626,131
13627,239
13628,138
13629,138
13630,167
13630,59
13631,161
13632,167
13633,167
13634,11
13635,161
13636,161
13636,167
13637,161
13637,13
13638,257
13639,167
13639,161
13640,161
13641,207
13642,207
13643,167
13644,226
13644,104
13645,138
13646,161
13647,161
13647,257
13648,132
13648,161
13649,160
13650,11
13650,127
13651,257
13652,111
13652,51
13653,198
13653,161
13654,24
13655,51
13656,161
13657,11
13657,161
13658,55
13658,167
13659,57
13660,93
13661,127
13661,93
13662,198
13662,167
13663,127
13664,127
13664,93
13665,93
13666,93
13666,127
13667,11
13668,131
13668,161
13669,93
13670,59
13670,55
13671,57
13671,93
13672,51
13673,51
13673,93
13674,269
13675,51
13675,93
13676,55
13676,59
13677,51
13677,208
13678,57
13678,93
13679,57
13679,257
13680,17
13680,127
13681,99
13682,127
13682,100
13683,127
13683,208
13684,93
13684,208
13685,127
13685,208
13686,59
13686,127
13687,127
13687,167
13688,108
13688,167
13689,127
13690,127
13690,57
13691,161
13691,51
13692,57
13692,93
13693,138
13694,99
13695,57
13696,131
13696,161
13697,208
13697,51
13698,93
13698,208
13699,127
13699,167
13700,208
13700,93
13701,127
13701,13
13702,208
13702,93
13703,57
13703,93
13704,167
13704,93
13705,52
13705,93
13706,55
13707,127
13707,93
13708,131
13708,161
13709,57
13709,93
13710,131
13710,257
13711,17
13711,167
13712,57
13712,127
13713,127
13713,161
13714,52
13714,167
13715,127
13715,159
13716,138
13716,189
13717,51
13717,127
13718,55
13718,159
13719,13
13720,57
13720,93
13721,161
13721,57
13722,208
13723,93
13723,198
13724,93
13724,57
13725,104
13726,138
13727,159
13727,127
13728,57
13728,93
13729,93
13729,57
13730,93
13730,198
13731,51
13731,198
13732,57
13732,93
13733,93
13733,127
13734,167
13734,93
13735,108
13736,55
13737,55
13737,51
13738,93
13738,127
13739,11
13740,127
13740,93
13741,100
13741,51
13742,168
13742,127
13743,57
13743,127
13744,57
13745,208
13745,55
13746,161
13747,127
13747,161
13748,208
13749,51
13749,93
13750,93
13750,127
13751,257
13751,99
13752,167
13753,93
13754,57
13754,115
13755,93
13755,51
13756,131
13757,51
13757,93
13758,257
13758,198
13759,131
13760,23
13760,127
13761,51
13761,93
13762,208
13762,167
13763,55
13763,208
13764,208
13765,55
13765,208
13766,127
13766,161
13767,52
13767,127
13768,131
13768,161
13769,131
13770,104
13770,59
13771,51
13772,51
13772,208
13773,51
13773,93
13774,167
13775,57
13775,115
13776,161
13777,127
13777,161
13778,57
13778,198
13779,57
13779,127
13780,127
13781,127
13781,208
13782,127
13782,13
13783,57
13783,127
13784,51
13784,127
13785,99
13785,257
13786,207
13786,264
13787,93
13787,198
13788,57
13788,208
13789,93
13790,57
13790,127
13791,57
13792,257
13792,159
13793,57
13793,93
13794,138
13794,239
13795,57
13795,127
13796,127
13796,57
13797,93
13797,127
13798,52
13799,55
13800,167
13800,127
13801,57
13801,108
13802,131
13803,208
13803,51
13804,127
13804,51
13805,127
13805,208
13806,131
13806,93
13807,57
13807,51
13808,57
13808,161
13809,161
13810,93
13810,208
13811,57
13811,93
13812,131
13812,191
13813,57
13814,52
13814,93
13815,127
13816,198
13816,127
13817,93
13817,59
13818,59
13818,208
13819,99
13819,167
13820,52
13820,100
13821,232
13822,108
13822,115
13823,167
13823,161
13824,127
13824,198
13825,51
13826,167
13826,127
13827,127
13827,51
13828,207
13828,51
13829,57
13829,208
13830,127
13831,127
13832,93
13832,55
13833,127
13833,167
13834,159
13834,5
13835,59
13835,57
13836,167
13837,127
13838,17
13838,127
13839,57
13839,257
13840,2
13841,52
13841,161
13842,57
13843,208
13843,161
13844,127
13844,99
13845,208
13845,127
13846,167
13846,208
13847,257
13847,198
13848,57
13849,93
13849,55
13850,93
13850,127
13851,108
13851,55
13852,167
13852,127
13853,127
13854,167
13854,198
13855,93
13855,51
13856,57
13856,127
13857,127
13857,57
13858,51
13859,127
13859,208
13860,126
13860,198
13861,57
13861,93
13862,57
13862,257
13863,139
13863,104
13864,167
13865,127
13865,167
13866,167
13866,127
13867,11
13868,208
13868,167
13869,167
13869,208
13870,51
13871,57
13871,257
13872,57
13872,51
13873,57
13873,257
13874,127
13875,55
13875,167
13876,57
13876,257
13877,93
13877,51
13878,161
13878,198
13879,127
13879,93
13880,93
13880,57
13881,57
13881,93
13882,100
13882,93
13883,138
13883,239
13884,127
13884,57
13885,161
13885,55
13886,57
13886,198
13887,127
13887,93
13888,257
13888,57
13889,57
13889,257
13890,52
13891,51
13891,161
13892,127
13893,161
13893,127
13894,127
13895,208
13895,93
13896,57
13897,159
13898,51
13899,131
13899,259
13900,57
13900,51
13901,99
13901,51
13902,47
13902,99
13903,127
13903,93
13904,127
13904,167
13905,51
13905,93
13906,232
13907,167
13907,93
13908,93
13908,161
13909,52
13909,159
13910,161
13910,57
13911,99
13912,57
13912,198
13913,168
13914,57
13914,257
13915,93
13916,93
13917,55
13917,93
13918,127
13919,93
13919,57
13920,51
13920,93
13921,127
13921,93
13922,52
13922,127
13923,51
13924,51
13925,127
13925,159
13926,127
13927,127
13927,159
13928,207
13928,159
13929,167
13929,57
13930,198
13930,208
13931,52
13931,93
13932,57
13933,207
13933,55
13934,55
13934,198
13935,51
13935,208
13936,57
13936,127
13937,167
13938,167
13939,168
13940,93
13940,59
13941,59
13942,131
13942,161
13943,167
13943,208
13944,51
13945,208
13946,93
13946,57
13947,13
13948,127
13949,51
13950,131
13951,93
13952,198
13953,99
13954,93
13955,257
13955,57
13956,167
13956,57
13957,59
13957,167
13958,167
13958,108
13959,138
13959,167
13960,208
13960,93
13961,198
13961,93
13962,161
13962,93
13963,198
13964,51
13964,127
13965,127
13965,161
13966,207
13967,13
13967,55
13968,161
13968,55
13969,233
13969,167
13970,139
13970,226
13971,17
13971,257
13972,52
13973,150
13974,257
13974,127
13975,93
13976,167
13976,127
13977,55
13977,161
13978,198
13978,232
13979,167
13979,208
13980,3
13980,167
13981,55
13981,167
13982,55
13982,127
13983,23
13983,257
13984,198
13984,208
13985,55
13985,51
13986,161
13986,198
13987,263
13987,138
13988,99
13989,55
13990,57
13990,93
13991,52
13991,127
13992,51
13992,208
13993,11
13993,138
13994,57
13994,161
13995,55
13996,263
13996,167
13997,55
13997,208
13998,208
13998,93
13999,198
13999,127
14000,127
14000,51
14001,57
14001,161
14002,93
14002,57
14003,93
14003,100
14004,168
14004,104
14005,57
14005,51
14006,55
14006,208
14007,51
14007,161
14008,55
14008,127
14009,198
14009,55
14010,99
14010,57
14011,51
14012,51
14012,93
14013,57
14013,115
14014,55
14014,127
14015,93
14015,208
14016,207
14016,127
14017,208
14017,161
14018,131
14018,93
14019,139
14019,59
14020,51
14021,208
14022,257
14022,57
14023,161
14023,127
14024,93
14024,198
14025,127
14025,167
14026,127
14026,93
14027,51
14027,93
14028,57
14028,93
14029,93
14030,93
14030,208
14031,257
14031,57
14032,57
14032,93
14033,127
14034,167
14035,127
14035,214
14036,52
14037,57
14038,93
14038,208
14039,52
14039,198
14040,208
14040,161
14041,57
14041,51
14042,51
14042,57
14043,257
14044,57
14044,127
14045,57
14045,93
14046,57
14046,127
14047,198
14047,257
14048,51
14048,127
14049,51
14050,131
14051,127
14052,57
14053,51
14053,161
14054,57
14054,99
14055,57
14055,208
14056,52
14057,57
14057,199
14058,52
14059,131
14059,161
14060,131
14061,127
14061,51
14062,13
14062,198
14063,257
14063,93
14064,55
14065,250
14066,51
14067,55
14067,161
14068,127
14068,208
14069,57
14069,127
14070,57
14070,51
14071,99
14071,51
14072,167
14072,59
14073,51
14073,55
14074,208
14074,161
14075,127
14075,161
14076,57
14076,161
14077,93
14078,57
14078,115
14079,55
14080,208
14081,127
14082,55
14082,93
14083,100
14083,127
14084,131
14085,208
14085,167
14086,167
14086,208
14087,167
14087,198
14088,51
14088,167
14089,167
14089,208
14090,233
14091,51
14091,161
14092,57
14092,93
14093,139
14094,167
14094,161
14095,199
14095,57
14096,131
14097,208
14097,127
14098,99
14098,108
14099,55
14099,161
14100,55
14100,104
14101,123
14102,93
14103,59
14103,198
14104,167
14104,59
14105,138
14106,138
14106,59
14107,93
14107,57
14108,189
14108,127
14109,250
14110,57
14110,127
14111,257
14111,167
14112,55
14112,198
14113,93
14113,167
14114,111
14114,161
14115,127
14116,127
14116,167
14117,197
14118,208
14118,93
14119,127
14119,93
14120,57
14120,93
14121,131
14121,51
14122,55
14123,59
14123,93
14124,52
14124,208
14125,57
14125,93
14126,59
14126,167
14127,227
14127,267
14128,167
14128,127
14129,51
14129,57
14130,93
14130,167
14131,51
14131,57
14132,55
14132,51
14133,104
14133,13
14134,131
14135,93
14135,198
14136,167
14136,127
14137,51
14138,51
14138,127
14139,198
14139,93
14140,57
14140,93
14141,99
14141,93
14142,93
14143,257
14143,115
14144,208
14144,127
14145,55
14145,208
14146,198
14146,167
14147,198
14148,99
14148,161
14149,167
14149,208
14150,51
14150,208
14151,51
14152,93
14152,208
14153,51
14154,51
14154,93
14155,127
14155,51
14156,208
14156,198
14157,57
14158,51
14158,57
14159,127
14159,161
14160,52
14160,93
14161,99
14161,92
14162,93
14162,57
14163,127
14164,51
14164,57
14165,93
14165,51
14166,55
14166,127
14167,161
14168,167
14169,57
14169,93
14170,52
14170,93
14171,93
14172,240
14172,93
14173,57
14173,93
14174,51
14175,161
14175,57
14176,57
14177,127
14177,93
14178,127
14178,93
14179,57
14179,55
14180,127
14180,93
14181,93
14182,99
14183,127
14183,208
14184,167
14184,93
14185,198
14185,208
14186,57
14186,23
14187,167
14187,208
14188,57
14188,257
14189,131
14190,51
14190,57
14191,59
14191,93
14192,111
14192,159
14193,208
14193,167
14194,131
14194,161
14195,208
14195,93
14196,131
14197,51
14198,93
14199,93
14199,208
14200,208
14201,93
14202,52
14203,11
14203,47
14204,93
14204,52
14205,59
14205,167
14206,139
14206,189
14207,167
14207,11
14208,131
14209,208
14209,59
14210,51
14210,93
14211,127
14212,55
14212,199
14213,59
14213,208
14214,167
14214,208
14215,189
14216,55
14216,161
14217,198
14218,99
14218,59
14219,264
14219,167
14220,51
14220,127
14221,93
14221,127
14222,59
14223,167
14223,198
14224,108
14224,167
14225,55
14225,161
14226,127
14227,130
14227,55
14228,55
14229,100
14229,168
14230,59
14230,127
14231,93
14231,55
14232,168
14232,100
14233,93
14233,59
14234,167
14234,92
14235,93
14235,167
14236,55
14236,127
14237,59
14237,208
14238,198
14238,207
14239,167
14239,127
14240,138
14241,167
14241,59
14242,93
14242,198
14243,127
14243,55
14244,93
14244,127
14245,168
14245,93
14246,167
14246,93
14247,57
14247,55
14248,93
14249,93
14249,127
14250,51
14251,167
14251,93
14252,167
14253,55
14254,55
14254,198
14255,208
14255,59
14256,93
14256,57
14257,93
14257,57
14258,127
14258,208
14259,127
14259,208
14260,131
14260,55
14261,138
14261,257
14262,93
14262,127
14263,59
14263,93
14264,208
14264,93
14265,139
14265,91
14266,167
14266,59
14267,198
14268,55
14268,93
14269,167
14270,167
14270,57
14271,57
14271,167
14272,264
14272,93
14273,52
14273,93
14274,208
14274,127
14275,127
14276,127
14276,167
14277,52
14277,93
14278,51
14278,161
14279,52
14279,208
14280,198
14280,57
14281,93
14281,167
14282,161
14282,51
14283,55
14283,127
14284,198
14284,127
14285,51
14286,52
14286,161
14287,115
14287,127
14288,57
14288,198
14289,93
14289,57
14290,161
14290,93
14291,127
14292,127
14292,51
14293,167
14293,93
14294,93
14295,57
14295,93
14296,51
14296,57
14297,51
14297,93
14298,51
14299,52
14299,93
14300,57
14300,257
14301,23
14301,208
14302,93
14302,99
14303,55
14303,127
14304,51
14304,127
14305,199
14305,57
14306,127
14306,93
14307,257
14307,161
14308,198
14308,51
14309,57
14310,127
14310,161
14311,51
14311,93
14312,127
14312,159
14313,57
14313,93
14314,127
14314,208
14315,52
14316,167
14316,208
14317,93
14317,57
14318,93
14319,159
14319,127
14320,93
14321,57
14321,93
14322,161
14323,93
14323,127
14324,131
14324,208
14325,167
14325,208
14326,131
14327,208
14328,127
14328,51
14329,93
14330,93
14330,100
14331,93
14331,51
14332,131
14332,132
14333,93
14334,161
14334,131
14335,167
14335,57
14336,57
14337,57
14337,167
14338,51
14338,93
14339,57
14339,127
14340,159
14340,208
14341,127
14341,55
14342,51
14342,161
14343,51
14343,57
14344,59
14344,93
14345,239
14346,55
14346,104
14347,161
14348,55
14349,208
14349,93
14350,57
14350,127
14351,208
14351,93
14352,167
14353,208
14353,127
14354,167
14355,257
14356,167
14357,167
14358,131
14359,104
14360,167
14360,59
14361,161
14362,104
14362,167
14363,167
14364,151
14365,167
14365,59
14366,167
14366,57
14367,167
14368,167
14369,167
14370,167
14371,167
14372,59
14373,167
14374,167
14375,55
14376,167
14377,131
14378,131
14379,257
14380,167
14381,167
14382,257
14383,167
14384,167
14385,257
14386,167
14386,131
14387,257
14388,257
14388,115
14389,167
14390,167
14391,93
14392,257
14393,257
14394,167
14395,167
14396,167
14397,167
14398,167
14398,195
14399,167
14400,167
14401,167
14402,167
14403,167
14404,167
14405,257
14406,257
14407,195
14408,257
14409,93
14410,167
14411,167
14412,167
14413,167
14414,161
14415,138
14416,257
14417,161
14417,167
14418,167
14419,167
14420,257
14421,195
14422,195
14423,167
14424,167
14425,167
14426,167
14427,167
14428,167
14429,167
14430,59
14431,167
14432,59
14433,161
14434,59
14435,167
14436,59
14437,257
14437,93
14438,104
14438,163
14439,167
14440,198
14441,93
14442,167
14443,59
14444,167
14445,167
14446,59
14447,167
14448,167
14449,167
14450,257
14450,167
14451,167
14452,167
14453,167
14454,207
14455,167
14456,167
14457,167
14458,167
14459,167
14460,59
14461,167
14462,167
14463,257
14464,167
14465,167
14466,257
14467,167
14467,127
14468,167
14469,167
14470,167
14471,167
14472,257
14472,167
14473,167
14474,167
14475,167
14476,257
14477,167
14478,167
14479,167
14480,167
14481,167
14482,93
14483,167
14484,167
14485,167
14485,93
14486,167
14487,161
14488,167
14489,47
14489,213
14490,59
14491,51
14491,161
14492,167
14493,167
14494,167
14495,167
14496,167
14497,167
14498,257
14499,167
14500,131
14501,57
14502,167
14503,167
14504,167
14504,51
14505,167
14506,257
14507,257
14507,167
14508,207
14509,131
14510,257
14511,167
14512,167
14513,167
14514,167
14515,257
14516,167
14517,167
14518,161
14519,138
14519,239
14520,167
14521,167
14522,257
14522,93
14523,167
14524,167
14525,263
14525,138
14526,257
14527,167
14528,167
14529,59
14530,167
14531,167
14532,2
14533,167
14534,167
14535,167
14536,167
14537,51
14538,257
14539,257
14540,104
14540,59
14541,257
14542,167
14542,59
14543,167
14544,59
14545,167
14545,93
14546,167
14547,167
14548,167
14549,167
14550,167
14551,167
14552,167
14553,138
14553,239
14554,167
14555,138
14555,104
14556,257
14557,131
14558,59
14559,167
14559,55
14560,55
14561,138
14561,104
14562,167
14563,257
14564,167
14565,167
14566,167
14567,257
14568,257
14569,167
14570,167
14571,167
14572,167
14573,167
14574,167
14575,257
14576,232
14577,93
14578,104
14579,167
14580,167
14581,167
14582,167
14582,59
14583,257
14584,167
14585,167
14586,167
14587,207
14588,257
14589,167
14590,167
14591,11
14592,59
14593,207
14594,195
14595,167
14596,167
14597,257
14598,167
14599,161
14600,167
14601,93
14602,167
14603,167
14604,264
14605,167
14605,93
14606,167
14607,257
14608,167
14609,257
14610,93
14611,167
14612,167
14613,257
14614,167
14615,167
14616,161
14617,167
14618,257
14619,167
14620,167
14621,167
14622,167
14623,257
14624,167
14625,167
14626,167
14627,257
14627,154
14628,167
14629,59
14630,167
14631,257
14632,59
14633,167
14634,59
14635,21
14635,9
14636,167
14637,161
14638,257
14638,4
14639,257
14640,167
14641,167
14642,257
14643,167
14644,257
14644,55
14645,167
14646,250
14647,257
14648,257
14649,257
14650,257
14651,167
14652,167
14653,138
14654,189
14655,167
14656,167
14657,167
14658,131
14659,167
14660,207
14661,167
14662,167
14663,93
14664,207
14665,257
14666,161
14666,257
14667,167
14668,167
14669,47
14670,131
14670,195
14671,167
14672,169
14673,257
14674,167
14675,131
14676,4
14677,51
14678,167
14679,139
14680,167
14681,167
14682,131
14682,37
14683,59
14683,55
14684,167
14685,167
14686,167
14687,167
14688,207
14688,167
14689,207
14690,131
14691,257
14691,167
14692,167
14693,257
14694,167
14695,93
14696,167
14697,167
14698,257
14699,167
14700,167
14701,167
14702,167
14703,167
14704,257
14705,257
14706,47
14707,93
14708,131
14708,167
14709,167
14710,167
14711,167
14712,257
14713,161
14714,167
14714,59
14715,138
14716,167
14717,167
14718,167
14719,257
14720,257
14721,167
14722,167
14723,257
14724,257
14725,167
14726,257
14727,144
14728,167
14729,257
14730,167
14730,51
14731,167
14732,167
14733,161
14734,167
14735,93
14736,167
14737,257
14737,57
14738,167
14739,257
14740,167
14741,167
14742,167
14743,207
14744,257
14745,93
14746,257
14746,167
14747,195
14748,207
14749,257
14750,59
14751,167
14752,167
14753,167
14754,167
14755,161
14756,167
14757,167
14758,257
14759,257
14760,257
14761,167
14762,167
14763,167
14764,167
14765,159
14766,167
14767,131
14767,59
14768,167
14769,207
14770,167
14771,257
14772,167
14773,195
14774,161
14775,167
14776,195
14777,167
14778,167
14778,161
14779,257
14780,167
14781,161
14782,93
14783,167
14784,257
14785,167
14786,111
14787,207
14787,167
14788,167
14789,59
14790,167
14791,167
14792,257
14793,167
14794,167
14795,257
14796,167
14797,167
14798,167
14799,167
14800,207
14801,167
14802,167
14803,167
14804,167
14805,257
14806,167
14807,167
14808,257
14809,167
14810,167
14811,167
14812,257
14813,257
14814,131
14815,257
14816,257
14817,257
14818,167
14819,257
14820,207
14821,110
14821,161
14822,167
14823,167
14824,257
14825,167
14826,167
14827,167
14828,207
14829,167
14830,257
14831,257
14832,167
14833,167
14834,167
14835,167
14835,59
14836,167
14837,257
14838,167
14839,207
14840,167
14841,167
14841,257
14842,167
14843,195
14844,167
14845,257
14846,257
14846,67
14847,167
14848,167
14849,257
14850,167
14851,167
14852,167
14853,167
14854,167
14855,93
14856,131
14857,167
14858,257
14859,167
14860,167
14861,150
14862,257
14863,138
14864,138
14865,167
14866,167
14867,167
14867,161
14868,59
14869,257
14870,167
14871,167
14872,167
14873,167
14874,167
14875,161
14876,198
14877,167
14878,167
14879,167
14880,167
14881,167
14882,167
14883,59
14884,167
14885,93
14886,167
14887,167
14888,257
14889,59
14890,167
14891,257
14892,167
14893,257
14894,12
14895,167
14896,167
14897,167
14898,167
14899,167
14900,167
14901,167
14902,167
14903,167
14904,167
14905,167
14906,93
14907,167
14908,167
14909,167
14910,167
14911,167
14912,167
14913,257
14914,257
14915,257
14916,93
14917,257
14918,167
14919,93
14920,167
14920,93
14921,195
14922,167
14923,167
14924,167
14924,57
14925,167
14926,167
14927,167
14928,167
14929,257
14930,167
14931,257
14931,55
14932,257
14933,167
14934,257
14935,167
14936,167
14937,167
14938,51
14939,167
14940,167
14940,195
14941,167
14942,167
14942,161
14943,167
14944,257
14945,167
14946,59
14947,167
14948,51
14949,257
14950,167
14951,167
14952,257
14953,257
14954,167
14955,51
14956,257
14957,167
14958,257
14959,59
14960,257
14961,257
14962,167
14962,257
14963,257
14964,167
14965,59
14966,167
14967,59
14968,167
14969,167
14970,167
14971,167
14972,167
14973,167
14973,59
14974,167
14975,257
14976,167
14977,167
14978,167
14979,167
14980,167
14981,167
14982,167
14983,167
14984,167
14985,167
14986,51
14987,257
14988,167
14989,257
14990,167
14991,257
14992,167
14993,167
14994,167
14995,195
14995,167
14996,167
14997,257
14998,257
14999,138
15000,207
15001,167
15002,167
15003,167
15004,167
15005,138
15006,131
15007,195
15008,57
15009,167
15010,167
15011,167
15012,167
15013,167
15014,257
15014,111
15015,93
15016,257
15017,167
15018,167
15019,257
15019,195
15020,167
15021,167
15022,167
15023,59
15024,167
15025,151
15026,59
15026,167
15027,167
15028,93
15029,167
15030,167
15031,59
15032,167
15033,167
15034,167
15035,207
15036,257
15037,167
15038,167
15039,257
15040,167
15041,167
15042,131
15043,93
15044,4
15044,257
15045,167
15046,167
15047,257
15048,167
15049,167
15050,195
15050,161
15051,57
15052,167
15053,167
15054,257
15055,56
15056,167
15057,257
15058,161
15059,167
15060,167
15061,167
15062,167
15063,167
15064,167
15065,167
15066,167
15067,167
15068,51
15069,257
15070,207
15071,167
15072,167
15073,167
15074,51
15075,257
15076,167
15077,31
15078,167
15078,51
15079,167
15080,257
15081,161
15082,167
15083,257
15084,167
15084,59
15085,167
15086,167
15087,167
15088,167
15089,167
15090,167
15091,167
15092,167
15093,167
15094,167
15095,257
15096,4
15097,167
15098,138
15098,104
15099,167
15100,167
15101,257
15102,131
15103,257
15104,131
15105,167
15106,167
15107,167
15108,138
15109,131
15110,167
15111,167
15112,167
15113,167
15114,167
15115,167
15116,167
15117,167
15118,257
15119,167
15120,167
15121,167
15122,167
15123,207
15124,167
15125,59
15126,167
15127,167
15128,55
15129,167
15129,76
15130,167
15131,59
15132,272
15132,138
15133,59
15134,250
15135,167
15136,167
15137,257
15137,51
15138,167
15139,131
15140,167
15141,167
15142,167
15143,167
15144,167
15145,51
15146,167
15147,167
15148,131
15149,257
15150,167
15150,257
15151,131
15152,154
15153,257
15154,167
15155,257
15156,111
15157,167
15158,207
15159,207
15160,167
15161,167
15162,257
15163,257
15164,110
15165,167
15166,167
15166,51
15167,167
15168,257
15169,167
15170,167
15170,57
15171,167
15172,257
15173,104
15174,207
15175,257
15176,167
15177,167
15178,257
15179,167
15180,167
15181,257
15182,167
15183,167
15184,59
15185,167
15186,167
15186,257
15187,195
15187,51
15188,167
15189,59
15190,167
15191,167
15191,257
15192,93
15193,167
15194,93
15195,93
15196,51
15197,167
15198,167
15199,161
15200,167
15201,167
15202,11
15203,257
15204,167
15205,257
15206,189
15207,59
15208,167
15208,51
15209,167
15210,257
15211,167
15212,257
15213,167
15214,161
15214,167
15215,167
15216,257
15217,167
15218,207
15219,167
15220,257
15221,167
15222,167
15222,93
15223,131
15224,167
15225,167
15226,167
15227,167
15228,257
15229,167
15230,59
15231,167
15232,195
15233,28
15234,167
15235,167
15236,167
15237,167
15238,167
15239,167
15240,70
15241,59
15242,167
15243,167
15244,167
15245,167
15246,167
15247,167
15248,93
15248,167
15249,59
15250,167
15251,167
15252,257
15253,167
15254,167
15255,167
15256,257
15257,167
15258,167
15259,167
15260,257
15261,167
15261,257
15262,167
15263,167
15264,167
15265,59
15266,167
15267,167
15268,51
15269,144
15270,167
15271,167
15272,167
15273,167
15274,161
15275,167
15276,167
15277,167
15278,207
15279,257
15280,167
15281,167
15282,167
15283,167
15284,167
15285,167
15286,257
15287,167
15288,59
15289,138
15290,167
15291,257
15292,131
15293,59
15294,167
15295,161
15296,167
15297,167
15298,59
15299,257
15299,167
15300,257
15301,257
15302,138
15303,167
15304,167
15305,167
15306,167
15307,131
15308,167
15309,167
15310,195
15311,167
15312,167
15313,257
15314,167
15315,167
15316,167
15317,257
15318,130
15319,257
15320,138
15321,167
15322,257
15323,167
15324,167
15325,167
15326,161
15327,257
15328,167
15329,257
15330,167
15331,93
15332,167
15332,198
15333,167
15334,257
15335,207
15336,56
15337,167
15338,167
15339,167
15340,167
15341,56
15341,57
15342,167
15343,167
15344,257
15345,257
15346,257
15347,207
15348,167
15348,207
15349,195
15350,167
15351,167
15352,167
15353,257
15354,167
15355,167
15356,167
15357,59
15358,167
15359,167
15360,167
15361,195
15362,59
15363,167
15364,167
15365,167
15366,167
15367,55
15368,59
15369,167
15370,189
15371,257
15372,167
15373,167
15374,167
15375,167
15375,93
15376,167
15377,4
15378,161
15378,55
15379,257
15380,167
15381,257
15382,167
15383,257
15384,167
15384,207
15385,59
15386,167
15387,167
15388,167
15389,167
15390,167
15391,28
15392,11
15392,47
15393,257
15394,207
15395,167
15396,167
15397,198
15398,167
15399,167
15400,167
15401,93
15402,167
15403,167
15404,167
15405,167
15406,59
15407,167
15408,167
15409,257
15410,167
15411,57
15411,257
15412,167
15413,9
15414,167
15415,167
15416,207
15417,51
15418,167
15419,167
15420,167
15421,59
15422,195
15423,167
15424,51
15425,167
15426,257
15426,167
15427,167
15428,167
15429,161
15430,167
15431,257
15432,167
15432,257
15433,51
15434,167
15435,167
15436,257
15437,257
15438,167
15439,167
15440,59
15440,167
15441,167
15442,167
15443,167
15444,110
15445,51
15446,167
15447,257
15448,167
15449,207
15449,198
15450,167
15451,257
15452,257
15453,167
15454,167
15455,167
15456,227
15457,257
15458,59
15459,167
15460,167
15461,131
15462,257
15462,167
15463,51
15464,167
15465,138
15466,167
15467,167
15468,207
15469,154
15469,257
15470,167
15471,257
15472,257
15472,51
15473,159
15474,195
15475,167
15476,167
15477,207
15478,167
15479,167
15480,167
15481,207
15482,167
15483,257
15484,167
15485,167
15486,167
15487,167
15488,257
15489,167
15490,167
15491,104
15492,167
15493,257
15494,59
15495,167
15496,257
15497,4
15498,167
15499,167
15500,257
15501,167
15502,167
15503,167
15503,59
15504,159
15505,167
15506,167
15507,257
15508,161
15509,4
15510,167
15511,257
15511,4
15512,167
15513,167
15514,167
15515,167
15516,167
15517,167
15518,257
15519,167
15520,167
15521,167
15522,195
15523,167
15524,167
15525,159
15526,167
15527,167
15528,167
15528,59
15529,93
15530,195
15531,59
15532,167
15533,167
15534,93
15534,208
15535,167
15536,257
15536,57
15537,257
15537,167
15538,167
15539,51
15540,59
15540,167
15541,51
15542,167
15543,257
15544,11
15545,167
15546,257
15546,4
15547,257
15548,167
15549,167
15550,167
15550,59
15551,167
15552,131
15552,207
15553,167
15554,167
15555,167
15556,167
15557,167
15558,167
15559,167
15560,167
15561,167
15562,257
15563,257
15564,167
15565,167
15566,167
15567,154
15568,167
15569,207
15569,257
15570,167
15571,161
15572,59
15573,93
15574,167
15575,167
15576,167
15576,207
15577,167
15578,167
15579,167
15580,198
15581,167
15582,167
15583,167
15584,167
15585,167
15586,167
15587,257
15588,167
15589,167
15590,198
15591,167
15592,167
15593,257
15594,167
15595,257
15596,207
15597,167
15598,167
15599,167
15600,154
15601,167
15602,167
15603,257
15604,257
15604,167
15605,167
15606,257
15607,167
15608,167
15609,167
15610,257
15611,167
15612,257
15613,167
15614,257
15615,167
15616,167
15617,167
15617,111
15618,167
15619,167
15620,167
15621,257
15622,167
15623,167
15624,167
15625,257
15626,167
15627,167
15628,257
15629,257
15630,257
15631,257
15632,257
15633,167
15634,93
15635,167
15636,167
15637,167
15638,167
15639,167
15640,167
15641,167
15642,59
15643,167
15644,167
15645,167
15646,167
15647,93
15647,70
15648,167
15649,167
15650,167
15651,104
15652,257
15653,167
15654,257
15655,104
15656,204
15657,167
15658,257
15659,167
15660,93
15661,167
15662,51
15662,257
15663,131
15664,167
15664,93
15665,57
15666,167
15667,257
15668,51
15669,167
15670,161
15671,167
15672,159
15673,257
15674,167
15675,167
15676,167
15676,257
15677,257
15678,257
15679,11
15680,198
15681,161
15682,167
15683,250
15683,138
15684,161
15685,167
15686,167
15687,195
15688,167
15689,257
15690,167
15691,167
15692,93
15693,167
15693,59
15694,167
15695,167
15696,167
15697,51
15698,167
15699,167
15700,257
15701,167
15702,167
15703,167
15704,257
15705,257
15706,167
15707,167
15708,167
15709,167
15710,167
15711,167
15712,167
15713,167
15714,167
15715,195
15716,167
15717,167
15718,59
15719,167
15720,167
15721,138
15722,207
15723,154
15724,57
15725,195
15726,167
15727,59
15728,257
15729,167
15730,257
15731,167
15732,22
15733,207
15734,167
15735,131
15736,167
15737,154
15738,167
15739,167
15740,257
15741,167
15742,104
15743,161
15743,13
15744,198
15744,257
15745,167
15746,257
15747,93
15748,257
15749,154
15750,257
15751,167
15752,167
15753,257
15754,51
15755,207
15756,257
15757,57
15757,167
15758,167
15759,93
15760,167
15761,167
15762,257
15763,167
15764,167
15764,207
15765,167
15766,167
15767,257
15768,257
15769,257
15770,250
15771,161
15772,207
15773,167
15774,167
15775,257
15776,257
15777,51
15778,198
15779,167
15780,167
15781,167
15782,22
15782,257
15783,167
15783,257
15784,59
15785,257
15786,167
15787,167
15788,167
15789,257
15790,257
15791,167
15792,257
15793,167
15794,167
15795,167
15796,167
15797,167
15798,167
15799,167
15800,59
15801,93
15801,208
15802,167
15803,207
15804,167
15805,167
15806,167
15807,57
15808,167
15809,167
15810,167
15811,257
15812,257
15813,167
15814,167
15815,257
15816,167
15817,207
15818,28
15819,167
15820,167
15821,167
15822,167
15823,167
15824,167
15825,207
15826,257
15827,167
15828,167
15829,257
15830,207
15831,167
15832,257
15833,167
15834,207
15834,167
15835,167
15836,138
15837,167
15838,94
15838,59
15839,167
15840,131
15840,161
15841,167
15842,257
15843,195
15843,55
15844,167
15845,167
15846,257
15847,130
15847,164
15848,167
15849,59
15850,163
15851,59
15851,167
15852,131
15852,161
15853,167
15854,167
15855,167
15856,167
15857,167
15858,257
15859,167
15860,167
15861,167
15862,167
15863,167
15864,167
15865,167
15866,167
15867,167
15868,257
15869,167
15870,257
15870,198
15871,167
15872,161
15873,167
15874,167
15875,167
15876,167
15877,167
15878,167
15879,167
15879,99
15880,161
15881,167
15882,167
15883,161
15883,214
15884,167
15885,167
15886,167
15887,257
15888,167
15889,167
15890,257
15891,167
15892,167
15893,167
15894,167
15895,167
15896,167
15897,167
15898,131
15899,131
15900,167
15901,59
15902,167
15903,167
15904,167
15905,167
15906,257
15907,59
15908,111
15909,257
15909,93
15910,167
15911,257
15912,167
15913,167
15914,195
15915,167
15916,195
15917,51
15918,167
15919,51
15920,167
15921,207
15922,207
15923,167
15924,59
15925,167
15926,207
15926,167
15927,257
15928,257
15929,167
15930,167
15930,161
15931,161
15932,167
15932,207
15933,207
15933,111
15934,51
15935,167
15936,51
15937,257
15938,257
15939,257
15940,167
15941,257
15942,167
15943,167
15943,93
15944,207
15945,167
15946,51
15947,167
15948,167
15949,51
15950,159
15950,9
15951,257
15952,167
15953,167
15954,257
15955,167
15956,257
15957,167
15958,167
15958,55
15959,257
15960,167
15961,257
15962,167
15963,167
15964,167
15965,167
15966,167
15967,167
15968,59
15969,167
15970,257
15971,167
15972,167
15973,167
15974,167
15975,167
15976,207
15977,167
15978,167
15978,257
15979,167
15980,167
15981,167
15982,167
15983,167
15984,167
15985,167
15986,167
15987,167
15988,104
15989,59
15989,93
15990,167
15991,167
15992,167
15993,59
15994,257
15995,167
15996,167
15997,151
15998,167
15999,167
16000,167
16001,167
16002,167
16003,167
16004,167
16005,167
16006,167
16007,257
16008,51
16009,167
16010,257
16011,167
16012,161
16013,167
16014,167
16015,59
16015,167
16016,167
16017,250
16018,167
16019,167
16020,167
16021,131
16022,167
16023,167
16024,154
16025,257
16026,257
16027,167
16028,167
16029,207
16030,59
16031,167
16032,167
16033,167
16034,167
16034,59
16035,167
16036,257
16037,167
16038,167
16039,167
16040,59
16041,248
16042,167
16043,167
16044,104
16044,163
16045,167
16046,257
16047,257
16048,257
16049,257
16050,167
16051,167
16052,167
16053,167
16054,51
16055,167
16055,4
16056,257
16057,51
16058,51
16059,59
16060,257
16061,167
16062,167
16063,167
16064,167
16065,56
16066,167
16067,167
16068,257
16069,167
16070,207
16071,57
16072,257
16073,167
16074,167
16075,257
16075,167
16076,257
16077,167
16078,167
16079,167
16080,167
16081,167
16082,167
16083,167
16084,59
16085,167
16086,59
16087,195
16087,161
16088,167
16089,167
16090,167
16091,197
16092,167
16093,167
16094,167
16095,167
16096,239
16096,138
16097,167
16098,167
16099,167
16100,167
16101,47
16102,167
16103,257
16104,167
16105,167
16106,257
16106,208
16107,167
16108,167
16109,167
16110,59
16111,167
16112,167
16113,167
16114,257
16114,167
16115,59
16116,161
16116,130
16117,167
16117,257
16118,248
16118,138
16119,207
16119,167
16120,167
16121,167
16122,207
16123,104
16124,189
16125,167
16126,257
16127,167
16128,167
16129,167
16130,167
16131,167
16132,167
16133,123
16134,167
16135,207
16136,110
16137,167
16138,167
16139,257
16140,207
16141,167
16142,257
16143,167
16144,167
16145,167
16146,59
16147,167
16148,59
16148,167
16149,167
16150,167
16151,167
16152,167
16153,167
16154,167
16155,167
16156,167
16157,167
16158,167
16159,167
16160,167
16161,167
16162,257
16163,198
16164,167
16165,169
16166,167
16167,167
16168,167
16169,236
16170,38
16171,246
16172,236
16173,236
16174,38
16175,38
16176,236
16177,175
16178,236
16179,236
16180,38
16181,236
16182,100
16183,156
16184,235
16185,92
16186,38
16187,38
16188,38
16189,242
16190,236
16191,236
16192,131
16193,236
16194,134
16195,236
16196,92
16197,236
16198,131
16199,236
16200,236
16201,236
16202,38
16203,108
16204,99
16205,194
16206,236
16207,100
16208,131
16209,218
16210,38
16211,272
16212,126
16213,99
16214,100
16215,235
16216,38
16217,236
16218,194
16219,38
16220,236
16221,207
16222,207
16223,236
16224,236
16225,236
16226,38
16227,207
16228,38
16229,243
16230,131
16231,250
16232,194
16233,250
16234,38
16235,267
16236,126
16237,236
16238,213
16239,235
16240,48
16241,38
16242,123
16243,236
16244,38
16245,242
16246,131
16247,38
16248,194
16249,213
16250,131
16251,48
16252,267
16253,131
16254,59
16255,257
16256,198
16256,257
16257,55
16258,257
16259,55
16260,257
16260,194
16261,167
16262,167
16263,55
16264,111
16265,257
16266,127
16267,167
16268,55
16269,257
16270,257
16271,198
16272,207
16273,100
16274,13
16275,257
16276,55
16277,198
16278,55
16279,127
16279,111
16280,93
16281,194
16282,159
16283,257
16284,194
16285,199
16285,55
16286,55
16287,167
16288,55
16289,55
16290,59
16291,264
16291,263
16292,167
16292,111
16293,131
16294,198
16295,167
16295,127
16296,55
16297,55
16298,167
16299,127
16300,207
16301,167
16302,167
16303,167
16304,257
16305,257
16306,55
16307,257
16308,257
16309,198
16310,138
16311,127
16312,264
16313,111
16313,55
16314,55
16315,257
16315,167
16316,93
16316,55
16317,16
16318,198
16319,138
16320,194
16320,59
16321,59
16322,55
16323,257
16324,264
16324,263
16325,235
16326,167
16327,57
16328,55
16329,257
16330,257
16331,194
16332,207
16333,257
16334,138
16335,131
16336,127
16337,127
16338,167
16339,257
16340,167
16340,55
16341,127
16342,207
16343,257
16344,194
16345,167
16346,55
16347,168
16347,100
16348,104
16349,167
16350,208
16350,57
16351,51
16352,131
16353,257
16354,61
16355,257
16356,257
16357,99
16357,51
16358,99
16358,13
16359,61
16360,131
16361,167
16362,167
16362,55
16363,47
16363,104
16364,159
16365,26
16365,99
16366,167
16366,93
16367,51
16368,51
16368,208
16369,52
16370,257
16371,167
16371,208
16372,61
16372,104
16373,168
16374,93
16374,208
16375,167
16376,167
16376,208
16377,100
16378,167
16379,93
16380,100
16380,168
16381,97
16381,198
16382,93
16383,168
16384,61
16385,52
16386,100
16386,13
16387,168
16388,168
16388,208
16389,131
16390,184
16390,167
16391,257
16392,168
16393,57
16393,93
16394,93
16394,208
16395,167
16395,168
16396,132
16397,51
16397,52
16398,55
16399,99
16399,61
16400,13
16401,214
16401,55
16402,115
16403,57
16403,93
16404,52
16404,132
16405,132
16406,51
16407,208
16407,167
16408,100
16408,208
16409,93
16410,167
16411,161
16411,203
16412,167
16413,52
16413,208
16414,51
16415,93
16415,167
16416,131
16417,239
16418,167
16419,264
16419,207
16420,168
16420,51
16421,93
16422,61
16423,168
16424,52
16425,99
16426,59
16427,168
16428,131
16429,100
16429,59
16430,51
16431,168
16432,55
16433,93
16434,168
16435,104
16435,161
16436,131
16437,131
16438,167
16439,168
16440,55
16441,214
16442,168
16442,99
16443,132
16444,167
16445,208
16445,111
16446,51
16447,167
16448,168
16449,100
16450,61
16451,59
16452,104
16452,132
16453,100
16454,167
16455,184
16455,264
16456,168
16457,131
16458,93
16459,59
16459,168
16460,167
16461,167
16461,100
16462,51
16463,55
16464,131
16464,167
16465,167
16466,93
16466,208
16467,208
16467,51
16468,167
16469,93
16469,264
16470,167
16470,59
16471,167
16471,208
16472,131
16473,159
16473,57
16474,167
16474,61
16475,61
16476,167
16476,127
16477,100
16478,167
16478,99
16479,167
16480,51
16480,61
16481,99
16481,167
16482,59
16482,184
16483,93
16484,59
16484,61
16485,93
16485,167
16486,59
16487,93
16488,168
16488,61
16489,161
16490,208
16490,93
16491,104
16491,13
16492,159
16492,111
16493,93
16494,167
16495,257
16496,51
16496,257
16497,111
16497,257
16498,167
16499,167
16500,257
16500,52
16501,59
16502,167
16503,167
16504,11
16505,168
16505,61
16506,167
16507,168
16508,131
16509,51
16509,57
16510,168
16511,59
16512,93
16512,167
16513,51
16514,168
16515,93
16516,51
16516,26
16517,167
16518,93
16518,167
16519,257
16519,168
16520,93
16520,99
16521,167
16521,99
16522,167
16523,131
16524,99
16524,26
16525,167
16526,207
16527,207
16528,93
16529,167
16530,131
16531,59
16532,51
16533,167
16534,93
16534,257
16535,131
16536,167
16537,61
16538,167
16539,61
16540,167
16540,61
16541,167
16542,93
16542,168
16543,207
16544,93
16544,167
16545,167
16546,51
16547,167
16548,167
16549,51
16550,207
16550,52
16551,257
16551,207
16552,168
16553,52
16554,100
16555,131
16556,168
16557,24
16557,93
16558,167
16559,99
16559,51
16560,111
16560,159
16561,167
16562,93
16562,59
16563,99
16563,13
16564,257
16564,52
16565,167
16565,13
16566,131
16567,26
16567,51
16568,93
16569,168
16569,269
16570,131
16571,131
16572,51
16572,26
16573,168
16574,167
16574,93
16575,167
16576,26
16576,51
16577,159
16577,168
16578,257
16579,257
16579,93
16580,131
16580,219
16581,257
16581,99
16582,61
16582,168
16583,264
16583,184
16584,110
16585,168
16586,131
16586,161
16587,26
16587,51
16588,184
16588,167
16589,21
16590,26
16590,52
16591,52
16592,131
16593,93
16594,131
16595,61
16595,26
16596,61
16596,168
16597,201
16598,167
16599,168
16599,61
16600,167
16601,132
16602,131
16603,167
16604,159
16605,59
16605,167
16606,163
16607,168
16607,167
16608,167
16608,127
16609,167
16610,168
16611,168
16612,59
16613,99
16613,167
16614,100
16615,131
16616,59
16617,13
16617,59
16618,61
16618,257
16619,93
16619,59
16620,26
16621,93
16621,167
16622,168
16623,257
16623,26
16624,97
16625,131
16626,257
16627,59
16628,111
16628,51
16629,167
16629,93
16630,93
16631,250
16631,11
16632,59
16632,131
16633,184
16633,168
16634,207
16634,51
16635,93
16636,51
16637,232
16638,167
16638,184
16639,168
16639,167
16640,168
16641,257
16642,257
16643,167
16644,93
16645,257
16646,59
16646,167
16647,26
16647,52
16648,167
16648,127
16649,51
16650,26
16650,51
16651,257
16652,138
16652,239
16653,144
16653,11
16654,57
16655,168
16656,159
16657,61
16657,167
16658,51
16659,248
16659,13
16660,59
16661,168
16662,93
16662,168
16663,198
16663,51
16664,93
16665,47
16665,184
16666,51
16667,168
16667,93
16668,269
16669,131
16670,168
16671,131
16672,257
16673,168
16674,51
16674,131
16675,99
16675,93
16676,269
16677,93
16677,167
16678,168
16679,100
16680,138
16681,214
16682,167
16682,93
16683,159
16684,207
16685,257
16686,168
16686,207
16687,93
16687,167
16688,207
16689,61
16690,93
16691,207
16692,100
16692,52
16693,208
16693,93
16694,100
16695,93
16696,93
16696,100
16697,131
16698,168
16699,26
16699,51
16700,167
16701,167
16701,93
16702,184
16703,168
16704,59
16705,51
16706,51
16707,51
16708,161
16709,257
16709,52
16710,51
16711,168
16712,131
16713,167
16714,168
16715,168
16715,167
16716,115
16717,61
16718,131
16718,208
16719,132
16720,167
16721,167
16721,57
16722,57
16722,167
16723,93
16723,208
16724,100
16725,93
16726,208
16726,57
16727,208
16727,93
16728,47
16729,61
16729,93
16730,55
16730,161
16731,93
16732,257
16732,93
16733,208
16733,26
16734,51
16735,51
16736,59
16737,52
16738,93
16738,167
16739,59
16739,167
16740,167
16740,207
16741,51
16741,168
16742,168
16742,93
16743,168
16744,26
16744,257
16745,269
16745,93
16746,131
16747,168
16748,267
16749,93
16750,168
16751,93
16751,59
16752,168
16752,208
16753,61
16754,168
16755,51
16756,51
16757,208
16757,99
16758,207
16759,131
16760,167
16761,93
16761,167
16762,51
16763,257
16764,159
16764,51
16765,167
16766,269
16767,93
16767,51
16768,257
16769,59
16770,168
16771,99
16771,257
16772,207
16773,168
16774,257
16775,207
16776,168
16777,167
16777,93
16778,168
16778,93
16779,168
16780,93
16781,167
16782,51
16782,198
16783,208
16784,59
16784,93
16785,93
16786,168
16787,167
16788,168
16789,51
16789,26
16790,168
16791,93
16792,51
16793,99
16794,111
16794,159
16795,167
16796,167
16797,167
16797,59
16798,61
16799,51
16800,99
16801,93
16801,167
16802,57
16802,208
16803,59
16804,93
16805,168
16806,59
16807,168
16808,184
16809,99
16810,257
16811,167
16812,168
16813,159
16813,51
16814,93
16814,100
16815,168
16816,161
16817,100
16818,99
16819,100
16820,131
16821,91
16822,131
16823,138
16824,102
16825,99
16826,138
16827,99
16828,55
16829,55
16830,55
16830,6
16831,78
16832,99
16832,55
16833,138
16834,138
16835,47
16835,38
16836,131
16837,131
16838,102
16839,126
16840,235
16841,99
16842,55
16843,21
16844,47
16845,99
16846,55
16847,144
16848,99
16848,168
16849,55
16849,139
16850,55
16851,224
16852,21
16853,209
16854,55
16855,55
16855,139
16856,47
16857,99
16858,99
16859,170
16860,144
16860,51
16861,131
16862,263
16862,264
16863,55
16863,205
16864,144
16865,91
16866,144
16867,131
16868,55
16869,99
16870,272
16871,209
16872,47
16873,138
16874,248
16875,21
16876,99
16877,99
16878,21
16879,21
16880,99
16881,47
16882,55
16883,99
16884,170
16885,209
16886,21
16887,21
16888,99
16889,47
16890,99
16891,99
16892,138
16893,107
16894,47
16895,144
16896,99
16897,21
16898,131
16899,30
16900,99
16901,174
16901,243
16902,84
16903,131
16904,138
16905,161
16906,55
16907,55
16908,224
16909,235
16910,239
16911,99
16911,52
16912,138
16913,144
16914,99
16915,47
16916,21
16917,81
16918,55
16919,146
16920,21
16921,99
16922,99
16923,99
16924,272
16925,143
16926,47
16927,52
16928,166
16929,167
16930,166
16931,167
16932,166
16933,167
16934,257
16935,161
16936,166
16937,166
16938,166
16939,167
16940,167
16941,256
16942,232
16943,207
16944,257
16945,166
16946,207
16947,57
16948,166
16949,166
16950,166
16951,167
16952,166
16953,131
16954,123
16955,167
16956,167
16957,167
16958,166
16959,99
16960,29
16961,166
16962,207
16963,256
16964,166
16965,256
16966,207
16967,161
16968,167
16969,166
16970,256
16971,166
16972,207
16972,13
16973,166
16974,167
16975,167
16976,166
16977,167
16978,166
16979,29
16980,256
16981,166
16982,167
16983,257
16984,167
16985,13
16986,166
16987,257
16988,207
16989,161
16990,47
16991,17
16992,167
16993,51
16994,166
16995,167
16996,256
16997,161
16998,167
16999,207
17000,256
17001,166
17002,166
17003,166
17004,166
17005,189
17006,166
17007,166
17008,166
17009,269
17010,167
17011,57
17012,167
17013,59
17013,126
17014,166
17015,166
17016,166
17017,159
17018,256
17019,167
17020,166
17021,167
17022,166
17023,256
17024,166
17025,256
17026,166
17027,167
17028,166
17029,198
17030,167
17031,123
17032,51
17033,256
17034,167
17035,166
17036,232
17037,167
17038,167
17039,167
17040,167
17041,166
17042,166
17043,166
17044,256
17045,167
17046,167
17047,167
17048,198
17048,256
17049,159
17049,21
17050,256
17051,166
17052,139
17053,166
17054,256
17055,167
17056,257
17057,161
17058,166
17059,166
17060,232
17061,138
17062,167
17063,166
17064,166
17065,99
17066,166
17067,167
17068,257
17069,256
17070,166
17071,11
17072,167
17073,269
17074,166
17075,166
17076,29
17077,166
17078,166
17079,256
17080,47
17081,256
17082,163
17083,167
17084,167
17085,166
17086,167
17087,166
17088,166
17089,29
17090,123
17091,99
17092,166
17093,47
17094,159
17095,99
17096,127
17097,123
17098,256
17099,207
17100,161
17101,167
17102,166
17103,47
17104,22
17105,166
17106,167
17107,166
17108,51
17109,167
17110,167
17111,166
17112,167
17113,138
17114,166
17115,207
17115,257
17116,232
17117,257
17118,264
17118,13
17119,166
17120,131
17121,166
17122,166
17123,29
17124,207
17125,167
17126,29
17127,167
17128,167
17129,131
17130,207
17131,167
17132,131
17133,256
17134,166
17135,166
17136,29
17137,167
17138,99
17139,166
17140,167
17141,166
17142,131
17143,166
17144,166
17145,166
17146,207
17146,206
17147,123
17148,166
17149,161
17150,167
17151,166
17152,256
17153,166
17154,167
17155,166
17156,256
17157,167
17158,161
17159,11
17159,104
17160,167
17161,167
17162,166
17163,256
17164,257
17165,166
17166,166
17167,159
17168,207
17169,167
17170,99
17171,256
17172,127
17173,167
17174,256
17174,198
17175,256
17176,166
17177,166
17178,166
17179,166
17180,207
17181,256
17182,131
17183,22
17183,232
17184,257
17185,198
17186,207
17187,232
17188,167
17189,123
17190,264
17190,263
17191,167
17192,166
17193,167
17194,52
17195,51
17196,166
17197,166
17198,167
17199,166
17200,9
17201,207
17202,166
17203,166
17204,207
17205,166
17206,166
17207,167
17208,123
17209,166
17210,167
17211,166
17212,166
17213,166
17214,123
17215,166
17215,111
17216,166
17217,168
17218,99
17219,167
17220,123
17221,207
17221,127
17222,166
17223,256
17224,232
17225,207
17225,51
17226,167
17227,131
17228,226
17229,167
17230,100
17231,166
17232,167
17233,123
17234,166
17234,167
17235,257
17236,166
17237,167
17238,91
17239,123
17240,128
17241,167
17242,198
17243,166
17244,167
17245,166
17246,131
17247,189
17248,166
17249,131
17249,139
17250,166
17251,166
17252,167
17253,166
17254,207
17255,131
17256,138
17257,51
17258,99
17259,167
17260,130
17261,188
17262,161
17263,99
17264,166
17265,166
17266,166
17267,166
17268,166
17269,166
17270,164
17271,167
17272,258
17273,167
17274,5
17275,161
17276,29
17277,194
17278,99
17279,207
17280,138
17281,166
17282,123
17283,167
17284,166
17285,207
17286,208
17287,167
17288,167
17289,163
17290,166
17291,161
17292,166
17293,167
17294,167
17295,166
17296,138
17297,166
17298,166
17299,167
17300,166
17301,123
17302,166
17303,166
17304,167
17305,167
17306,59
17306,126
17307,166
17308,166
17309,207
17310,123
17311,167
17312,167
17313,51
17314,167
17315,167
17316,166
17317,150
17317,92
17318,11
17318,104
17319,257
17320,207
17321,159
17322,198
17323,131
17324,131
17325,207
17325,185
17326,269
17327,161
17328,166
17329,167
17330,167
17331,166
17332,167
17333,51
17334,47
17335,207
17336,257
17337,38
17338,207
17339,131
17340,167
17340,206
17341,232
17342,29
17343,166
17344,131
17345,232
17346,207
17347,159
17348,166
17349,263
17350,166
17351,123
17352,166
17353,138
17354,256
17355,92
17356,166
17357,99
17358,167
17359,132
17360,167
17361,93
17362,91
17363,167
17364,167
17365,166
17366,207
17367,167
17368,256
17369,264
17369,263
17370,131
17371,167
17372,167
17373,166
17374,167
17375,167
17376,167
17377,167
17378,161
17379,167
17380,131
17381,99
17382,138
17383,256
17384,99
17385,166
17386,131
17387,166
17388,131
17389,99
17390,47
17391,269
17392,166
17393,256
17394,92
17395,166
17396,51
17397,166
17398,167
17399,166
17400,166
17401,166
17402,167
17403,167
17404,47
17405,159
17405,256
17406,29
17407,167
17408,167
17409,29
17410,166
17411,161
17412,123
17413,161
17413,256
17414,131
17415,138
17416,167
17417,123
17418,29
17419,167
17420,207
17421,167
17422,167
17423,55
17423,167
17424,166
17425,29
17426,167
17427,55
17428,167
17429,168
17430,167
17430,206
17431,167
17432,166
17433,167
17434,29
17435,167
17436,167
17437,167
17438,55
17439,207
17440,167
17441,167
17442,167
17443,167
17444,167
17445,131
17445,51
17446,167
17447,161
17448,11
17449,167
17450,59
17451,207
17452,257
17453,167
17454,167
17455,167
17456,47
17457,128
17458,166
17459,166
17460,167
17461,59
17462,166
17463,167
17464,92
17464,91
17465,11
17466,167
17467,166
17468,232
17468,161
17469,257
17469,51
17470,161
17470,200
17471,263
17472,166
17473,166
17474,99
17475,258
17476,256
17477,166
17478,167
17479,167
17480,99
17481,131
17481,219
17482,166
17483,166
17484,128
17484,167
17485,166
17486,166
17487,256
17488,131
17489,166
17490,92
17491,166
17492,123
17493,38
17494,166
17495,167
17496,131
17497,167
17498,110
17499,207
17500,91
17501,167
17502,207
17503,131
17504,161
17505,166
17506,167
17507,166
17508,167
17509,166
17510,123
17511,166
17512,166
17513,167
17514,166
17515,166
17516,131
17517,264
17518,166
17519,138
17520,232
17521,164
17521,264
17522,167
17523,167
17524,166
17525,167
17526,166
17527,131
17528,167
17529,256
17530,166
17531,127
17532,161
17533,163
17534,257
17534,52
17535,166
17536,166
17537,166
17538,167
17539,166
17540,166
17541,166
17542,166
17543,166
17544,226
17544,161
17545,192
17545,85
17546,123
17547,99
17548,168
17549,167
17550,167
17551,166
17552,167
17553,166
17554,167
17555,166
17556,123
17557,166
17558,167
17559,166
17560,167
17561,167
17562,257
17563,167
17564,166
17565,166
17566,167
17567,166
17568,207
17569,225
17570,167
17571,167
17572,29
17573,166
17574,29
17575,166
17576,207
17577,166
17578,138
17578,239
17579,166
17580,52
17581,11
17582,166
17583,166
17584,166
17585,166
17586,168
17587,166
17588,166
17589,207
17590,123
17591,127
17592,167
17593,167
17594,47
17595,51
17596,167
17597,131
17598,167
17599,167
17600,59
17601,167
17602,167
17603,11
17604,123
17605,167
17606,167
17607,51
17608,51
17608,128
17609,167
17610,123
17611,60
17612,234
17612,55
17613,167
17614,167
17615,257
17616,257
17616,51
17617,167
17618,166
17619,207
17620,167
17621,161
17621,164
17622,166
17623,166
17624,167
17625,131
17626,166
17627,256
17628,166
17629,131
17630,166
17631,166
17632,269
17633,123
17634,161
17635,159
17636,138
17637,167
17637,207
17638,167
17639,166
17640,131
17641,207
17642,167
17642,164
17643,131
17644,167
17645,166
17645,59
17646,166
17647,207
17648,264
17648,263
17649,123
17650,166
17651,256
17652,167
17653,2
17654,198
17655,167
17656,234
17657,29
17658,166
17659,167
17660,55
17661,167
17662,55
17663,161
17664,55
17665,205
17665,55
17666,131
17667,131
17668,127
17669,55
17670,55
17671,159
17672,264
17672,263
17673,167
17674,55
17675,160
17675,111
17676,235
17677,138
17678,55
17679,159
17679,21
17680,55
17681,263
17682,11
17683,59
17684,159
17685,55
17686,93
17687,138
17688,167
17689,264
17689,55
17690,257
17690,9
17691,257
17692,208
17692,126
17693,159
17694,55
17695,9
17696,55
17697,159
17698,55
17699,111
17700,55
17701,138
17701,239
17702,55
17703,159
17703,9
17704,111
17704,9
17705,264
17706,55
17707,159
17708,57
17709,130
17710,9
17711,55
17712,55
17713,55
17714,257
17715,167
17716,167
17717,55
17717,167
17718,21
17719,99
17720,131
17721,167
17722,75
17722,55
17723,257
17724,167
17725,11
17726,167
17727,167
17728,159
17729,131
17730,167
17731,99
17732,138
17733,131
17734,167
17735,161
17736,75
17736,55
17737,131
