restaurantID,serviceID
1,1
1,12
1,14
1,18
1,20
2,1
2,14
2,18
3,1
3,14
3,20
4,1
4,13
4,14
4,16
4,20
5,1
5,14
5,20
6,1
6,14
6,16
6,20
7,1
7,9
7,14
7,15
7,20
8,1
8,14
8,16
8,19
9,1
9,14
9,19
9,20
10,1
10,14
10,18
10,19
10,20
11,1
11,6
11,14
12,1
12,6
12,13
12,14
12,20
13,1
13,6
13,14
13,20
14,1
14,14
14,20
15,1
15,14
15,20
16,1
16,6
16,14
17,1
17,14
18,1
18,14
18,16
18,18
18,20
19,1
19,6
19,14
20,1
20,6
20,14
20,20
21,1
22,1
22,13
22,18
22,20
25,1
25,6
25,13
25,14
25,20
26,1
26,6
26,14
26,18
27,1
27,6
27,14
27,20
28,1
28,14
28,18
29,1
29,14
29,20
30,1
30,6
30,14
30,20
31,1
31,14
31,20
32,1
32,14
32,20
33,1
33,6
33,9
33,14
33,16
34,1
34,9
34,14
34,16
34,20
35,1
35,6
35,14
36,1
36,6
36,14
36,20
37,1
37,13
37,14
37,18
38,1
38,14
38,16
38,18
39,6
39,9
39,12
39,14
40,1
40,6
40,12
40,14
40,20
41,1
41,6
41,12
41,13
41,14
41,18
42,1
42,6
42,13
42,14
42,18
42,20
43,1
43,6
43,12
43,13
43,14
43,16
44,1
44,6
44,12
44,14
44,18
44,20
45,1
45,14
45,20
46,1
46,6
46,12
46,14
46,16
46,18
46,20
47,1
47,14
47,16
48,6
48,12
48,14
49,1
49,6
49,14
49,20
50,1
50,6
50,9
50,12
50,14
50,20
51,13
51,14
51,20
52,1
52,9
52,14
53,1
53,9
54,1
54,9
54,14
55,1
55,6
55,14
55,20
56,1
56,9
57,1
57,6
57,14
58,1
58,9
59,1
59,14
59,15
60,1
60,14
61,1
61,14
61,16
62,1
62,14
62,20
63,1
63,14
64,1
64,6
64,9
64,14
65,1
65,6
65,14
65,19
65,20
66,1
66,14
66,16
66,19
67,1
67,20
68,1
68,6
68,20
69,1
69,6
69,20
70,1
70,6
70,12
70,14
70,18
70,19
70,20
71,1
71,14
71,20
72,1
72,14
72,16
72,20
73,1
73,14
73,19
73,20
74,1
74,14
74,20
75,1
75,19
75,20
76,1
76,14
76,16
76,19
77,1
77,6
77,14
77,16
77,20
78,1
78,6
78,14
78,16
78,19
78,20
79,1
79,6
79,14
79,20
80,1
80,9
80,14
81,12
81,13
81,20
82,6
82,14
83,1
83,6
83,13
83,14
83,16
83,20
84,1
84,14
84,20
85,1
86,1
86,9
87,1
87,6
87,17
88,1
88,16
88,20
89,1
89,6
89,17
90,1
90,17
91,1
91,7
91,9
91,15
92,1
92,9
92,17
93,1
93,14
93,15
93,17
94,1
94,6
94,14
95,6
95,12
95,14
96,1
96,9
97,1
97,6
97,14
97,19
97,20
98,14
99,1
99,6
99,14
99,16
99,20
100,1
100,14
100,18
101,1
101,6
101,14
101,15
102,1
102,6
102,14
102,20
103,1
103,6
103,13
103,14
103,16
103,20
104,1
104,6
104,12
104,14
104,16
104,19
104,20
105,1
105,13
105,14
105,19
105,20
106,1
106,6
106,13
106,14
106,16
106,18
106,20
107,1
107,6
107,12
107,13
107,14
107,16
107,20
108,1
109,1
109,6
109,12
109,14
109,16
109,20
110,1
110,14
110,19
110,20
111,6
111,12
111,13
111,14
111,16
111,19
111,20
112,1
112,6
112,14
112,19
112,20
113,1
113,16
114,1
114,6
114,12
114,14
114,19
114,20
115,1
115,14
115,16
115,19
115,20
116,1
116,14
117,1
117,4
117,14
117,19
117,20
118,1
118,14
118,16
118,18
118,19
118,20
119,1
119,14
119,16
120,1
120,14
120,16
120,18
120,19
120,20
121,1
121,6
121,13
121,14
121,20
122,1
122,14
123,1
123,6
123,12
123,14
123,18
124,1
124,6
124,14
124,20
125,1
125,6
125,12
125,13
125,14
125,18
125,19
125,20
126,1
126,6
126,12
126,13
126,14
126,18
126,19
126,20
127,1
127,6
127,12
127,14
127,16
127,19
127,20
128,1
128,6
128,12
128,14
128,16
128,20
129,1
129,6
129,12
129,14
130,14
130,19
130,20
131,1
131,14
131,20
132,1
132,6
132,12
132,13
132,14
132,18
132,19
132,20
133,1
133,14
133,16
133,18
133,20
134,1
134,20
135,1
135,6
135,13
135,14
135,19
135,20
136,1
136,6
136,14
136,19
136,20
137,1
137,6
137,14
137,19
137,20
138,1
138,6
138,14
138,16
139,1
139,6
139,13
139,14
139,19
139,20
140,1
140,9
140,14
140,16
140,18
140,19
140,20
141,1
141,6
141,16
141,19
141,20
142,1
142,6
142,9
142,15
142,19
142,20
143,1
143,13
143,14
143,16
143,20
144,1
144,6
144,12
144,14
144,16
144,18
145,1
145,12
145,14
145,16
146,1
146,14
146,16
147,1
147,14
147,16
147,20
148,1
148,6
148,14
149,1
149,14
149,16
150,1
150,14
150,16
151,1
151,14
152,1
152,14
153,1
153,6
153,13
153,14
153,16
154,1
154,14
154,16
154,18
155,1
155,14
155,18
155,20
156,6
156,14
157,12
157,14
157,18
158,1
158,6
158,14
158,18
159,6
159,14
159,16
159,20
160,1
160,14
160,18
160,20
161,1
161,14
161,15
161,18
162,6
162,12
162,16
162,20
163,1
163,14
164,1
164,6
164,14
164,16
164,18
164,20
165,6
165,14
166,6
166,13
166,14
166,18
166,20
167,6
167,13
167,16
167,18
168,6
168,13
168,14
168,18
169,16
170,6
170,9
170,14
171,1
171,14
171,18
171,20
172,1
172,13
172,14
172,16
172,20
173,1
173,6
173,12
174,1
174,14
174,16
175,1
175,14
176,1
176,9
176,18
177,1
177,9
178,1
178,14
178,20
179,1
179,9
179,14
180,1
180,15
181,1
181,9
181,14
182,1
182,13
182,14
183,1
183,6
183,12
183,14
183,19
183,20
184,1
184,14
184,20
185,1
185,14
185,20
186,1
186,9
186,14
187,1
187,14
187,16
187,19
187,20
188,1
188,14
188,20
189,1
189,9
189,14
189,19
189,20
190,1
190,9
190,14
191,1
191,14
191,20
192,1
192,14
192,20
193,1
193,9
193,14
193,16
193,18
193,20
194,6
194,14
195,1
195,6
195,12
195,14
196,1
196,6
196,9
196,12
196,14
196,19
197,1
197,6
197,13
197,14
197,19
197,20
198,1
198,6
198,13
198,14
198,19
198,20
199,1
199,6
199,19
200,1
200,6
200,13
200,14
200,15
200,19
201,1
201,20
202,1
202,14
202,20
203,1
203,13
204,1
204,9
204,12
204,14
204,20
205,1
205,14
205,20
206,1
206,6
206,14
206,20
207,1
207,14
207,16
207,20
208,1
208,14
208,20
209,1
209,14
209,20
210,1
210,14
210,16
210,20
211,1
211,14
211,18
212,1
212,13
212,14
212,18
212,20
213,1
213,9
213,14
214,1
214,20
215,1
215,6
215,18
215,20
216,1
216,6
216,13
216,14
217,1
217,14
217,18
218,1
218,6
219,1
219,14
219,20
220,1
220,6
220,19
220,20
221,1
221,6
221,14
221,18
221,20
222,1
222,6
222,14
222,18
223,1
224,1
224,14
224,18
224,20
225,1
225,6
225,14
225,16
225,18
225,20
226,1
226,6
226,12
226,14
226,18
226,20
227,1
227,6
227,14
227,16
227,20
228,1
228,6
228,14
228,20
229,1
229,6
229,12
229,14
229,20
230,1
230,6
230,13
230,14
230,20
231,1
231,6
231,14
231,18
231,20
232,1
232,20
233,1
233,6
233,14
233,20
234,1
234,6
234,20
235,1
235,6
235,14
235,16
235,20
236,1
236,6
236,14
236,19
237,1
237,16
237,19
238,1
238,13
238,14
239,1
239,6
240,1
240,6
240,14
240,19
241,1
242,1
242,6
242,13
243,1
243,6
243,12
243,13
243,14
243,16
243,18
243,20
244,1
244,14
245,1
245,14
246,1
246,6
246,14
246,18
247,1
247,6
247,12
247,13
247,14
247,18
248,1
248,14
248,16
248,18
249,1
249,6
249,12
249,14
249,16
249,18
249,20
250,1
250,14
251,1
251,14
251,18
251,20
252,1
252,20
253,1
253,13
253,14
254,1
254,6
254,12
254,13
254,14
254,18
254,20
255,1
255,12
255,13
255,14
255,20
256,1
256,6
256,12
256,18
257,1
257,14
257,16
258,1
258,6
258,12
258,13
258,14
258,20
259,1
259,14
260,1
260,14
260,18
261,1
261,6
261,14
261,16
261,20
262,1
262,6
262,12
262,14
262,16
263,6
263,12
263,14
264,1
264,12
264,14
265,1
265,6
265,12
265,14
265,18
266,1
266,6
266,12
266,14
266,18
266,20
267,1
267,6
267,14
267,16
267,20
268,1
268,9
269,1
269,6
269,14
269,16
270,1
270,6
270,14
270,18
270,20
271,1
271,14
271,18
271,20
272,1
272,14
272,20
273,1
273,6
273,14
273,18
274,1
274,14
274,20
275,1
275,14
275,16
275,20
276,1
276,18
277,1
277,6
277,12
277,13
277,14
277,18
277,20
278,1
278,14
278,20
279,1
279,6
279,12
279,14
279,18
280,1
280,13
280,14
280,18
281,1
281,14
281,16
281,20
282,1
282,6
282,13
282,14
282,16
283,1
283,6
284,14
284,20
285,1
285,6
285,9
285,14
285,16
286,13
287,1
287,14
287,15
287,20
288,1
288,6
288,13
288,14
288,16
288,18
288,19
288,20
289,1
289,6
289,14
289,16
289,18
290,1
290,6
290,14
291,1
291,14
291,16
291,20
292,1
292,6
292,12
292,14
292,20
293,1
293,9
293,16
294,6
294,13
294,14
294,18
294,20
295,6
295,20
296,1
296,14
297,1
297,16
298,1
298,13
298,14
298,16
298,18
298,20
299,6
299,16
299,18
300,6
300,14
300,18
301,1
301,13
301,14
301,16
301,18
301,20
302,6
302,14
302,18
303,6
304,1
304,6
304,13
304,14
304,18
304,20
305,14
305,18
306,1
306,9
307,1
308,1
308,9
309,1
309,9
310,1
311,1
311,9
312,1
313,1
313,14
313,16
313,20
314,1
314,20
315,1
315,9
316,1
316,17
317,1
317,14
318,1
318,9
319,1
319,9
320,1
320,9
321,1
321,14
322,1
322,9
323,1
323,14
323,15
323,16
323,20
324,1
324,9
325,1
325,9
325,14
325,20
326,1
326,9
327,1
327,9
328,1
328,9
329,1
329,9
329,14
330,1
330,9
331,1
331,6
331,12
331,14
331,16
331,18
331,19
331,20
332,1
332,6
332,14
332,20
333,1
333,6
334,1
334,6
335,1
335,6
335,14
335,16
335,18
336,1
336,16
336,19
336,20
337,1
337,6
337,13
337,14
337,18
338,1
338,16
339,1
339,6
339,13
339,14
339,16
339,18
340,14
340,16
340,18
341,1
341,14
341,16
342,6
342,14
342,18
343,1
343,9
343,14
344,1
344,14
344,16
344,19
345,14
345,16
345,18
345,20
346,6
346,14
346,16
346,18
346,20
347,6
347,14
347,16
347,18
348,1
348,14
348,16
348,18
349,1
349,14
349,16
350,1
350,6
350,13
350,14
350,19
351,1
351,6
351,13
351,14
351,18
351,19
352,1
352,6
352,9
352,14
352,16
353,1
353,14
353,16
353,19
354,1
354,9
355,1
355,6
355,14
355,18
355,20
356,1
356,6
356,7
357,1
357,6
357,16
357,19
357,20
358,1
358,20
359,1
359,9
359,14
360,1
360,9
361,1
361,6
361,9
361,14
362,1
363,1
363,6
363,9
363,15
364,1
364,9
364,14
364,20
365,1
365,12
365,14
365,19
365,20
366,1
366,19
366,20
367,1
367,14
367,18
367,20
368,1
368,9
368,20
369,1
369,14
370,1
370,14
370,19
370,20
371,1
371,14
371,18
371,20
372,1
372,14
372,18
372,20
373,1
373,14
373,20
374,1
374,6
374,13
374,14
374,18
374,20
375,1
375,16
375,19
376,1
376,6
376,12
376,14
376,18
376,19
376,20
377,1
377,13
377,14
377,18
377,19
377,20
378,1
378,13
378,14
378,16
378,19
378,20
379,1
379,13
379,14
379,18
379,20
380,1
380,16
380,20
381,1
381,6
381,13
381,14
381,16
381,19
381,20
382,1
382,6
382,13
382,14
382,15
382,16
382,20
383,1
383,6
383,9
383,20
384,1
384,9
384,14
385,1
385,9
385,14
385,20
386,14
387,1
387,6
387,13
387,14
387,18
387,20
388,1
388,6
388,9
388,14
388,19
389,1
389,6
389,14
389,19
389,20
390,1
390,6
390,20
391,1
391,6
391,12
391,13
391,14
392,14
393,1
393,6
393,13
393,14
393,20
394,14
395,1
396,1
396,14
396,20
397,1
397,13
397,14
397,20
398,6
398,12
398,14
398,20
399,1
399,14
399,20
400,9
400,14
401,1
401,6
401,9
401,14
401,20
402,14
403,6
403,12
403,13
403,14
403,20
404,1
404,9
404,13
404,14
404,16
404,20
405,1
405,19
406,1
406,14
406,16
406,19
407,1
407,5
407,19
407,20
408,1
408,14
408,16
408,19
408,20
409,1
409,14
409,19
410,1
410,9
410,14
410,19
411,9
411,14
411,16
411,18
412,1
412,9
413,1
413,17
414,1
414,9
415,1
415,9
416,1
416,6
416,14
417,1
417,9
417,18
418,1
418,9
419,1
419,9
420,1
420,9
420,17
421,1
421,9
421,17
422,1
422,9
423,1
424,1
425,1
425,9
426,1
426,9
427,1
427,9
427,15
428,1
428,17
429,1
429,6
429,20
430,1
430,9
431,1
431,9
432,1
432,9
432,15
433,1
433,8
433,9
434,1
434,9
434,17
435,1
435,9
436,1
436,6
436,9
437,1
437,6
437,9
438,1
438,6
438,17
438,19
439,1
439,9
440,1
440,9
441,1
441,17
442,1
442,9
443,1
443,9
443,17
444,1
444,9
444,16
444,17
445,1
445,13
445,14
445,18
445,20
446,1
446,6
446,14
446,16
446,20
447,6
447,14
447,16
447,19
447,20
448,1
448,6
448,13
448,14
449,1
449,16
450,1
450,6
450,14
450,16
450,20
451,6
451,12
451,14
451,16
451,18
451,19
451,20
452,1
452,6
452,16
453,1
453,6
454,6
454,12
454,14
454,18
454,20
455,1
455,6
455,13
455,14
455,20
456,1
456,6
456,13
456,14
456,18
457,1
457,13
457,14
457,20
458,16
459,1
459,14
459,16
459,20
460,1
460,14
460,20
461,1
461,9
462,16
462,18
463,1
463,6
463,12
463,16
463,18
463,20
464,1
464,14
464,16
465,1
465,6
465,9
465,13
465,20
466,1
466,14
466,16
466,18
466,20
467,14
467,15
468,1
468,6
468,14
468,16
468,18
468,19
469,1
469,6
469,12
469,14
469,18
469,20
470,14
470,16
470,18
470,20
471,1
471,14
471,18
471,20
472,1
472,18
473,1
473,14
473,16
473,20
474,1
474,6
474,16
474,18
474,20
475,6
475,12
475,14
475,18
475,20
476,1
476,6
476,14
477,1
477,14
477,16
478,1
479,6
479,13
479,20
480,1
480,14
480,16
480,20
481,1
481,13
481,14
481,18
481,20
482,6
482,18
482,20
483,6
483,12
483,13
483,14
484,1
484,14
484,16
484,20
485,1
485,6
485,14
486,1
487,6
487,12
487,20
488,6
488,12
488,18
489,6
489,12
489,13
489,14
489,20
491,6
491,12
491,14
491,16
491,20
492,1
492,14
494,6
494,12
494,14
494,18
495,1
495,6
495,12
495,13
495,18
495,19
495,20
496,1
496,14
496,19
496,20
497,1
497,9
497,14
497,15
497,19
497,20
498,6
498,12
498,13
498,14
498,20
499,1
499,14
499,20
500,1
500,14
500,20
501,1
501,6
501,14
501,20
502,12
502,14
502,20
503,1
503,14
503,20
504,1
504,13
504,19
504,20
505,1
505,14
505,19
505,20
506,1
506,14
506,16
506,19
507,6
507,12
507,14
507,20
508,1
508,6
508,12
508,13
508,14
508,16
508,20
509,1
509,12
509,14
509,20
510,1
510,14
510,20
511,6
511,14
511,19
511,20
512,1
512,14
512,20
513,1
513,6
513,12
513,14
513,18
513,20
514,1
514,14
514,16
515,1
515,14
515,16
516,1
516,13
516,14
516,19
516,20
517,1
517,14
518,1
518,14
518,20
519,1
519,6
519,12
519,13
519,14
519,16
520,1
520,14
520,20
521,1
521,14
521,18
521,20
522,1
522,6
522,13
522,14
522,16
522,20
523,1
523,14
523,19
523,20
524,1
524,6
524,12
524,14
524,20
525,1
525,14
525,20
526,1
526,6
526,12
526,14
526,20
527,1
527,14
527,19
527,20
528,1
528,14
528,19
528,20
529,14
529,16
530,1
530,6
530,12
530,13
530,14
530,18
530,19
530,20
531,1
531,6
531,12
531,14
531,18
531,20
532,1
532,6
532,14
532,20
533,1
533,6
533,12
533,13
533,14
533,16
533,20
534,6
534,13
534,14
535,1
535,14
535,19
535,20
536,1
536,6
536,14
536,20
537,1
537,19
537,20
538,1
538,6
538,13
538,16
538,20
539,1
539,6
539,14
539,20
540,1
540,6
540,12
540,14
540,20
541,13
541,14
541,19
541,20
542,6
542,13
542,14
543,1
543,6
543,12
543,14
543,16
543,19
544,1
544,6
544,14
544,19
544,20
545,6
545,18
545,19
545,20
546,1
546,14
546,16
546,20
547,1
547,6
547,14
547,20
548,1
548,6
548,12
548,14
548,18
548,20
549,1
549,6
549,14
549,16
549,19
549,20
550,1
550,6
550,12
550,13
550,14
550,16
550,19
551,1
551,6
551,12
551,14
552,1
552,14
552,19
553,1
553,6
553,13
553,14
553,20
554,1
554,14
554,19
555,1
555,14
555,20
556,1
556,14
556,19
556,20
557,1
557,6
557,14
557,20
558,13
558,14
558,19
558,20
559,1
559,6
559,14
559,16
559,18
559,20
560,1
560,6
560,12
560,14
560,16
560,19
560,20
561,6
561,12
561,13
561,14
562,1
562,6
562,12
562,13
562,14
562,19
562,20
563,1
563,6
563,14
563,20
564,1
564,6
564,12
564,13
564,14
564,18
564,19
564,20
565,1
565,6
565,18
565,20
566,1
566,6
566,12
566,14
566,18
567,1
567,6
567,14
567,16
567,19
567,20
568,1
568,6
568,14
568,19
569,1
569,6
569,14
569,16
569,19
569,20
570,1
570,14
570,19
571,1
571,9
571,19
571,20
572,1
572,13
572,14
572,19
572,20
573,1
573,14
573,16
574,1
574,16
574,20
575,1
575,6
575,16
575,19
575,20
576,1
576,6
576,13
576,14
576,19
576,20
577,1
577,6
577,14
577,19
577,20
578,1
578,14
578,20
579,1
579,6
579,9
579,14
579,19
579,20
580,1
580,6
580,14
580,19
580,20
581,1
581,6
581,13
581,14
581,20
582,1
582,4
582,13
582,14
582,20
583,1
583,14
583,20
584,1
584,13
584,14
584,18
584,19
584,20
585,1
585,6
585,12
585,13
585,14
585,18
585,20
586,1
586,6
586,16
586,18
587,1
587,6
587,12
587,13
587,14
587,16
587,20
588,1
589,1
589,14
589,20
590,1
590,6
590,13
590,14
590,18
591,1
591,6
591,12
591,14
591,16
591,18
591,19
591,20
592,6
592,14
592,16
592,18
593,6
593,13
593,14
593,18
594,1
594,14
594,19
594,20
595,1
595,6
595,14
595,18
595,19
595,20
596,14
596,16
597,14
597,18
597,19
598,1
598,6
598,14
598,18
599,6
599,12
599,14
599,16
599,18
599,20
600,1
600,14
601,1
601,6
601,14
601,18
601,19
602,1
602,6
602,13
602,14
602,16
602,18
603,1
603,6
603,14
603,18
604,1
604,6
604,12
604,14
604,18
604,20
605,1
605,9
605,13
605,14
606,14
606,16
606,18
607,1
607,6
607,14
607,16
607,20
608,1
608,19
609,1
609,14
610,1
610,18
611,6
611,14
611,18
612,1
612,6
612,14
612,16
612,20
613,6
613,14
613,18
614,1
614,14
614,19
615,1
615,14
615,19
615,20
616,1
616,6
616,13
616,15
616,19
616,20
617,1
617,6
617,9
617,14
617,19
617,20
618,1
618,6
618,9
618,15
618,19
619,1
619,6
619,9
619,15
619,19
620,1
620,9
620,19
621,1
621,6
621,14
621,20
622,6
622,16
623,1
623,16
624,1
624,12
624,14
625,6
625,14
625,16
625,20
626,6
626,9
626,12
626,14
626,20
627,1
627,6
627,12
627,16
628,1
628,6
628,12
628,14
628,16
628,20
629,1
629,16
629,20
630,1
630,6
630,12
630,14
630,16
630,20
631,1
632,1
632,16
632,20
633,1
633,14
633,16
634,1
634,20
635,1
636,1
636,19
636,20
637,1
637,14
637,16
638,1
638,16
639,1
639,14
639,16
640,6
640,12
640,20
641,14
641,18
641,20
642,1
642,14
642,16
642,20
643,1
643,20
644,1
644,14
644,16
644,18
644,20
645,1
645,9
645,14
645,15
645,18
645,20
646,1
646,6
646,12
646,14
646,16
646,20
647,1
647,16
648,1
648,13
648,14
648,16
648,18
648,20
649,1
650,1
650,14
650,19
650,20
651,6
651,14
651,16
651,18
652,6
653,1
654,6
654,14
654,18
655,6
655,13
655,14
656,13
656,18
657,1
657,6
657,12
657,13
657,14
657,18
657,20
658,1
658,14
659,1
659,6
659,14
659,20
660,6
661,6
661,14
661,18
662,6
662,13
662,16
662,18
663,6
663,14
663,18
664,1
664,6
664,12
664,13
664,14
664,18
664,20
665,6
665,14
665,18
666,6
666,14
666,16
666,18
667,1
667,14
667,20
668,18
669,1
669,18
670,1
670,6
670,12
670,13
671,1
671,6
671,13
671,20
672,6
672,14
672,18
673,6
673,14
673,18
674,1
674,18
675,1
675,14
676,14
677,14
677,18
678,6
678,12
678,13
678,14
678,20
679,14
679,18
679,20
680,1
680,14
680,20
681,6
681,12
681,20
682,14
682,18
683,6
683,13
683,14
683,18
685,6
685,18
687,1
688,14
688,16
689,1
689,6
689,18
690,1
690,6
690,16
691,6
691,12
691,20
692,1
693,6
694,1
694,6
695,6
695,13
696,1
696,14
696,20
697,14
698,6
698,14
699,6
699,16
699,18
700,14
700,20
701,6
701,14
701,16
701,18
702,6
702,12
702,18
703,6
703,14
703,18
704,6
705,1
705,6
705,12
705,14
705,16
705,20
707,1
707,18
708,6
708,14
708,20
709,1
709,6
709,14
709,18
709,20
710,14
711,6
711,16
712,6
713,1
713,13
713,16
713,18
714,1
714,13
714,14
714,18
715,1
715,14
715,18
716,18
717,1
717,9
717,16
717,18
717,19
718,1
718,13
718,16
718,18
719,1
719,14
719,18
720,1
720,6
720,14
720,16
720,18
721,1
721,13
721,18
722,1
722,6
722,13
722,18
722,20
723,1
723,18
723,19
724,1
724,6
724,13
724,14
724,18
724,20
725,1
725,13
726,1
726,13
726,19
726,20
727,1
727,6
727,16
727,19
728,1
728,6
728,12
728,13
728,16
728,18
729,1
729,9
730,1
730,16
731,1
731,14
731,18
732,1
732,14
732,16
732,18
732,20
733,16
734,1
734,16
734,18
734,20
735,1
735,14
736,1
737,1
737,9
738,9
739,1
739,14
740,1
740,9
741,1
741,9
742,1
742,4
743,1
743,6
744,1
744,9
745,13
745,20
746,1
746,9
746,14
747,1
747,20
748,1
748,14
748,18
748,19
748,20
749,1
749,9
749,14
750,1
750,14
751,1
751,18
752,1
752,9
752,14
752,16
752,20
753,1
753,9
753,14
753,18
754,1
754,9
754,20
755,14
755,18
756,1
756,9
756,14
756,15
756,16
757,1
757,14
757,18
758,1
758,14
759,1
759,16
760,1
760,9
760,20
761,1
761,14
761,18
761,20
762,1
762,4
762,18
763,1
763,9
763,20
764,1
764,9
764,14
765,1
765,9
765,15
766,1
766,9
766,15
767,1
767,9
768,1
769,1
769,4
769,16
769,18
770,1
770,9
771,1
771,20
772,1
772,14
772,20
773,1
773,14
773,18
773,20
774,1
774,14
775,1
775,9
775,14
775,20
776,1
776,9
776,14
776,15
777,1
777,18
778,1
778,16
778,20
779,1
779,9
780,1
780,9
781,1
781,9
782,1
782,20
783,1
783,16
784,1
784,9
785,1
785,18
786,1
786,9
787,1
787,9
787,15
788,1
788,9
789,1
789,14
790,1
790,15
791,1
791,14
792,1
792,18
793,1
793,9
793,14
793,18
793,20
794,1
794,14
794,19
794,20
795,1
795,19
795,20
796,1
796,9
796,18
796,20
797,1
797,9
797,14
797,20
798,1
798,9
798,18
798,20
799,1
799,14
799,18
799,20
800,1
800,16
800,18
801,1
801,9
801,14
801,20
802,1
802,9
802,19
802,20
803,1
803,9
803,14
803,15
804,1
805,1
805,9
805,14
805,16
805,18
805,20
806,1
806,9
806,14
806,18
806,20
807,1
807,9
807,16
807,18
808,1
808,14
808,16
808,20
809,1
809,12
809,13
809,18
810,1
810,14
810,18
810,19
810,20
811,1
812,1
812,9
812,10
812,18
812,20
813,1
813,14
813,19
813,20
814,1
814,9
815,1
815,16
816,1
816,9
816,18
818,1
818,9
818,20
819,1
819,14
820,1
820,5
821,1
822,1
822,5
823,19
824,1
824,18
825,1
825,14
825,18
825,19
825,20
826,1
826,14
826,18
826,19
826,20
827,1
827,19
828,1
828,20
829,1
829,18
830,16
830,18
831,1
831,6
831,16
831,18
831,19
831,20
832,1
832,18
833,1
833,6
833,14
833,16
833,18
834,1
834,13
834,14
834,16
834,18
835,1
835,6
835,13
835,14
835,16
835,18
836,1
836,13
836,14
836,16
836,18
837,1
837,13
837,14
837,16
837,18
838,1
838,20
839,1
839,6
839,12
839,13
839,14
839,16
839,18
839,19
840,1
840,6
840,9
840,12
840,13
840,14
840,16
840,18
840,19
841,1
841,6
841,14
841,16
841,18
841,19
842,1
842,20
843,1
843,6
843,19
844,1
844,6
844,11
844,18
845,1
845,6
845,14
845,20
846,6
847,1
847,6
848,1
848,6
848,9
849,1
849,6
849,9
849,14
849,16
849,19
850,1
850,6
850,9
851,6
851,14
851,16
851,19
851,20
852,1
852,6
852,9
852,12
852,19
853,1
853,6
853,13
853,16
853,19
853,20
854,1
854,14
855,1
855,6
855,13
855,18
855,20
856,1
856,6
856,9
857,1
857,12
857,14
858,1
858,6
858,14
859,1
859,12
859,14
859,16
860,1
860,6
860,13
860,14
860,19
860,20
861,1
861,6
862,1
862,9
862,14
862,19
863,1
863,6
863,7
864,1
864,18
865,1
865,6
866,1
866,9
867,1
867,6
867,9
867,16
867,18
867,20
868,7
869,1
869,6
870,1
870,6
870,9
871,1
871,6
871,13
871,18
871,19
871,20
872,1
872,6
873,1
873,6
873,13
873,14
873,19
873,20
874,1
874,6
874,12
875,1
875,9
875,15
876,1
876,9
876,18
877,1
877,20
878,1
878,20
879,1
879,6
879,14
880,1
880,20
881,1
881,6
881,14
881,20
882,1
882,20
883,1
883,6
883,20
884,1
884,14
886,1
886,6
886,14
886,19
886,20
887,1
888,1
888,9
888,20
889,1
889,20
890,1
891,1
891,9
891,15
892,1
892,6
892,13
893,1
893,6
893,13
893,14
894,1
894,13
894,18
894,20
895,1
895,6
895,12
895,14
895,16
895,18
896,1
897,1
898,1
900,1
901,1
901,6
901,18
902,1
903,1
903,6
904,1
904,20
905,1
905,6
905,18
905,20
906,1
907,1
907,9
908,1
908,18
909,1
909,9
909,18
910,1
910,20
911,1
911,20
912,1
912,6
912,20
913,1
913,18
914,1
914,20
915,1
915,9
916,1
916,6
916,12
917,1
917,20
918,1
919,1
919,13
919,14
920,1
920,18
921,1
921,6
922,1
922,20
923,1
923,18
923,20
925,1
926,1
926,6
927,1
927,20
928,1
928,18
928,20
929,1
930,1
931,1
931,6
931,12
931,13
931,20
932,1
932,6
932,12
932,18
932,20
933,1
933,6
933,14
933,20
934,1
934,6
934,12
934,13
935,1
935,6
935,16
935,20
936,1
936,9
936,15
937,1
938,1
938,9
939,1
939,14
940,6
940,13
941,1
941,14
941,20
942,1
942,14
942,18
942,20
943,1
943,14
943,20
944,1
944,16
944,20
945,1
946,1
946,14
947,1
947,18
948,1
948,6
948,13
948,18
948,20
949,1
949,20
950,1
950,20
951,1
951,6
951,14
951,18
951,20
952,1
952,14
953,1
953,16
954,1
954,20
955,1
955,14
955,18
956,1
956,9
957,1
957,18
958,1
958,20
959,1
960,1
960,9
960,14
960,15
960,20
961,1
962,1
962,6
962,14
962,18
962,20
963,1
963,6
964,1
964,20
965,1
965,6
965,13
965,20
966,1
966,9
966,14
966,15
966,20
967,1
967,20
968,1
968,20
969,1
969,18
969,20
970,1
970,6
971,1
971,9
972,1
972,14
973,1
973,9
973,18
974,1
974,14
975,1
975,6
975,14
975,16
975,20
976,1
976,15
976,20
977,1
977,20
978,1
978,6
978,14
978,20
979,1
980,1
980,14
981,1
981,16
981,20
982,1
982,6
982,13
982,14
982,20
983,1
984,1
984,14
984,20
985,1
985,20
986,1
986,6
987,1
987,6
987,18
988,1
988,18
989,1
989,6
989,14
989,20
990,1
990,20
991,1
991,9
991,20
992,1
992,9
992,20
993,1
993,14
994,1
994,6
994,10
994,12
994,14
994,20
995,1
996,1
997,1
997,9
997,20
998,1
999,1
999,18
999,20
1000,1
1000,14
1000,19
1000,20
1001,1
1001,6
1001,12
1001,14
1001,18
1002,1
1003,1
1003,20
1004,1
1004,18
1005,1
1006,1
1006,13
1006,14
1006,20
1007,1
1007,20
1008,1
1008,9
1008,14
1009,13
1009,18
1010,1
1010,6
1010,18
1011,1
1011,13
1012,1
1012,14
1012,20
1013,1
1013,20
1014,1
1015,1
1015,20
1016,1
1016,6
1016,13
1016,14
1016,20
1017,1
1017,6
1017,14
1017,16
1017,18
1017,20
1018,1
1018,6
1018,13
1018,18
1018,20
1019,1
1020,1
1020,16
1020,20
1021,1
1021,20
1022,1
1022,18
1023,1
1023,14
1023,20
1024,1
1024,6
1024,13
1024,20
1025,1
1025,20
1026,1
1026,15
1027,1
1027,14
1028,1
1029,1
1029,14
1030,1
1030,6
1030,9
1031,1
1031,16
1031,20
1032,1
1032,13
1032,14
1033,1
1033,20
1034,1
1034,20
1035,1
1036,1
1037,1
1037,6
1037,16
1037,18
1038,1
1038,6
1038,18
1039,1
1039,20
1040,1
1040,20
1041,1
1042,1
1042,18
1042,19
1042,20
1043,1
1043,6
1043,12
1043,13
1043,14
1043,15
1043,20
1044,1
1044,6
1044,13
1045,1
1046,1
1046,14
1046,16
1046,20
1047,1
1047,18
1047,20
1048,1
1048,6
1048,14
1048,18
1048,20
1049,1
1049,6
1049,12
1049,13
1049,14
1049,20
1050,1
1051,1
1051,20
1052,20
1053,1
1053,20
1054,1
1054,6
1054,14
1054,18
1055,1
1055,14
1055,20
1056,1
1056,18
1057,1
1057,9
1058,1
1058,20
1059,1
1060,1
1060,9
1061,9
1062,1
1063,1
1063,6
1063,13
1063,18
1064,1
1064,14
1064,20
1065,1
1065,9
1065,20
1066,1
1067,1
1067,13
1067,18
1068,1
1069,1
1069,6
1069,18
1070,1
1070,6
1070,13
1070,20
1071,1
1071,9
1071,18
1071,20
1072,1
1072,6
1072,16
1073,1
1073,14
1073,18
1073,20
1074,1
1074,9
1074,16
1074,20
1075,1
1075,18
1076,1
1076,6
1076,14
1076,20
1077,1
1077,14
1078,1
1078,6
1078,18
1078,19
1078,20
1079,1
1079,20
1080,1
1080,20
1081,1
1081,4
1081,14
1081,18
1081,20
1082,1
1083,1
1083,13
1083,14
1083,18
1083,20
1084,1
1085,1
1085,9
1086,1
1087,1
1087,6
1087,13
1087,14
1087,20
1088,1
1088,6
1088,13
1088,18
1088,20
1089,1
1089,9
1090,1
1090,6
1090,20
1091,1
1091,6
1091,20
1092,1
1092,13
1092,19
1092,20
1093,1
1093,20
1094,1
1094,14
1095,1
1095,14
1095,16
1095,18
1096,1
1096,9
1097,1
1098,1
1098,6
1098,20
1099,1
1099,18
1099,20
1100,1
1100,18
1100,20
1101,1
1101,9
1101,20
1102,1
1102,20
1103,1
1103,6
1103,20
1104,1
1105,1
1105,9
1105,18
1105,20
1106,1
1106,20
1107,1
1107,14
1107,15
1107,19
1108,1
1108,6
1108,20
1109,1
1109,14
1109,20
1110,1
1110,14
1111,1
1111,20
1112,1
1112,6
1112,18
1112,20
1113,1
1113,20
1114,1
1114,18
1114,20
1115,1
1115,16
1115,20
1116,1
1116,6
1116,20
1117,1
1117,6
1117,14
1118,1
1118,4
1118,6
1118,16
1118,19
1118,20
1119,1
1119,16
1119,19
1119,20
1120,1
1120,6
1121,1
1121,6
1121,9
1122,1
1122,6
1123,1
1123,6
1123,14
1123,19
1123,20
1124,1
1124,6
1124,19
1125,1
1125,6
1126,1
1127,1
1127,6
1127,14
1127,16
1127,18
1127,20
1128,1
1129,1
1129,6
1129,20
1130,1
1130,6
1130,13
1130,14
1130,19
1131,1
1131,6
1131,14
1131,18
1131,19
1131,20
1132,1
1132,6
1132,13
1132,14
1132,19
1133,1
1133,6
1133,13
1133,14
1133,20
1134,1
1134,6
1135,1
1135,6
1135,14
1135,20
1136,1
1136,6
1136,19
1137,1
1137,6
1137,20
1138,1
1138,6
1138,14
1138,16
1138,19
1138,20
1139,1
1139,14
1139,19
1140,1
1140,6
1140,9
1141,1
1141,6
1141,14
1141,20
1142,1
1142,6
1142,20
1143,1
1143,6
1143,14
1143,20
1144,1
1144,6
1144,14
1145,1
1145,6
1145,14
1145,18
1145,20
1147,1
1147,7
1148,1
1148,6
1149,1
1149,6
1150,1
1150,6
1150,18
1150,20
1151,1
1151,6
1151,13
1152,1
1152,6
1152,14
1153,1
1153,6
1154,1
1154,6
1154,20
1155,1
1155,6
1155,18
1155,19
1156,1
1156,6
1156,13
1156,14
1156,16
1156,20
1157,1
1157,6
1158,1
1158,13
1158,14
1158,19
1159,1
1159,6
1159,19
1160,1
1160,9
1161,1
1161,6
1162,1
1163,1
1163,14
1166,1
1166,6
1166,18
1167,1
1168,1
1169,1
1169,6
1169,9
1169,15
1170,1
1170,6
1170,14
1170,20
1171,1
1171,18
1172,1
1173,14
1173,19
1174,9
1174,18
1174,19
1175,1
1175,14
1175,19
1176,1
1176,6
1176,18
1176,20
1177,1
1177,4
1178,6
1178,18
1179,1
1179,14
1179,20
1180,1
1180,18
1180,20
1181,1
1181,6
1181,12
1181,14
1181,18
1182,1
1182,6
1183,1
1183,6
1183,18
1183,20
1184,6
1184,14
1184,18
1184,20
1185,1
1186,1
1186,16
1186,18
1187,1
1187,9
1187,18
1188,1
1189,1
1189,6
1189,12
1189,14
1189,18
1190,1
1190,14
1190,20
1191,1
1191,13
1191,14
1191,18
1191,20
1192,1
1192,6
1192,12
1192,14
1192,18
1192,20
1193,1
1193,14
1193,18
1194,14
1194,16
1194,18
1195,1
1195,13
1195,18
1196,13
1196,14
1196,18
1196,20
1197,1
1197,6
1197,14
1197,20
1198,1
1198,14
1199,1
1199,18
1200,6
1200,14
1200,18
1201,6
1201,12
1201,14
1201,18
1202,1
1202,14
1202,18
1202,20
1203,1
1203,13
1203,14
1203,18
1204,1
1204,18
1205,1
1205,6
1205,12
1205,13
1205,16
1205,18
1206,1
1206,6
1206,12
1206,18
1206,20
1207,1
1207,9
1207,14
1207,20
1208,6
1208,12
1208,13
1208,14
1209,1
1209,14
1209,18
1210,1
1210,6
1210,12
1210,14
1211,1
1211,6
1211,14
1211,18
1212,14
1213,1
1213,14
1213,20
1214,1
1214,6
1214,14
1214,16
1214,18
1215,6
1215,12
1215,14
1215,16
1215,18
1216,1
1216,6
1216,12
1216,14
1216,20
1217,1
1217,6
1217,12
1217,14
1217,20
1218,1
1218,14
1219,1
1219,14
1219,18
1220,1
1220,6
1220,12
1220,13
1220,14
1220,18
1221,1
1221,12
1221,16
1221,18
1221,20
1222,6
1222,16
1223,1
1223,14
1223,18
1224,1
1224,20
1225,1
1225,6
1225,18
1226,1
1226,6
1226,12
1226,16
1226,18
1226,20
1227,1
1227,6
1227,14
1227,18
1228,6
1228,12
1228,13
1228,18
1229,1
1229,14
1229,16
1230,1
1230,6
1230,18
1230,20
1231,1
1231,6
1231,18
1231,20
1232,1
1232,14
1233,1
1233,6
1233,14
1233,18
1233,20
1234,1
1234,6
1234,12
1234,18
1234,20
1235,6
1235,14
1235,20
1236,1
1236,6
1236,12
1236,14
1236,18
1237,1
1237,6
1237,14
1237,18
1237,20
1238,1
1238,14
1239,1
1239,6
1239,13
1239,14
1239,18
1240,1
1240,6
1240,9
1240,12
1240,13
1240,14
1240,18
1240,19
1241,6
1241,12
1241,14
1241,20
1242,1
1242,14
1243,6
1243,12
1243,16
1243,18
1244,1
1244,6
1244,12
1244,13
1244,14
1244,18
1245,6
1245,12
1245,14
1245,18
1246,1
1247,1
1247,14
1248,1
1248,6
1248,12
1248,14
1248,18
1248,20
1249,1
1249,14
1249,16
1250,1
1250,18
1251,1
1251,13
1251,16
1251,18
1252,1
1252,14
1252,18
1253,6
1253,20
1254,1
1254,6
1254,13
1254,14
1254,18
1255,1
1255,14
1256,1
1256,14
1256,18
1257,1
1257,14
1257,18
1257,20
1258,1
1258,12
1258,13
1258,14
1258,16
1258,18
1259,1
1259,6
1259,18
1260,1
1260,14
1260,20
1261,1
1261,18
1262,1
1262,6
1262,12
1262,14
1262,18
1263,1
1263,13
1263,14
1263,18
1264,1
1264,6
1264,12
1264,14
1264,20
1265,1
1265,14
1266,6
1266,12
1266,14
1267,1
1267,6
1267,12
1267,14
1267,16
1267,18
1267,20
1268,1
1268,6
1268,12
1268,13
1268,18
1268,20
1269,14
1270,1
1271,6
1271,14
1271,18
1272,1
1272,16
1272,20
1273,1
1273,9
1273,14
1273,18
1273,20
1274,6
1274,12
1274,20
1275,1
1275,6
1275,12
1275,13
1275,14
1275,16
1275,18
1276,1
1276,14
1276,16
1276,18
1276,20
1277,1
1277,14
1277,20
1278,1
1278,6
1278,14
1278,18
1278,20
1279,1
1279,6
1279,12
1279,13
1279,14
1279,18
1280,18
1280,20
1281,6
1281,12
1281,13
1281,14
1281,18
1281,20
1282,1
1282,14
1282,16
1283,1
1283,6
1283,12
1283,13
1283,20
1284,1
1284,6
1284,12
1284,14
1285,1
1285,6
1285,14
1285,18
1286,1
1286,14
1286,16
1286,20
1287,1
1287,6
1287,12
1287,14
1287,20
1288,14
1288,16
1289,1
1289,6
1289,13
1289,14
1289,18
1290,1
1290,14
1290,16
1291,1
1291,16
1291,18
1291,20
1292,1
1292,18
1293,6
1293,13
1293,14
1293,18
1293,20
1294,1
1294,6
1294,13
1294,14
1294,16
1294,18
1295,1
1295,12
1295,13
1295,14
1296,1
1296,20
1297,1
1297,14
1297,16
1298,1
1298,6
1298,12
1298,13
1298,14
1298,18
1298,20
1299,1
1299,14
1299,18
1299,20
1300,1
1300,6
1300,20
1301,1
1301,6
1301,12
1301,14
1301,16
1301,18
1302,12
1302,13
1302,16
1302,18
1303,1
1303,18
1303,20
1304,1
1304,14
1304,16
1305,1
1305,14
1306,1
1306,6
1306,12
1306,14
1306,20
1307,1
1307,14
1308,1
1308,6
1308,12
1308,18
1308,20
1309,1
1309,14
1309,18
1310,1
1310,14
1311,1
1311,14
1312,6
1312,14
1312,20
1313,1
1313,6
1313,12
1313,18
1314,12
1314,14
1314,16
1314,18
1315,1
1315,6
1315,12
1315,13
1315,16
1315,18
1315,20
1316,1
1316,14
1316,16
1317,1
1317,12
1317,16
1317,18
1318,1
1318,6
1318,12
1318,14
1319,1
1319,16
1319,18
1320,6
1320,12
1320,14
1321,1
1321,6
1321,12
1321,14
1321,16
1321,18
1321,20
1322,6
1322,13
1322,14
1323,1
1323,6
1323,14
1323,16
1323,18
1323,20
1324,1
1324,14
1324,16
1324,18
1324,20
1325,6
1325,13
1325,14
1325,18
1326,1
1326,14
1326,16
1327,1
1327,6
1327,13
1327,16
1327,18
1327,20
1328,1
1328,6
1328,12
1328,14
1328,16
1328,18
1329,1
1329,6
1329,13
1329,14
1329,16
1329,18
1329,20
1330,6
1330,12
1330,14
1330,18
1331,1
1331,14
1332,1
1332,12
1332,14
1332,18
1333,1
1333,14
1333,18
1334,1
1334,20
1335,1
1335,18
1336,1
1336,6
1336,12
1336,13
1336,14
1336,18
1337,1
1337,14
1337,20
1338,1
1338,9
1338,20
1339,1
1339,14
1339,18
1339,20
1340,1
1340,20
1341,1
1341,14
1341,16
1342,1
1342,20
1343,1
1343,18
1344,1
1344,13
1344,18
1344,20
1345,1
1346,1
1346,6
1346,16
1346,18
1346,20
1347,1
1347,6
1347,16
1347,18
1347,20
1348,1
1348,16
1348,20
1349,1
1349,13
1349,14
1350,1
1350,6
1350,14
1350,20
1351,1
1351,13
1351,18
1351,20
1352,1
1352,6
1352,12
1352,13
1352,18
1353,1
1353,18
1353,20
1354,1
1354,18
1355,1
1355,13
1355,14
1355,16
1355,18
1356,1
1357,1
1357,6
1357,14
1357,18
1357,20
1358,1
1358,9
1358,14
1358,16
1358,18
1358,20
1359,1
1359,14
1359,16
1359,20
1360,1
1360,6
1360,9
1360,13
1360,16
1360,20
1361,1
1361,6
1362,1
1362,18
1362,20
1363,1
1363,6
1363,14
1363,18
1363,20
1364,6
1364,12
1364,18
1365,9
1365,18
1366,1
1366,13
1366,16
1366,18
1366,20
1367,1
1368,1
1368,6
1368,14
1368,18
1369,1
1369,13
1369,14
1369,18
1370,1
1370,13
1370,14
1370,18
1371,1
1371,6
1372,6
1372,18
1373,1
1373,6
1373,14
1373,18
1373,20
1374,1
1374,6
1374,9
1374,12
1374,14
1374,18
1374,20
1375,1
1375,9
1376,1
1376,12
1376,13
1377,6
1377,13
1377,14
1378,14
1378,18
1379,1
1380,1
1380,14
1381,1
1381,6
1381,13
1381,16
1381,18
1381,20
1382,1
1382,18
1382,20
1383,1
1383,14
1383,20
1384,1
1384,6
1384,12
1384,13
1384,14
1384,18
1385,1
1385,14
1386,1
1386,6
1386,18
1386,20
1387,6
1387,12
1387,14
1387,18
1387,20
1388,1
1388,13
1388,18
1389,1
1389,6
1389,14
1389,18
1390,1
1390,12
1390,13
1390,14
1390,18
1391,6
1391,14
1391,20
1392,1
1392,6
1392,13
1392,18
1392,20
1393,1
1394,1
1394,5
1394,18
1395,6
1395,18
1396,1
1396,14
1396,18
1397,20
1398,1
1398,14
1398,18
1398,20
1399,1
1399,6
1399,14
1399,18
1400,1
1400,6
1400,13
1400,18
1401,1
1401,9
1401,14
1401,18
1401,20
1402,1
1402,13
1402,14
1402,16
1402,18
1403,1
1403,9
1403,20
1404,1
1404,16
1404,20
1405,1
1405,6
1405,12
1405,14
1405,16
1405,18
1405,20
1406,1
1406,6
1406,12
1406,13
1406,14
1406,16
1406,18
1406,19
1407,1
1407,20
1408,1
1408,6
1408,20
1409,12
1409,13
1409,14
1409,18
1409,20
1410,1
1410,14
1410,15
1410,20
1411,6
1411,14
1411,18
1411,20
1412,1
1412,6
1412,18
1412,20
1413,1
1413,6
1413,14
1413,18
1414,1
1414,14
1414,16
1414,18
1415,1
1415,16
1415,18
1416,14
1416,18
1417,1
1417,14
1417,16
1417,20
1418,1
1418,6
1418,18
1418,20
1419,1
1419,6
1419,9
1419,14
1419,16
1420,1
1420,14
1421,1
1421,16
1421,20
1422,1
1422,16
1422,18
1423,1
1423,13
1423,14
1424,1
1424,6
1424,12
1424,14
1424,16
1424,20
1425,1
1425,6
1425,12
1425,13
1425,14
1426,1
1426,14
1426,20
1427,1
1427,14
1427,18
1428,1
1428,6
1428,12
1428,13
1428,14
1428,16
1428,18
1428,19
1429,1
1429,14
1429,20
1430,1
1430,18
1431,1
1431,9
1431,14
1432,1
1432,6
1432,14
1433,1
1433,6
1433,12
1433,16
1433,18
1433,20
1434,1
1434,13
1434,16
1434,18
1435,1
1435,6
1435,12
1435,13
1435,14
1435,18
1436,1
1436,6
1436,14
1437,6
1437,13
1437,14
1437,16
1437,18
1438,1
1438,14
1438,16
1439,1
1439,4
1439,12
1439,14
1439,16
1439,18
1439,20
1440,1
1440,13
1440,18
1441,1
1441,6
1441,14
1441,18
1441,20
1442,1
1442,6
1442,18
1442,20
1443,1
1443,6
1444,6
1444,12
1445,1
1445,14
1446,1
1446,20
1447,1
1447,6
1447,12
1447,13
1447,18
1447,20
1448,1
1448,20
1449,6
1449,12
1449,14
1449,20
1450,1
1450,6
1450,14
1450,20
1451,1
1451,6
1451,14
1452,1
1452,14
1453,1
1453,18
1454,1
1454,6
1454,12
1454,13
1454,18
1455,6
1455,12
1456,1
1456,14
1456,18
1457,1
1457,6
1457,12
1457,14
1457,18
1457,20
1458,1
1458,13
1459,1
1459,6
1459,12
1459,14
1459,18
1460,14
1460,20
1461,13
1461,16
1461,18
1462,1
1462,14
1462,20
1463,1
1463,6
1464,1
1464,6
1464,12
1464,14
1464,16
1464,18
1465,1
1465,6
1465,12
1465,13
1465,14
1465,16
1466,1
1466,6
1466,12
1466,14
1466,18
1467,1
1467,6
1467,12
1467,14
1467,15
1468,9
1469,1
1469,18
1470,1
1470,14
1470,20
1471,1
1471,18
1472,14
1472,16
1472,20
1473,18
1474,14
1475,1
1475,20
1476,6
1476,12
1476,14
1476,18
1477,1
1477,6
1477,20
1478,1
1478,14
1478,20
1479,1
1479,14
1479,18
1480,1
1480,6
1480,12
1480,14
1480,16
1481,1
1482,6
1482,12
1482,13
1482,16
1482,18
1482,20
1483,1
1483,6
1483,14
1483,18
1483,20
1484,6
1484,14
1484,20
1485,1
1485,6
1485,12
1485,13
1485,14
1485,16
1485,18
1485,19
1485,20
1486,1
1486,6
1486,12
1486,13
1486,16
1486,18
1487,1
1487,18
1487,20
1488,1
1488,20
1489,1
1489,6
1489,12
1489,13
1489,14
1489,16
1489,18
1490,1
1490,6
1490,12
1491,1
1491,18
1491,20
1492,1
1492,6
1492,14
1492,18
1493,1
1493,6
1493,18
1494,1
1494,14
1494,18
1495,1
1495,16
1496,1
1496,14
1496,18
1496,20
1497,1
1497,14
1498,1
1498,18
1499,1
1499,6
1499,12
1499,13
1499,14
1499,18
1499,20
1500,1
1500,12
1500,14
1500,18
1500,20
1501,1
1501,6
1501,12
1501,13
1501,14
1501,18
1501,20
1502,6
1502,14
1503,1
1503,14
1504,1
1504,6
1504,14
1504,20
1505,1
1505,6
1505,13
1506,6
1506,13
1506,14
1506,18
1506,20
1507,1
1507,12
1507,16
1507,18
1508,1
1508,6
1508,13
1508,14
1508,16
1508,18
1509,1
1509,20
1510,1
1510,14
1510,20
1511,1
1511,14
1511,18
1511,20
1512,6
1512,9
1512,12
1512,13
1512,14
1512,16
1512,18
1513,1
1513,14
1513,18
1514,14
1514,20
1515,6
1515,14
1515,18
1516,1
1516,14
1517,1
1517,6
1517,13
1517,14
1517,18
1517,20
1518,1
1518,6
1518,10
1519,1
1519,6
1519,9
1519,13
1519,15
1519,18
1519,20
1520,1
1520,6
1520,14
1520,18
1520,19
1520,20
1521,1
1521,6
1521,14
1521,18
1521,19
1522,6
1523,1
1523,6
1524,1
1524,6
1525,1
1525,6
1525,9
1526,1
1526,9
1526,15
1526,19
1527,1
1527,6
1527,9
1527,10
1527,14
1527,18
1528,1
1528,19
1530,1
1531,9
1531,14
1531,16
1532,1
1533,14
1533,18
1533,20
1534,1
1534,6
1534,9
1534,16
1535,16
1535,18
1536,6
1536,14
1536,16
1536,18
1536,20
1537,6
1537,18
1538,1
1538,13
1538,14
1538,18
1538,20
1539,6
1539,13
1539,14
1539,18
1540,9
1541,14
1542,9
1543,16
1543,18
1544,12
1544,14
1544,18
1544,20
1545,6
1545,13
1545,14
1545,18
1545,20
1546,1
1546,13
1546,14
1546,20
1547,6
1547,14
1547,20
1548,1
1548,6
1548,12
1548,14
1548,18
1548,20
1549,6
1549,13
1549,18
1550,1
1551,6
1551,14
1551,18
1552,12
1552,13
1552,18
1553,16
1553,18
1553,20
1554,1
1554,16
1554,18
1554,20
1555,6
1555,14
1555,18
1556,1
1556,13
1556,14
1556,15
1556,16
1556,18
1556,20
1557,13
1557,18
1557,20
1558,18
1559,1
1559,14
1559,18
1560,6
1560,13
1560,14
1560,16
1560,20
1561,16
1561,18
1562,1
1562,6
1562,12
1562,16
1562,18
1562,20
1563,1
1563,6
1563,13
1563,14
1563,16
1563,20
1564,16
1564,18
1566,14
1566,16
1566,18
1567,9
1567,18
1568,13
1568,16
1568,18
1569,14
1569,16
1570,14
1570,16
1570,18
1571,1
1571,20
1572,6
1572,14
1572,18
1573,6
1573,13
1573,14
1573,18
1573,20
1574,6
1574,18
1575,6
1575,14
1575,18
1576,1
1576,6
1576,13
1576,16
1576,18
1577,1
1577,14
1577,18
1577,19
1577,20
1578,6
1578,12
1578,13
1578,14
1578,16
1578,18
1579,6
1579,14
1579,18
1580,1
1580,6
1580,13
1580,14
1580,18
1581,13
1581,14
1581,18
1582,6
1582,18
1583,6
1583,12
1583,13
1583,18
1584,6
1584,18
1585,1
1585,6
1585,14
1585,20
1586,1
1586,6
1586,14
1586,18
1587,6
1587,18
1587,20
1588,6
1588,14
1588,16
1589,1
1589,6
1589,18
1590,6
1590,13
1590,14
1590,18
1591,6
1591,14
1591,18
1593,6
1593,16
1594,6
1594,18
1595,1
1595,6
1595,14
1595,16
1595,20
1596,1
1596,6
1596,16
1596,18
1596,20
1597,1
1597,18
1597,20
1598,6
1598,18
1599,6
1599,14
1599,20
1600,1
1600,6
1600,13
1600,14
1600,18
1600,20
1601,16
1601,20
1602,6
1602,19
1603,14
1603,20
1604,16
1604,20
1605,1
1605,6
1605,13
1605,18
1605,20
1606,18
1607,1
1607,6
1607,13
1607,20
1608,6
1608,14
1608,18
1609,14
1609,18
1610,6
1610,12
1610,14
1610,16
1610,20
1611,6
1611,13
1611,16
1611,18
1611,20
1612,6
1612,16
1613,1
1613,6
1613,14
1613,18
1614,6
1614,14
1614,16
1614,18
1615,1
1615,14
1615,16
1615,18
1616,16
1617,6
1617,13
1617,18
1617,20
1618,1
1618,14
1619,16
1619,18
1619,20
1620,18
1621,1
1621,13
1621,16
1621,20
1623,1
1623,20
1624,16
1625,6
1625,18
1625,20
1626,1
1626,14
1627,18
1628,1
1628,6
1628,18
1628,20
1629,13
1629,18
1629,20
1630,16
1631,5
1631,6
1631,14
1631,18
1632,6
1632,16
1632,18
1633,1
1633,14
1634,6
1634,14
1634,18
1634,20
1635,6
1635,18
1636,6
1637,1
1638,1
1638,9
1639,1
1639,9
1640,1
1640,6
1640,14
1640,20
1641,1
1641,9
1642,1
1642,9
1643,1
1644,1
1644,9
1645,1
1645,9
1646,1
1646,9
1647,1
1647,14
1647,20
1648,1
1648,13
1648,18
1649,1
1649,9
1650,1
1650,9
1651,1
1651,6
1651,13
1651,14
1651,18
1651,20
1652,1
1652,14
1652,18
1653,1
1654,1
1654,9
1654,20
1655,1
1655,9
1656,1
1656,6
1656,14
1657,1
1657,9
1658,1
1658,14
1658,16
1659,1
1659,9
1660,1
1660,9
1661,1
1661,9
1662,1
1662,9
1663,1
1663,6
1663,13
1663,14
1663,20
1664,1
1664,9
1665,1
1665,9
1666,1
1666,9
1667,1
1667,9
1668,1
1668,9
1669,1
1669,9
1669,14
1669,20
1670,1
1671,1
1671,9
1672,1
1672,9
1673,1
1673,9
1674,1
1674,9
1674,14
1675,1
1675,9
1676,1
1676,9
1677,1
1677,14
1678,1
1678,9
1679,1
1679,9
1680,1
1680,9
1681,1
1681,9
1682,1
1682,9
1683,1
1683,9
1684,1
1684,9
1685,1
1685,9
1686,1
1686,9
1687,1
1687,9
1688,1
1688,9
1689,1
1689,9
1689,14
1690,1
1690,9
1691,1
1691,6
1691,13
1691,14
1691,20
1692,1
1692,9
1693,1
1693,9
1694,1
1694,20
1695,1
1696,1
1696,9
1696,14
1697,1
1697,9
1698,1
1698,9
1699,1
1700,1
1700,9
1701,1
1701,14
1702,1
1702,9
1703,1
1704,1
1704,9
1704,16
1705,1
1705,16
1705,20
1706,1
1706,9
1707,1
1707,9
1708,1
1708,9
1709,1
1709,14
1710,1
1710,6
1710,16
1710,17
1711,1
1711,9
1712,1
1712,6
1712,13
1712,20
1713,1
1713,9
1714,1
1714,9
1715,1
1715,6
1715,14
1715,16
1715,20
1716,1
1716,6
1717,1
1717,9
1718,1
1718,9
1718,15
1719,1
1719,9
1720,1
1721,1
1721,9
1722,1
1722,9
1723,1
1723,9
1724,1
1724,9
1725,1
1725,9
1726,1
1726,9
1726,14
1727,1
1728,1
1728,9
1729,1
1729,9
1730,1
1730,6
1730,9
1730,14
1730,15
1730,20
1731,1
1731,9
1732,1
1732,14
1733,1
1733,9
1733,14
1734,1
1734,6
1734,20
1735,1
1735,9
1736,1
1736,9
1737,1
1737,9
1738,1
1738,6
1738,20
1739,1
1740,1
1740,9
1741,1
1741,9
1742,1
1742,9
1743,1
1743,9
1744,1
1744,9
1745,1
1745,9
1746,1
1746,9
1747,1
1747,9
1748,1
1748,14
1749,1
1749,8
1749,9
1750,1
1750,9
1751,1
1751,9
1752,1
1752,9
1753,1
1753,9
1754,1
1755,1
1756,1
1756,9
1757,1
1757,9
1758,1
1758,9
1759,1
1759,14
1759,20
1760,1
1760,9
1761,1
1761,14
1761,16
1762,1
1762,9
1762,14
1763,1
1763,9
1764,1
1765,1
1765,9
1766,1
1766,9
1767,1
1767,9
1768,1
1768,14
1768,18
1769,1
1769,6
1769,18
1769,19
1769,20
1770,1
1770,14
1770,16
1771,1
1771,6
1771,14
1771,20
1772,1
1772,6
1773,1
1773,6
1773,12
1773,13
1773,14
1773,20
1774,1
1774,6
1774,19
1775,1
1775,6
1775,20
1776,1
1776,6
1777,1
1777,6
1777,14
1777,18
1777,20
1778,1
1778,6
1778,14
1778,20
1779,1
1779,14
1779,18
1780,1
1780,6
1780,12
1780,19
1780,20
1781,1
1781,6
1781,18
1781,19
1781,20
1782,1
1782,6
1782,14
1782,20
1783,1
1783,6
1783,14
1784,1
1784,6
1784,13
1784,18
1785,1
1785,6
1785,18
1785,20
1786,1
1786,6
1786,20
1787,1
1787,6
1787,18
1787,19
1787,20
1788,1
1788,6
1788,14
1788,16
1788,18
1789,1
1789,6
1789,14
1789,20
1790,1
1790,6
1790,14
1791,1
1791,6
1792,1
1792,6
1792,14
1793,1
1793,6
1793,19
1793,20
1794,1
1794,6
1794,14
1794,16
1794,18
1794,19
1795,1
1795,6
1795,20
1796,1
1796,14
1796,18
1797,1
1797,6
1797,14
1797,16
1797,18
1798,18
1799,1
1799,16
1800,6
1800,16
1800,18
1801,1
1802,1
1802,14
1802,16
1802,18
1803,6
1803,14
1803,16
1803,18
1803,20
1804,1
1804,6
1804,13
1804,14
1804,18
1805,6
1805,14
1805,16
1805,18
1805,20
1806,1
1806,14
1806,16
1806,18
1807,1
1807,16
1807,18
1808,6
1808,12
1808,16
1808,18
1809,1
1809,9
1809,20
1810,1
1810,14
1811,1
1811,9
1811,16
1811,18
1812,16
1812,18
1813,1
1814,1
1815,9
1815,16
1815,18
1816,14
1816,16
1816,18
1818,6
1818,14
1818,18
1819,1
1819,14
1819,16
1820,1
1820,9
1820,14
1821,1
1821,16
1822,14
1823,1
1823,9
1823,18
1823,20
1824,1
1824,9
1824,18
1824,20
1825,1
1825,9
1826,1
1826,16
1826,18
1827,9
1827,16
1827,18
1829,18
1830,1
1830,18
1831,1
1831,6
1831,16
1831,18
1832,6
1832,12
1832,14
1832,16
1832,18
1833,1
1833,13
1833,14
1834,1
1834,14
1834,16
1834,18
1835,18
1836,18
1837,1
1837,14
1837,18
1838,1
1838,6
1838,14
1838,18
1838,20
1839,6
1839,14
1839,16
1839,18
1840,6
1840,12
1840,13
1840,14
1840,18
1841,1
1841,6
1841,16
1841,18
1841,20
1842,6
1842,14
1842,18
1843,1
1843,14
1844,6
1844,12
1844,18
1845,6
1845,14
1845,16
1845,18
1845,20
1846,1
1846,6
1846,18
1847,4
1847,6
1847,13
1847,14
1847,16
1847,18
1847,19
1847,20
1848,1
1848,14
1848,18
1849,1
1849,13
1849,16
1849,18
1849,20
1850,1
1850,13
1850,18
1851,14
1851,16
1851,18
1852,1
1852,16
1852,19
1852,20
1853,1
1853,20
1854,1
1854,6
1854,14
1854,15
1854,19
1855,1
1855,16
1856,1
1856,14
1856,16
1857,1
1858,1
1858,6
1858,14
1858,18
1859,6
1859,16
1859,18
1859,20
1860,14
1860,18
1861,1
1861,14
1862,1
1862,14
1863,1
1863,14
1864,1
1864,6
1864,18
1865,6
1865,14
1865,16
1865,18
1866,18
1867,18
1868,1
1869,1
1869,20
1870,1
1870,6
1870,18
1871,14
1871,16
1872,6
1872,18
1873,1
1873,18
1874,6
1874,13
1874,14
1874,16
1874,20
1875,1
1875,14
1875,18
1876,1
1876,18
1877,1
1877,6
1877,13
1877,14
1877,18
1878,1
1878,12
1878,13
1878,16
1878,18
1879,12
1879,18
1880,18
1881,1
1881,14
1882,6
1882,13
1882,14
1882,16
1882,18
1883,1
1883,6
1883,14
1883,18
1884,6
1884,12
1884,18
1885,1
1885,14
1885,16
1886,6
1886,13
1886,16
1886,18
1887,1
1887,6
1887,13
1887,16
1887,18
1888,1
1888,14
1888,16
1888,18
1888,20
1889,16
1889,18
1890,1
1890,16
1890,18
1891,6
1891,16
1891,18
1892,1
1892,6
1892,13
1892,14
1893,16
1893,18
1894,1
1894,16
1894,18
1895,1
1895,16
1895,18
1896,1
1896,14
1896,16
1897,1
1897,14
1897,18
1899,1
1899,9
1900,1
1900,9
1900,20
1901,1
1901,14
1901,18
1901,20
1902,1
1902,14
1904,1
1904,9
1904,14
1904,18
1904,20
1905,1
1906,1
1906,20
1907,1
1907,9
1908,1
1908,13
1908,14
1909,1
1909,13
1909,19
1910,1
1910,9
1911,1
1911,18
1912,1
1912,15
1913,1
1913,9
1914,1
1915,1
1915,14
1916,1
1916,19
1917,1
1918,1
1918,9
1918,14
1919,1
1919,9
1919,14
1919,20
1920,1
1920,9
1920,15
1921,1
1921,9
1921,10
1923,1
1923,9
1924,14
1925,1
1925,9
1925,16
1925,18
1926,1
1926,14
1927,14
1927,20
1928,1
1928,6
1928,20
1929,1
1929,6
1929,20
1930,1
1930,6
1930,18
1930,19
1930,20
1931,1
1931,6
1931,9
1931,14
1931,18
1931,20
1932,1
1932,6
1932,14
1933,1
1933,6
1933,16
1933,18
1933,20
1934,1
1934,6
1934,11
1934,20
1935,1
1935,6
1935,11
1935,18
1935,19
1935,20
1936,1
1936,6
1936,19
1937,1
1937,6
1937,18
1937,19
1938,1
1939,1
1939,9
1940,1
1940,6
1940,14
1940,19
1940,20
1941,1
1941,14
1942,1
1942,6
1942,9
1943,1
1943,9
1943,14
1944,1
1944,6
1944,19
1944,20
1945,1
1945,18
1946,1
1946,7
1947,1
1947,9
1948,1
1948,20
1949,1
1949,6
1949,20
1950,1
1950,9
1951,1
1951,6
1951,9
1952,1
1952,6
1952,20
1953,1
1953,6
1953,19
1953,20
1954,1
1954,20
1955,1
1955,9
1955,20
1956,1
1956,6
1956,14
1956,19
1956,20
1957,1
1957,9
1958,1
1958,7
1959,1
1959,9
1960,1
1960,14
1960,20
1961,1
1961,9
1962,1
1962,9
1963,1
1963,6
1963,9
1963,14
1964,1
1965,1
1965,6
1965,14
1965,20
1966,1
1966,6
1966,20
1967,1
1967,14
1967,20
1968,1
1969,1
1970,1
1970,6
1970,20
1971,1
1972,1
1972,6
1972,9
1972,19
1972,20
1973,1
1973,9
1974,1
1974,20
1975,1
1975,6
1975,14
1975,19
1975,20
1976,1
1976,6
1976,19
1976,20
1977,1
1977,9
1978,1
1979,1
1979,6
1979,20
1980,1
1980,14
1980,18
1980,19
1981,1
1981,10
1981,15
1982,1
1982,9
1982,14
1982,18
1982,19
1982,20
1983,1
1983,9
1983,15
1983,16
1983,20
1984,1
1984,4
1984,6
1984,14
1984,19
1984,20
1985,1
1985,6
1985,9
1986,1
1986,18
1986,20
1987,1
1987,14
1987,18
1987,20
1988,1
1988,6
1988,18
1988,20
1989,1
1989,6
1989,9
1989,15
1990,1
1990,9
1990,15
1990,20
1991,1
1991,9
1991,20
1992,1
1992,14
1992,19
1992,20
1993,1
1993,9
1994,20
1995,1
1995,9
1995,15
1997,1
1997,9
1997,14
1997,15
1997,20
1998,1
1998,4
1999,1
1999,9
1999,18
2000,1
2000,14
2000,20
2001,1
2001,15
2001,16
2001,19
2001,20
2002,1
2002,18
2002,20
2003,1
2003,9
2003,14
2003,16
2003,19
2004,1
2004,6
2004,9
2004,20
2005,1
2005,18
2005,19
2005,20
2006,1
2006,15
2007,1
2008,1
2008,9
2008,19
2009,1
2009,14
2009,20
2010,1
2010,14
2010,18
2010,20
2011,1
2011,6
2011,9
2011,14
2011,19
2012,1
2012,6
2012,9
2013,1
2013,6
2013,14
2013,20
2014,9
2014,14
2014,20
2015,1
2015,6
2015,13
2015,14
2015,18
2015,19
2015,20
2016,1
2016,9
2016,18
2016,19
2017,1
2017,18
2017,20
2018,1
2018,14
2018,16
2018,20
2019,1
2019,6
2019,18
2019,20
2020,1
2020,9
2020,15
2020,20
2021,1
2021,4
2021,13
2021,14
2021,18
2021,19
2021,20
2022,1
2022,14
2022,16
2022,18
2022,19
2022,20
2023,1
2023,4
2023,14
2023,18
2023,20
2024,1
2024,14
2024,18
2025,1
2025,6
2025,9
2026,1
2026,9
2027,13
2027,20
2028,1
2028,14
2028,20
2029,1
2029,14
2029,20
2030,1
2030,14
2030,20
2031,9
2031,20
2032,1
2032,14
2032,19
2033,1
2033,16
2033,19
2033,20
2034,1
2034,14
2034,18
2034,20
2035,14
2036,20
2037,19
2038,1
2038,14
2038,18
2038,20
2040,1
2041,6
2041,14
2041,20
2042,1
2042,6
2042,18
2043,1
2043,14
2043,15
2043,20
2044,1
2044,6
2044,14
2044,18
2044,20
2045,1
2045,9
2046,1
2046,13
2046,14
2046,16
2046,19
2046,20
2047,1
2047,13
2047,14
2047,19
2047,20
2048,1
2048,14
2048,19
2049,1
2049,4
2049,9
2049,13
2049,18
2049,20
2050,1
2050,9
2050,13
2051,1
2051,9
2051,13
2051,15
2051,19
2052,1
2052,16
2052,19
2052,20
2053,1
2053,18
2053,20
2054,1
2054,6
2054,14
2054,19
2054,20
2055,1
2055,16
2055,19
2055,20
2056,1
2056,6
2056,18
2056,19
2057,1
2057,13
2057,14
2057,15
2057,19
2057,20
2058,1
2058,9
2058,14
2059,1
2059,13
2059,14
2059,19
2059,20
2060,1
2060,6
2060,9
2060,13
2060,14
2060,19
2060,20
2061,1
2061,6
2061,14
2061,19
2061,20
2062,1
2063,1
2063,6
2063,9
2063,15
2063,20
2064,1
2065,1
2065,6
2065,13
2065,14
2065,16
2065,18
2066,1
2066,18
2067,1
2067,6
2067,12
2067,18
2068,1
2068,6
2068,13
2068,14
2068,20
2069,1
2069,14
2069,18
2070,1
2070,14
2070,18
2071,1
2071,13
2071,14
2071,20
2072,1
2072,13
2072,14
2072,18
2073,14
2074,1
2074,14
2074,18
2074,20
2075,1
2075,13
2075,18
2076,6
2076,13
2076,18
2076,20
2077,1
2077,6
2077,13
2077,14
2077,18
2077,20
2078,1
2078,6
2078,14
2078,16
2078,19
2079,1
2079,6
2079,14
2079,18
2080,1
2080,6
2080,9
2080,20
2081,1
2081,6
2081,20
2082,1
2082,6
2082,9
2083,1
2083,4
2083,6
2083,14
2083,16
2083,19
2083,20
2084,1
2084,6
2084,14
2084,16
2084,20
2085,1
2085,6
2085,20
2086,1
2086,9
2087,1
2087,9
2088,1
2088,9
2089,1
2089,14
2090,1
2090,9
2090,14
2090,20
2091,7
2092,1
2092,6
2092,14
2093,1
2093,20
2094,1
2094,6
2094,14
2095,1
2095,6
2095,9
2095,14
2096,1
2096,6
2096,14
2096,16
2097,1
2097,6
2097,14
2098,1
2098,6
2098,14
2098,19
2098,20
2099,1
2099,6
2099,9
2099,20
2100,1
2100,6
2100,9
2100,15
2100,20
2101,1
2101,14
2101,18
2102,1
2103,1
2103,6
2103,18
2103,20
2104,1
2104,9
2104,15
2105,1
2105,9
2105,20
2106,1
2106,6
2106,13
2106,14
2106,15
2106,20
2107,1
2107,9
2107,14
2107,16
2108,1
2108,9
2108,16
2109,1
2109,6
2109,9
2109,14
2109,18
2109,20
2110,6
2110,14
2110,16
2110,19
2110,20
2111,1
2111,6
2111,14
2111,19
2111,20
2112,1
2112,6
2112,13
2112,16
2112,19
2112,20
2113,1
2113,6
2113,9
2113,14
2113,19
2113,20
2114,1
2114,6
2114,18
2114,19
2114,20
2115,1
2115,6
2115,9
2115,19
2115,20
2116,1
2116,13
2116,20
2117,1
2117,6
2117,9
2117,19
2118,1
2118,6
2118,13
2118,16
2118,18
2118,20
2119,1
2120,1
2120,13
2120,14
2120,20
2121,1
2121,14
2122,1
2122,14
2123,6
2123,9
2124,4
2124,18
2125,1
2125,6
2125,18
2125,20
2126,1
2126,6
2126,14
2126,18
2127,1
2127,6
2127,18
2128,12
2128,13
2128,18
2128,20
2129,6
2129,12
2129,14
2129,16
2129,18
2130,6
2130,18
2132,1
2132,9
2132,16
2133,1
2133,9
2134,1
2135,1
2135,6
2135,11
2135,19
2136,1
2136,4
2136,6
2136,16
2136,19
2136,20
2137,1
2137,6
2137,19
2137,20
2138,1
2138,6
2138,13
2138,14
2138,16
2138,20
2139,1
2139,6
2139,13
2139,14
2139,20
2140,1
2140,6
2140,18
2140,19
2141,1
2142,1
2142,6
2142,19
2142,20
2143,1
2143,6
2143,13
2143,18
2144,1
2144,6
2144,9
2144,20
2145,1
2145,6
2145,13
2145,19
2145,20
2146,1
2146,6
2146,18
2146,20
2147,1
2147,6
2147,20
2148,1
2148,6
2149,1
2150,1
2150,6
2150,11
2151,1
2151,12
2151,20
2153,9
2153,14
2153,18
2155,9
2156,6
2156,12
2156,13
2156,14
2156,18
2157,14
2157,20
2158,1
2158,14
2158,18
2158,20
2159,1
2159,20
2160,1
2160,14
2161,13
2161,14
2161,20
2162,1
2162,6
2162,13
2162,14
2162,16
2162,20
2163,9
2163,20
2164,18
2165,1
2165,16
2166,14
2167,1
2167,14
2167,18
2167,20
2168,6
2168,14
2169,1
2169,13
2170,1
2170,6
2170,13
2172,1
2172,6
2172,13
2172,14
2172,20
2173,13
2173,14
2174,1
2174,14
2175,6
2175,12
2175,13
2176,1
2176,13
2176,14
2177,1
2177,15
2178,1
2178,14
2178,16
2179,1
2179,14
2181,6
2181,13
2181,14
2182,1
2182,20
2183,16
2184,1
2184,6
2184,13
2184,20
2185,1
2185,20
2187,1
2187,14
2188,9
2189,1
2189,9
2189,14
2190,1
2190,14
2192,6
2192,14
2193,15
2194,9
2194,15
2195,1
2195,9
2195,16
2195,20
2196,6
2196,14
2196,18
2197,13
2197,18
2198,1
2198,9
2199,1
2199,9
2200,1
2200,20
2201,1
2201,14
2202,14
2202,16
2203,6
2203,13
2203,18
2204,6
2204,12
2204,14
2204,16
2205,14
2206,1
2206,16
2208,1
2209,14
2211,1
2212,13
2212,14
2213,1
2213,6
2213,12
2213,13
2213,14
2213,20
2214,6
2215,1
2215,9
2215,14
2215,18
2216,1
2216,14
2216,20
2217,1
2218,6
2218,9
2218,13
2218,14
2218,20
2219,1
2219,9
2220,1
2220,9
2220,15
2220,19
2221,1
2221,9
2221,15
2222,1
2222,6
2222,19
2222,20
2223,1
2223,14
2223,19
2224,1
2224,9
2224,19
2224,20
2225,1
2225,5
2225,14
2225,19
2225,20
2226,1
2226,9
2227,1
2227,19
2228,1
2228,15
2228,16
2228,19
2229,1
2229,5
2229,9
2230,1
2230,16
2230,19
2231,1
2231,9
2231,15
2231,19
2232,1
2232,9
2232,19
2232,20
2233,1
2233,9
2234,7
2235,1
2235,18
2235,19
2236,16
2238,18
2239,18
2240,6
2240,14
2240,18
2241,1
2241,6
2241,14
2242,6
2242,18
2243,1
2243,14
2244,6
2244,16
2244,18
2245,18
2246,18
2247,1
2247,6
2249,1
2249,14
2249,18
2249,19
2250,1
2250,6
2250,13
2250,14
2251,1
2251,6
2251,9
2252,1
2252,6
2252,9
2253,1
2253,6
2253,9
2254,1
2254,9
2255,1
2255,6
2255,8
2255,9
2256,1
2256,6
2256,13
2256,20
2257,1
2257,6
2257,17
2258,1
2258,6
2258,7
2258,9
2259,1
2259,9
2259,17
2260,1
2260,9
2261,1
2261,6
2261,17
2262,1
2263,1
2263,9
2264,1
2264,9
2264,17
2265,1
2265,6
2265,9
2266,1
2266,6
2266,9
2267,1
2267,7
2267,9
2268,1
2268,6
2268,14
2269,1
2269,6
2269,13
2269,18
2270,1
2270,6
2270,13
2270,14
2270,20
2271,1
2271,6
2272,1
2272,6
2272,14
2273,1
2273,6
2273,20
2274,6
2275,6
2275,14
2275,20
2276,1
2276,9
2277,1
2277,20
2278,1
2278,6
2278,9
2279,1
2279,6
2280,9
2281,1
2281,20
2282,1
2282,18
2283,6
2283,14
2284,1
2284,19
2285,1
2286,1
2286,19
2286,20
2287,1
2287,9
2287,15
2288,1
2288,9
2289,1
2289,19
2290,1
2290,14
2291,1
2291,18
2291,19
2292,1
2292,6
2292,9
2292,15
2293,1
2293,6
2293,9
2294,1
2294,18
2295,1
2296,1
2296,14
2296,18
2296,19
2297,1
2297,6
2297,14
2297,19
2297,20
2298,1
2298,6
2298,9
2299,1
2299,6
2299,9
2300,1
2300,4
2300,14
2301,1
2301,9
2302,1
2302,14
2303,1
2303,6
2303,9
2303,13
2303,20
2304,1
2304,9
2304,17
2305,1
2305,9
2306,1
2306,7
2306,17
2307,1
2307,9
2307,15
2308,1
2308,6
2308,9
2308,17
2309,1
2309,6
2310,1
2310,9
2311,1
2311,17
2312,1
2312,17
2313,1
2313,14
2313,15
2314,1
2314,6
2314,9
2315,1
2315,9
2316,1
2316,9
2317,1
2317,9
2318,1
2318,9
2319,1
2319,9
2320,1
2320,9
2321,1
2322,1
2322,14
2322,15
2322,16
2322,17
2323,1
2323,6
2323,13
2323,16
2324,1
2324,7
2324,9
2324,17
2325,1
2325,9
2326,1
2326,9
2327,1
2327,7
2327,9
2327,15
2328,1
2328,9
2329,1
2329,9
2330,1
2330,9
2330,17
2331,1
2331,9
2331,17
2332,1
2333,1
2333,6
2333,9
2334,1
2334,9
2335,1
2335,8
2335,9
2336,1
2336,7
2336,9
2336,17
2337,1
2337,9
2337,14
2338,1
2338,14
2339,1
2339,9
2340,1
2340,9
2340,15
2340,16
2341,1
2341,8
2341,9
2342,1
2342,9
2343,1
2343,9
2344,1
2344,7
2344,9
2345,1
2345,9
2345,17
2346,1
2346,9
2347,1
2347,9
2347,17
2348,1
2348,6
2348,14
2349,1
2349,9
2350,1
2350,9
2351,1
2351,9
2352,1
2352,9
2353,1
2353,9
2354,1
2354,9
2355,1
2355,9
2356,1
2356,9
2357,1
2358,1
2358,17
2359,1
2360,1
2360,9
2361,1
2361,9
2362,1
2362,9
2362,14
2363,1
2363,9
2363,15
2364,1
2364,9
2364,20
2365,1
2365,9
2366,1
2366,9
2367,1
2367,9
2368,1
2369,1
2369,9
2370,1
2370,9
2371,1
2372,1
2372,7
2372,9
2373,1
2373,8
2373,9
2374,1
2374,20
2375,1
2376,1
2376,9
2377,1
2377,9
2378,1
2378,8
2378,9
2379,1
2379,9
2380,1
2381,1
2381,13
2381,17
2382,1
2383,1
2383,9
2384,1
2384,9
2385,1
2385,9
2386,1
2386,9
2387,1
2387,9
2388,1
2388,9
2388,14
2389,1
2389,9
2390,1
2390,9
2391,1
2391,9
2392,1
2392,6
2392,14
2392,19
2392,20
2393,1
2393,7
2393,9
2394,1
2394,7
2394,9
2394,15
2395,1
2395,9
2396,1
2396,9
2396,14
2397,1
2397,9
2398,1
2398,9
2399,1
2399,9
2400,1
2400,9
2401,1
2401,6
2402,1
2403,1
2403,9
2404,1
2404,9
2405,1
2406,1
2406,9
2407,1
2407,6
2407,9
2408,1
2408,9
2409,1
2409,9
2410,1
2410,9
2411,1
2411,9
2412,1
2412,17
2413,1
2413,9
2414,1
2414,6
2414,9
2415,1
2415,9
2416,1
2416,9
2417,1
2417,9
2418,1
2418,9
2419,1
2419,8
2419,9
2420,1
2420,17
2421,1
2421,9
2422,1
2422,9
2423,1
2423,9
2424,1
2425,1
2425,9
2426,1
2427,1
2427,6
2427,14
2427,20
2428,1
2428,9
2429,1
2429,9
2430,1
2430,9
2431,1
2431,9
2432,1
2432,9
2433,1
2433,9
2434,1
2434,9
2435,1
2435,9
2436,1
2436,8
2436,9
2437,1
2437,9
2438,1
2439,1
2439,9
2440,1
2440,9
2441,1
2441,9
2442,1
2442,9
2443,1
2443,9
2444,1
2444,9
2445,1
2445,7
2446,1
2446,9
2447,1
2447,8
2447,9
2448,1
2448,9
2449,1
2449,9
2450,1
2451,1
2451,13
2451,14
2451,18
2452,1
2452,6
2452,16
2452,18
2453,1
2454,1
2454,14
2455,1
2455,14
2455,20
2456,1
2456,6
2456,20
2457,6
2457,14
2457,16
2457,18
2458,1
2459,1
2459,6
2459,18
2460,1
2460,16
2460,20
2461,1
2461,6
2461,20
2462,18
2462,20
2463,1
2463,16
2464,1
2464,13
2464,14
2464,16
2464,18
2465,14
2465,16
2465,18
2466,1
2466,14
2467,6
2467,14
2467,16
2467,18
2468,6
2468,18
2469,6
2469,12
2469,14
2469,16
2469,18
2470,6
2470,14
2470,16
2470,20
2471,14
2471,19
2472,6
2472,12
2472,14
2472,18
2473,1
2473,6
2473,14
2473,18
2474,18
2475,18
2476,6
2476,20
2477,1
2477,16
2478,9
2478,16
2479,1
2480,6
2481,6
2482,1
2482,13
2482,14
2482,16
2482,20
2483,9
2483,14
2483,16
2484,6
2485,6
2485,18
2486,1
2486,6
2486,14
2486,16
2486,18
2486,20
2487,18
2488,18
2488,20
2489,1
2489,9
2489,14
2489,20
2490,18
2491,18
2492,14
2492,18
2493,6
2494,6
2495,1
2495,16
2496,6
2496,18
2497,1
2497,16
2497,18
2498,1
2499,1
2499,6
2499,14
2500,18
2501,14
2501,16
2501,18
2502,1
2502,18
2503,1
2503,16
2505,6
2505,16
2505,18
2506,6
2506,10
2506,14
2506,16
2506,18
2507,6
2507,18
2508,1
2508,14
2509,16
2509,18
2510,18
2512,1
2512,13
2513,1
2513,6
2513,14
2513,18
2514,1
2514,16
2515,6
2515,20
2516,6
2516,16
2516,18
2516,20
2517,1
2517,20
2518,6
2518,13
2518,14
2518,16
2519,1
2519,6
2520,1
2520,18
2521,1
2521,6
2521,14
2522,1
2522,6
2522,14
2522,20
2523,18
2524,1
2526,6
2527,14
2527,18
2528,1
2528,16
2529,6
2529,16
2529,18
2531,1
2532,1
2532,15
2533,14
2533,18
2534,1
2534,6
2534,14
2534,16
2534,18
2535,6
2535,16
2535,18
2536,1
2536,9
2537,1
2537,6
2537,12
2538,16
2538,18
2539,1
2539,13
2539,18
2540,6
2540,18
2541,6
2541,12
2541,13
2541,14
2542,1
2542,6
2542,14
2543,1
2544,6
2544,18
2545,18
2546,14
2546,16
2546,18
2547,14
2548,6
2548,16
2548,18
2548,20
2549,1
2549,6
2549,20
2550,1
2550,6
2551,6
2551,10
2551,18
2552,6
2552,12
2552,14
2552,18
2552,20
2553,14
2554,1
2554,6
2554,14
2554,16
2554,18
2554,20
2555,16
2555,18
2556,1
2556,14
2556,18
2557,1
2557,9
2557,15
2558,16
2558,18
2559,14
2559,16
2559,18
2560,1
2560,6
2560,14
2561,14
2561,16
2561,18
2562,6
2562,14
2562,20
2563,1
2563,20
2564,6
2564,13
2564,18
2564,20
2565,14
2565,16
2565,18
2566,1
2566,13
2566,15
2566,18
2566,20
2567,1
2567,6
2567,13
2567,20
2568,18
2569,1
2569,6
2569,14
2569,15
2570,1
2570,13
2570,14
2570,16
2570,20
2571,1
2571,6
2572,14
2572,16
2572,18
2572,20
2573,6
2573,18
2574,1
2574,14
2575,18
2577,14
2577,18
2578,6
2579,6
2579,20
2580,9
2581,1
2581,6
2581,16
2582,1
2582,6
2582,12
2582,13
2582,14
2582,20
2583,6
2584,1
2584,6
2584,13
2584,16
2584,18
2584,20
2585,1
2585,14
2585,16
2585,18
2586,6
2586,18
2587,6
2587,18
2588,1
2588,6
2588,16
2588,18
2588,20
2590,9
2590,15
2590,20
2591,18
2592,14
2592,16
2593,6
2593,18
2594,1
2594,6
2594,9
2594,14
2594,16
2594,18
2594,20
2595,6
2595,18
2595,20
2596,1
2596,6
2596,14
2596,16
2596,20
2597,14
2597,16
2597,18
2597,20
2598,1
2598,18
2599,6
2599,14
2599,18
2599,20
2600,1
2600,6
2600,13
2600,14
2600,20
2601,20
2602,6
2602,18
2602,20
2603,1
2603,20
2604,1
2604,6
2604,10
2604,13
2604,20
2605,6
2605,12
2605,13
2605,18
2606,1
2606,6
2606,14
2606,16
2606,18
2607,18
2607,20
2608,6
2608,12
2608,14
2609,1
2609,14
2610,1
2610,6
2610,14
2610,16
2610,18
2611,18
2612,1
2612,6
2612,14
2613,6
2613,14
2613,20
2614,6
2614,14
2614,18
2615,16
2616,14
2616,16
2616,18
2617,6
2617,18
2617,20
2618,14
2618,16
2618,18
2619,18
2620,18
2620,20
2621,6
2621,16
2621,18
2623,6
2623,14
2624,18
2625,1
2625,9
2625,20
2627,18
2629,4
2629,16
2629,18
2630,18
2631,16
2631,18
2632,6
2632,10
2632,14
2632,18
2633,1
2633,18
2634,6
2634,13
2635,18
2636,6
2637,6
2637,14
2637,18
2637,20
2638,1
2638,16
2638,18
2638,20
2639,1
2639,9
2639,16
2640,16
2641,6
2641,12
2641,13
2641,18
2642,1
2642,20
2643,10
2643,18
2644,1
2644,6
2645,6
2645,13
2645,18
2646,6
2646,14
2646,18
2647,1
2647,16
2647,18
2648,1
2648,6
2648,14
2648,16
2648,18
2649,1
2649,6
2650,14
2651,6
2651,16
2651,18
2651,20
2652,18
2653,16
2653,18
2654,13
2654,14
2654,18
2655,18
2656,6
2656,14
2656,18
2657,6
2657,16
2657,18
2658,14
2658,16
2658,18
2659,1
2659,6
2659,13
2659,16
2659,18
2660,6
2660,14
2660,18
2661,6
2661,18
2662,1
2662,6
2662,14
2662,16
2662,18
2663,13
2663,18
2664,1
2665,1
2665,6
2666,18
2667,1
2667,14
2667,16
2668,14
2668,16
2668,18
2669,1
2669,6
2670,16
2670,18
2671,16
2671,18
2672,1
2672,18
2673,6
2673,18
2676,18
2677,14
2677,16
2677,18
2678,6
2678,13
2678,14
2678,18
2679,14
2680,1
2680,6
2680,10
2680,16
2680,18
2680,20
2681,6
2681,16
2681,18
2682,1
2682,14
2682,18
2682,20
2683,1
2683,6
2683,14
2683,18
2684,1
2684,13
2684,16
2684,18
2685,1
2685,6
2686,6
2686,14
2686,18
2687,1
2687,6
2687,18
2688,6
2688,14
2688,18
2689,16
2689,18
2690,6
2690,9
2690,16
2691,6
2691,13
2691,18
2692,1
2692,16
2692,18
2693,1
2693,6
2694,18
2695,6
2695,18
2697,1
2697,18
2698,6
2698,13
2698,14
2698,18
2699,6
2699,14
2699,16
2699,18
2700,6
2700,18
2701,1
2701,6
2702,6
2702,12
2702,14
2702,18
2703,1
2703,14
2704,6
2704,18
2705,6
2705,18
2706,16
2706,18
2707,1
2707,6
2707,13
2707,20
2708,6
2708,12
2708,16
2708,18
2709,6
2709,16
2710,6
2710,10
2710,18
2711,1
2711,14
2711,16
2712,6
2712,14
2713,14
2714,6
2714,14
2714,18
2715,6
2715,12
2715,14
2715,18
2715,20
2716,6
2716,14
2716,16
2716,18
2717,1
2717,6
2718,18
2719,1
2719,6
2720,1
2721,6
2721,12
2721,13
2721,14
2721,18
2722,1
2722,20
2723,1
2723,20
2724,1
2724,14
2725,18
2725,20
2726,6
2726,20
2727,1
2727,4
2727,13
2727,18
2727,19
2727,20
2728,1
2728,9
2728,14
2729,1
2729,6
2729,20
2731,1
2732,1
2733,1
2733,20
2734,1
2734,19
2734,20
2735,1
2735,12
2735,14
2735,18
2735,19
2735,20
2736,1
2736,6
2736,12
2736,13
2736,18
2736,20
2737,1
2737,14
2737,20
2738,6
2738,14
2738,20
2739,1
2739,18
2739,19
2739,20
2740,1
2740,14
2740,18
2740,20
2741,1
2741,18
2741,20
2742,1
2742,14
2742,16
2742,20
2743,1
2743,6
2743,18
2743,20
2744,1
2744,13
2744,14
2744,18
2744,19
2744,20
2745,1
2746,1
2746,14
2746,18
2746,20
2747,1
2747,6
2747,14
2747,20
2748,20
2749,14
2750,1
2750,6
2750,14
2750,20
2751,1
2751,6
2751,14
2751,20
2752,6
2752,12
2752,13
2752,14
2752,18
2752,19
2752,20
2753,1
2753,19
2754,6
2754,12
2754,13
2754,14
2754,20
2755,1
2755,14
2755,19
2755,20
2756,1
2756,14
2756,16
2756,20
2757,6
2758,1
2758,14
2758,20
2759,1
2759,6
2759,13
2760,1
2760,6
2760,18
2760,20
2761,6
2761,13
2761,18
2761,19
2761,20
2762,1
2762,18
2762,20
2763,1
2763,14
2763,19
2763,20
2764,1
2764,9
2764,20
2765,1
2765,14
2765,16
2765,20
2766,1
2766,20
2767,1
2768,1
2768,18
2769,1
2769,6
2769,12
2769,18
2769,20
2770,1
2770,6
2770,18
2770,20
2771,6
2771,12
2771,16
2771,18
2772,1
2772,14
2773,1
2773,14
2773,20
2775,6
2775,12
2775,13
2776,1
2776,14
2777,1
2777,14
2777,20
2778,1
2778,6
2778,12
2778,13
2778,18
2778,20
2779,9
2779,20
2780,1
2780,14
2780,19
2781,6
2781,12
2781,18
2781,20
2782,1
2782,9
2783,6
2783,12
2783,18
2783,20
2784,1
2784,6
2784,20
2785,1
2785,6
2785,14
2785,18
2785,20
2786,1
2786,6
2786,13
2786,14
2786,20
2787,1
2787,14
2787,18
2788,1
2788,6
2788,12
2788,13
2788,14
2788,16
2788,18
2788,20
2789,1
2789,6
2789,14
2789,20
2790,1
2790,20
2791,1
2791,14
2791,18
2792,1
2792,16
2792,20
2793,1
2793,16
2793,18
2793,20
2794,1
2794,13
2794,14
2794,20
2795,6
2795,18
2795,20
2796,1
2796,6
2796,12
2796,14
2796,18
2796,20
2797,1
2797,6
2797,12
2797,14
2797,18
2797,20
2798,1
2798,6
2798,14
2798,19
2798,20
2800,1
2800,6
2800,12
2800,18
2800,20
2801,6
2801,13
2801,16
2801,18
2801,20
2802,1
2802,14
2802,16
2802,20
2803,1
2803,13
2803,16
2804,6
2804,14
2804,20
2805,1
2805,14
2805,20
2806,1
2807,18
2808,1
2808,6
2808,14
2808,20
2809,1
2809,20
2810,13
2810,18
2810,19
2810,20
2811,1
2811,14
2811,20
2812,1
2812,6
2812,13
2812,14
2813,16
2813,18
2814,1
2815,13
2815,14
2816,6
2816,12
2816,14
2816,20
2817,1
2817,13
2817,14
2817,20
2818,1
2818,19
2818,20
2819,1
2819,14
2819,19
2819,20
2820,1
2820,6
2820,12
2820,13
2820,14
2820,16
2820,18
2820,20
2821,1
2821,18
2821,20
2822,1
2822,13
2822,20
2823,1
2823,20
2824,18
2824,20
2825,1
2825,6
2825,12
2825,19
2825,20
2826,6
2826,9
2826,18
2826,20
2827,6
2827,12
2827,13
2827,14
2827,16
2827,20
2828,1
2828,18
2829,1
2830,1
2830,6
2830,13
2830,14
2830,20
2831,1
2832,1
2832,18
2832,20
2833,1
2833,14
2833,20
2834,1
2834,14
2834,18
2834,20
2835,1
2835,14
2835,20
2836,1
2836,6
2836,14
2836,19
2836,20
2837,1
2837,6
2837,14
2837,20
2838,6
2838,12
2838,13
2838,14
2838,16
2838,20
2839,6
2839,12
2839,13
2839,18
2840,20
2841,1
2841,14
2841,18
2841,20
2842,1
2842,6
2842,12
2842,14
2842,18
2843,1
2843,14
2843,16
2843,18
2843,20
2844,20
2845,1
2845,20
2846,1
2846,6
2846,13
2846,14
2847,14
2847,20
2848,12
2848,13
2848,18
2848,20
2849,1
2849,6
2849,13
2849,14
2849,16
2849,20
2850,1
2850,18
2851,1
2851,6
2851,12
2851,14
2851,18
2851,20
2852,6
2852,14
2852,20
2853,1
2853,6
2853,12
2853,14
2853,16
2853,18
2853,20
2854,14
2854,16
2854,20
2855,1
2855,6
2855,20
2856,1
2856,14
2858,1
2858,14
2858,16
2859,6
2859,12
2859,18
2860,1
2860,18
2860,20
2861,1
2861,14
2862,14
2862,16
2862,18
2863,1
2863,18
2863,19
2863,20
2864,1
2864,16
2865,6
2865,12
2865,18
2865,20
2866,1
2867,1
2867,6
2867,12
2867,18
2868,1
2868,14
2868,20
2869,1
2869,6
2869,12
2869,14
2869,18
2869,20
2870,1
2870,14
2870,20
2871,1
2872,6
2872,13
2872,14
2872,16
2872,20
2873,1
2873,14
2873,16
2873,20
2874,1
2874,14
2875,1
2875,6
2875,9
2875,14
2875,18
2875,19
2875,20
2876,20
2877,1
2877,14
2877,20
2879,14
2879,20
2880,1
2880,14
2880,18
2880,20
2881,1
2881,6
2881,14
2881,18
2881,19
2881,20
2882,1
2882,14
2882,18
2882,20
2883,1
2883,13
2883,14
2883,18
2883,20
2884,1
2884,20
2885,1
2885,6
2885,12
2885,18
2885,20
2886,1
2886,6
2886,16
2886,18
2886,20
2887,1
2887,14
2887,20
2888,1
2888,16
2888,18
2889,1
2889,14
2889,20
2890,1
2890,9
2890,14
2890,16
2890,20
2891,1
2891,14
2892,1
2892,6
2892,18
2892,20
2893,1
2893,14
2894,1
2894,6
2894,12
2894,14
2894,16
2894,18
2894,19
2894,20
2895,1
2896,1
2896,6
2896,14
2896,18
2896,20
2897,20
2898,14
2898,20
2900,1
2901,1
2901,16
2902,1
2902,14
2903,1
2903,16
2903,18
2903,20
2905,1
2905,16
2905,20
2906,20
2907,1
2907,14
2907,18
2907,20
2908,1
2908,20
2909,1
2909,12
2909,14
2909,18
2910,1
2910,16
2910,19
2911,1
2911,16
2911,20
2912,1
2912,14
2912,19
2912,20
2913,1
2913,13
2913,14
2913,16
2913,19
2913,20
2914,1
2914,6
2914,13
2914,14
2914,16
2914,18
2914,20
2915,1
2915,14
2915,20
2916,1
2916,6
2916,12
2916,13
2916,14
2916,16
2916,18
2916,20
2917,1
2917,18
2918,1
2918,6
2918,14
2918,18
2919,1
2919,14
2919,16
2919,18
2919,20
2920,16
2920,18
2920,20
2921,1
2921,14
2921,18
2922,1
2922,18
2922,20
2923,1
2923,6
2923,12
2923,14
2923,20
2924,1
2924,14
2924,18
2924,20
2925,1
2925,14
2925,20
2926,1
2926,6
2926,12
2926,14
2926,20
2927,1
2927,6
2927,12
2927,18
2927,20
2928,6
2928,12
2928,18
2928,20
2929,1
2929,14
2930,1
2930,14
2930,18
2930,20
2931,1
2931,20
2932,1
2932,6
2932,12
2932,14
2932,18
2932,20
2933,18
2934,14
2934,18
2934,20
2935,1
2935,12
2935,16
2935,18
2935,20
2936,1
2936,18
2937,1
2937,19
2937,20
2939,1
2939,14
2939,18
2940,18
2941,16
2941,20
2942,1
2943,1
2944,1
2944,14
2944,19
2944,20
2945,1
2945,6
2945,18
2945,20
2946,1
2946,16
2946,20
2947,1
2947,12
2947,14
2947,18
2948,1
2949,1
2950,1
2950,6
2950,20
2951,1
2951,14
2952,1
2953,1
2953,19
2954,1
2954,14
2954,16
2954,19
2954,20
2955,1
2955,20
2956,1
2956,19
2957,1
2957,6
2957,12
2957,13
2957,16
2957,18
2958,1
2958,20
2959,6
2959,12
2959,18
2960,1
2960,14
2960,18
2961,1
2961,6
2961,12
2961,14
2961,16
2961,20
2962,1
2962,13
2962,20
2963,1
2963,12
2963,18
2963,20
2964,1
2964,6
2964,12
2964,16
2964,18
2964,20
2966,6
2966,12
2966,13
2966,16
2966,18
2966,19
2967,6
2967,12
2967,14
2967,18
2967,20
2968,1
2968,14
2968,18
2969,1
2969,20
2970,1
2970,6
2970,12
2970,13
2970,16
2970,18
2970,20
2971,1
2971,6
2971,12
2971,14
2971,20
2972,6
2972,12
2972,16
2973,1
2973,12
2973,14
2973,18
2974,14
2974,20
2975,9
2975,20
2976,1
2976,14
2976,20
2977,1
2977,6
2977,12
2977,14
2977,16
2977,20
2978,1
2978,6
2978,12
2978,14
2978,20
2979,13
2979,14
2979,18
2980,1
2981,1
2981,6
2981,14
2981,16
2981,18
2981,19
2981,20
2982,1
2982,19
2983,14
2983,16
2983,19
2983,20
2984,1
2985,1
2985,14
2985,16
2985,19
2987,1
2987,6
2987,12
2987,13
2987,18
2987,19
2987,20
2988,1
2988,20
2989,12
2989,18
2990,1
2991,1
2991,6
2991,13
2991,20
2992,6
2992,14
2992,18
2992,19
2993,1
2993,14
2993,20
2994,1
2994,9
2994,19
2995,1
2995,14
2995,16
2995,20
2996,1
2997,1
2997,14
2997,19
2997,20
2998,1
2998,14
2998,20
2999,1
2999,6
2999,13
2999,18
3000,14
3000,16
3000,20
3002,1
3002,16
3002,18
3002,20
3003,1
3004,1
3004,13
3004,18
3004,19
3004,20
3005,1
3005,6
3005,12
3005,13
3005,16
3005,18
3005,19
3005,20
3006,1
3007,1
3007,6
3007,14
3007,20
3008,6
3008,12
3008,13
3008,18
3009,1
3009,6
3009,12
3009,14
3009,16
3010,1
3010,6
3010,12
3010,20
3011,12
3011,18
3011,20
3012,1
3012,12
3012,13
3012,14
3012,18
3013,1
3013,13
3013,14
3013,16
3013,18
3014,1
3014,6
3014,12
3014,13
3014,14
3014,18
3014,20
3015,1
3015,6
3015,18
3016,6
3016,16
3016,18
3016,20
3017,1
3017,6
3017,12
3017,18
3017,20
3018,1
3018,6
3018,14
3019,1
3019,16
3019,20
3020,13
3020,16
3022,1
3022,6
3022,13
3022,18
3022,20
3023,1
3023,13
3023,16
3023,18
3023,19
3023,20
3024,1
3024,18
3025,6
3025,14
3025,18
3026,1
3027,13
3027,14
3027,16
3027,18
3027,20
3028,1
3028,6
3028,12
3028,14
3028,18
3029,1
3029,6
3029,13
3029,14
3029,18
3029,20
3030,1
3030,14
3030,20
3032,1
3032,16
3032,20
3033,1
3033,14
3034,1
3034,14
3034,20
3035,1
3035,20
3036,1
3036,6
3036,12
3036,14
3037,1
3037,18
3037,20
3039,1
3039,20
3040,1
3040,14
3041,1
3041,14
3041,18
3041,20
3042,1
3042,6
3042,13
3042,18
3043,9
3044,6
3044,12
3044,16
3044,18
3044,20
3045,1
3045,14
3045,16
3046,1
3046,19
3046,20
3047,6
3047,12
3047,18
3047,20
3048,1
3048,6
3048,13
3048,18
3048,19
3049,1
3049,6
3049,13
3049,14
3049,18
3049,20
3050,1
3050,20
3051,14
3051,20
3052,14
3052,18
3052,20
3053,1
3053,18
3053,20
3054,1
3054,6
3054,12
3054,16
3054,18
3054,20
3055,6
3055,12
3055,14
3055,16
3055,18
3055,20
3056,1
3056,6
3056,12
3056,14
3056,20
3057,1
3057,6
3057,12
3057,14
3057,18
3057,20
3058,1
3058,6
3058,12
3058,14
3058,20
3059,1
3059,6
3059,12
3059,13
3059,14
3059,20
3060,1
3060,13
3060,14
3060,20
3061,1
3061,6
3061,14
3061,16
3061,18
3061,20
3062,1
3062,6
3062,12
3062,13
3062,16
3062,18
3063,1
3063,9
3063,16
3064,1
3064,20
3065,14
3065,18
3066,20
3067,1
3067,13
3067,14
3067,16
3067,18
3067,19
3067,20
3068,1
3069,18
3070,1
3070,19
3071,1
3071,20
3072,18
3072,20
3073,1
3074,1
3074,18
3074,19
3074,20
3076,6
3076,14
3076,16
3076,18
3076,20
3077,1
3077,6
3077,12
3077,14
3077,18
3077,20
3078,6
3078,12
3078,16
3078,18
3078,20
3079,6
3079,12
3079,13
3079,14
3079,18
3080,1
3080,14
3080,20
3081,1
3081,6
3081,12
3081,13
3081,14
3081,20
3082,12
3082,16
3083,1
3083,20
3084,6
3084,12
3084,13
3084,14
3084,18
3084,20
3085,6
3085,13
3085,14
3085,20
3086,1
3086,20
3087,1
3087,14
3087,19
3088,1
3088,6
3088,13
3088,14
3088,18
3088,20
3089,6
3089,14
3089,18
3089,20
3090,1
3090,6
3090,12
3090,18
3090,20
3091,1
3091,14
3091,19
3091,20
3092,6
3092,12
3092,14
3092,18
3092,20
3093,6
3093,12
3093,14
3093,20
3094,1
3094,14
3094,16
3095,1
3095,6
3095,12
3095,14
3095,18
3095,20
3096,1
3096,6
3096,12
3096,14
3096,18
3096,20
3097,1
3097,6
3097,12
3097,14
3098,1
3098,14
3098,16
3099,1
3099,6
3099,18
3099,19
3099,20
3100,1
3100,14
3100,18
3101,1
3101,20
3102,6
3102,12
3102,13
3102,14
3102,18
3102,19
3102,20
3103,1
3103,6
3103,14
3103,16
3103,18
3103,20
3104,14
3105,1
3105,14
3105,20
3106,1
3106,14
3106,19
3106,20
3107,6
3107,12
3107,18
3108,1
3108,6
3108,12
3108,14
3109,1
3109,14
3109,18
3109,20
3110,1
3110,14
3110,16
3110,18
3110,19
3110,20
3111,1
3111,6
3111,20
3112,1
3112,6
3112,12
3112,14
3112,18
3112,20
3113,1
3114,14
3114,18
3114,20
3115,6
3115,12
3115,14
3115,18
3115,20
3116,1
3116,6
3116,12
3116,20
3117,6
3117,12
3117,14
3117,18
3117,20
3118,6
3118,12
3118,20
3119,1
3119,6
3119,13
3119,14
3119,20
3120,1
3120,6
3120,13
3120,14
3120,16
3120,18
3120,20
3121,1
3121,6
3121,12
3121,14
3121,18
3121,20
3122,1
3122,14
3122,18
3123,1
3123,13
3123,14
3123,18
3123,20
3124,1
3124,14
3124,16
3124,20
3125,14
3125,18
3126,1
3126,6
3126,14
3127,1
3127,14
3127,20
3128,6
3128,14
3128,20
3129,6
3129,12
3129,18
3130,1
3130,14
3131,1
3131,6
3131,12
3131,14
3131,18
3131,20
3132,6
3132,12
3132,14
3132,18
3133,1
3133,6
3133,12
3133,13
3133,14
3133,18
3133,20
3134,1
3134,6
3134,12
3134,14
3134,20
3135,6
3135,16
3135,18
3136,1
3136,13
3136,14
3136,16
3136,18
3137,6
3137,12
3137,14
3137,18
3137,20
3138,1
3138,20
3139,1
3140,6
3140,12
3140,13
3140,14
3141,1
3141,6
3141,12
3141,16
3141,20
3142,6
3142,12
3142,18
3142,20
3143,14
3143,18
3144,1
3144,13
3144,18
3144,20
3145,6
3145,12
3145,14
3145,16
3145,20
3146,1
3146,13
3146,14
3146,18
3147,1
3147,13
3147,14
3147,18
3147,19
3147,20
3148,1
3148,14
3148,18
3148,20
3149,1
3149,14
3149,18
3149,20
3150,1
3150,6
3150,12
3150,13
3150,14
3150,18
3150,19
3150,20
3151,1
3151,6
3151,12
3151,14
3151,18
3152,1
3152,20
3153,14
3153,16
3154,1
3154,18
3154,19
3155,1
3155,16
3155,18
3155,20
3156,1
3156,6
3156,12
3156,13
3156,18
3156,20
3157,1
3158,18
3158,20
3159,1
3159,6
3159,12
3159,14
3159,18
3160,1
3160,14
3160,18
3160,20
3161,1
3161,6
3161,20
3162,1
3162,15
3163,6
3163,12
3163,14
3163,18
3163,20
3164,18
3165,6
3165,9
3165,12
3166,1
3167,1
3167,18
3167,20
3168,1
3168,18
3168,20
3169,6
3169,12
3169,18
3169,20
3170,1
3170,14
3170,16
3170,18
3170,20
3171,14
3172,1
3173,1
3173,6
3173,12
3173,14
3173,18
3173,20
3174,1
3174,6
3174,12
3174,14
3174,20
3175,1
3175,14
3175,16
3175,20
3176,6
3176,12
3176,13
3176,14
3176,18
3177,1
3177,14
3177,20
3178,1
3178,6
3178,12
3178,16
3178,18
3178,20
3179,13
3179,14
3179,18
3180,12
3180,14
3180,16
3181,6
3181,12
3182,1
3182,14
3182,16
3183,1
3183,6
3183,18
3183,20
3184,6
3184,12
3184,13
3184,14
3184,18
3184,20
3185,6
3185,12
3185,13
3185,18
3186,6
3186,18
3186,20
3187,1
3187,6
3187,12
3187,14
3187,18
3188,1
3188,13
3189,1
3189,14
3189,18
3189,20
3190,1
3190,14
3190,18
3191,1
3191,6
3191,14
3192,1
3192,20
3193,1
3193,14
3193,20
3194,1
3194,6
3194,18
3194,20
3195,6
3196,1
3196,13
3196,14
3196,19
3196,20
3197,1
3197,6
3197,20
3199,1
3199,14
3199,20
3200,1
3200,14
3201,6
3201,13
3201,18
3202,6
3202,12
3202,14
3202,16
3202,18
3203,6
3203,14
3203,16
3203,19
3203,20
3204,6
3204,12
3204,16
3204,18
3205,1
3205,6
3205,12
3205,13
3205,14
3205,16
3205,18
3206,18
3206,20
3207,14
3207,16
3207,20
3208,1
3209,6
3209,12
3209,14
3209,18
3210,1
3210,20
3211,1
3211,18
3211,20
3212,1
3212,14
3212,20
3213,6
3213,12
3213,13
3214,12
3214,18
3214,20
3215,1
3215,6
3215,12
3215,13
3215,14
3215,16
3215,20
3216,1
3216,6
3216,20
3217,1
3217,6
3217,13
3217,14
3217,20
3218,6
3218,12
3218,20
3219,6
3219,12
3219,18
3219,20
3220,6
3220,14
3221,1
3221,16
3221,20
3222,1
3223,6
3223,12
3223,13
3223,14
3223,18
3223,20
3224,1
3224,14
3224,20
3225,1
3228,14
3228,18
3228,20
3229,1
3229,12
3229,14
3229,18
3229,19
3230,1
3230,6
3230,12
3230,14
3230,19
3230,20
3231,6
3231,18
3231,20
3232,1
3233,1
3233,14
3233,20
3234,1
3234,20
3235,1
3235,14
3235,18
3235,20
3236,1
3236,6
3236,9
3236,13
3236,18
3236,19
3236,20
3237,1
3237,9
3237,20
3238,1
3238,9
3238,15
3238,20
3239,1
3239,4
3239,12
3239,14
3239,16
3239,18
3240,1
3240,6
3240,14
3240,19
3240,20
3241,1
3241,14
3241,19
3241,20
3242,1
3242,6
3242,19
3242,20
3243,1
3243,6
3243,9
3243,19
3243,20
3244,1
3244,19
3245,1
3245,14
3245,20
3246,1
3246,9
3246,14
3247,1
3247,6
3247,14
3247,19
3247,20
3248,1
3248,9
3248,14
3248,16
3248,19
3248,20
3249,1
3249,4
3249,14
3249,20
3250,1
3250,4
3250,6
3250,14
3250,16
3250,18
3250,20
3251,1
3251,6
3251,14
3251,19
3251,20
3252,1
3252,13
3252,14
3252,19
3252,20
3253,1
3253,6
3253,16
3253,20
3254,1
3254,14
3254,20
3255,1
3255,9
3255,14
3256,1
3256,19
3256,20
3257,1
3257,6
3257,14
3257,19
3257,20
3258,1
3258,6
3258,14
3258,19
3258,20
3259,1
3259,9
3259,20
3260,1
3260,6
3260,20
3261,1
3261,4
3261,6
3261,13
3261,14
3261,16
3261,19
3261,20
3262,1
3263,1
3263,20
3264,1
3264,6
3264,13
3265,1
3265,6
3265,16
3265,19
3265,20
3266,1
3266,6
3266,13
3266,14
3266,19
3266,20
3267,1
3267,9
3267,14
3267,20
3268,1
3268,6
3268,14
3268,19
3268,20
3269,1
3269,6
3269,13
3269,14
3269,19
3269,20
3270,1
3270,9
3271,1
3271,6
3271,9
3272,1
3272,6
3272,20
3273,1
3273,6
3273,13
3273,14
3273,16
3273,19
3273,20
3274,1
3274,16
3274,19
3274,20
3275,1
3275,9
3275,16
3275,20
3276,1
3276,14
3276,20
3277,1
3278,1
3279,1
3279,7
3280,1
3280,20
3281,1
3282,1
3282,9
3283,1
3283,9
3283,20
3284,1
3284,6
3285,1
3285,6
3285,16
3285,19
3285,20
3286,1
3286,6
3286,13
3286,14
3286,19
3286,20
3287,1
3287,6
3287,14
3287,16
3287,19
3287,20
3288,1
3288,19
3288,20
3289,1
3289,9
3289,14
3289,16
3289,18
3289,20
3290,1
3290,9
3290,16
3290,20
3291,1
3291,9
3292,1
3292,6
3292,16
3292,20
3293,1
3294,1
3294,20
3295,1
3295,20
3296,1
3296,6
3296,9
3296,13
3296,18
3296,19
3296,20
3297,1
3297,6
3297,19
3297,20
3298,1
3298,20
3299,1
3299,6
3299,9
3299,19
3299,20
3300,1
3300,6
3300,9
3300,20
3301,1
3301,9
3302,1
3303,1
3303,6
3303,13
3303,14
3303,20
3304,1
3304,6
3304,14
3304,18
3304,20
3305,1
3305,9
3306,1
3306,14
3306,16
3307,1
3307,6
3307,14
3307,16
3307,20
3308,1
3309,1
3309,6
3309,14
3309,16
3309,18
3309,20
3310,1
3311,1
3311,16
3312,1
3312,6
3312,14
3312,16
3312,20
3313,1
3313,9
3313,15
3314,1
3314,6
3314,18
3315,1
3315,14
3316,1
3316,6
3316,13
3316,20
3317,1
3317,16
3317,18
3318,1
3319,1
3320,1
3320,6
3320,9
3320,16
3321,1
3321,6
3321,13
3321,14
3321,16
3321,20
3322,1
3322,6
3322,13
3322,18
3322,20
3323,1
3323,13
3323,14
3324,1
3324,6
3324,13
3324,14
3324,18
3325,1
3325,6
3325,15
3325,20
3326,1
3326,6
3326,13
3326,14
3326,16
3326,18
3326,19
3326,20
3327,1
3327,6
3327,18
3327,20
3328,1
3329,1
3329,6
3329,12
3329,13
3329,16
3329,20
3330,1
3330,9
3330,16
3331,1
3331,6
3331,9
3331,13
3332,6
3332,18
3333,1
3333,6
3333,12
3333,18
3333,20
3334,1
3334,14
3334,18
3334,20
3335,1
3335,6
3335,18
3336,6
3336,18
3337,14
3337,18
3338,6
3338,12
3338,14
3338,16
3338,18
3339,18
3339,20
3340,6
3340,16
3340,18
3341,6
3341,13
3341,14
3341,18
3343,1
3343,18
3344,18
3345,1
3345,18
3345,19
3345,20
3346,1
3346,6
3346,12
3346,13
3346,18
3346,20
3347,1
3347,6
3347,18
3348,1
3348,18
3348,19
3350,6
3350,12
3350,18
3351,1
3351,9
3351,18
3351,20
3352,1
3352,18
3353,1
3353,6
3353,14
3353,20
3354,1
3354,6
3354,18
3355,1
3355,9
3355,16
3356,1
3356,18
3357,1
3357,14
3357,18
3358,18
3359,6
3359,12
3359,13
3359,14
3359,16
3359,18
3360,6
3360,14
3360,18
3361,16
3361,18
3362,1
3362,18
3363,16
3363,18
3364,1
3364,6
3364,12
3364,18
3365,1
3365,6
3365,20
3366,1
3366,6
3366,18
3367,6
3367,18
3368,1
3368,6
3368,18
3369,1
3369,6
3369,12
3369,18
3370,18
3371,1
3371,18
3371,20
3372,1
3372,12
3372,18
3373,1
3374,1
3374,13
3375,1
3375,6
3375,14
3375,18
3376,1
3376,6
3376,9
3376,14
3376,18
3377,1
3377,6
3377,13
3378,1
3378,14
3378,18
3379,1
3379,6
3379,13
3379,18
3379,20
3380,18
3381,1
3381,6
3381,13
3381,18
3381,20
3382,1
3382,6
3382,18
3383,9
3383,14
3383,15
3384,1
3384,12
3384,16
3384,18
3385,1
3385,14
3385,18
3386,6
3386,12
3386,13
3386,14
3386,16
3386,18
3387,6
3387,18
3388,16
3388,18
3388,19
3390,1
3390,14
3391,16
3391,18
3392,14
3392,16
3392,18
3393,1
3393,6
3393,18
3393,20
3394,6
3394,14
3395,1
3396,1
3396,14
3397,1
3397,14
3397,18
3398,16
3399,1
3399,6
3399,14
3400,1
3400,18
3401,1
3402,1
3402,6
3402,18
3403,6
3404,18
3404,20
3405,1
3405,6
3405,18
3406,1
3406,18
3407,6
3407,14
3407,18
3408,1
3409,1
3409,9
3409,14
3409,16
3410,9
3410,16
3411,1
3411,9
3412,1
3412,6
3412,16
3413,1
3413,6
3413,13
3413,14
3413,16
3413,20
3414,6
3414,14
3415,1
3415,13
3415,14
3415,18
3415,19
3416,6
3416,13
3416,18
3417,6
3417,14
3417,18
3417,20
3418,1
3418,9
3419,6
3419,18
3420,18
3421,4
3421,6
3421,12
3421,13
3421,18
3421,20
3422,1
3422,18
3423,1
3423,6
3423,12
3423,13
3423,14
3423,20
3424,9
3424,15
3424,16
3425,1
3425,14
3425,18
3426,6
3426,14
3426,18
3427,1
3427,6
3427,18
3427,20
3428,6
3428,13
3428,14
3428,16
3428,18
3429,1
3429,9
3429,14
3429,18
3430,6
3431,1
3431,6
3431,14
3431,18
3432,6
3432,14
3432,18
3433,1
3433,14
3433,18
3434,1
3434,18
3435,1
3435,6
3436,6
3436,18
3437,14
3438,14
3439,1
3439,6
3439,14
3439,18
3440,1
3440,6
3441,1
3442,1
3442,20
3443,1
3443,14
3444,1
3444,6
3444,14
3444,16
3444,18
3445,18
3446,6
3446,12
3446,18
3447,20
3448,1
3448,14
3448,19
3449,1
3449,6
3449,13
3449,18
3449,20
3450,1
3450,6
3450,13
3450,14
3450,18
3450,20
3451,1
3451,6
3452,1
3452,6
3452,19
3453,1
3453,6
3453,19
3453,20
3454,1
3454,9
3454,19
3455,1
3455,9
3455,19
3455,20
3456,1
3456,9
3456,19
3457,6
3457,9
3457,14
3458,1
3458,6
3458,19
3459,1
3459,9
3459,15
3459,19
3460,1
3460,6
3460,14
3460,19
3460,20
3461,1
3461,6
3461,9
3461,19
3462,1
3462,6
3462,19
3463,10
3463,19
3464,1
3464,6
3464,9
3464,13
3465,1
3465,14
3465,19
3466,1
3466,9
3466,19
3467,1
3467,6
3467,13
3467,19
3467,20
3468,1
3468,9
3468,15
3468,19
3469,1
3469,6
3469,19
3470,1
3470,6
3470,9
3470,13
3470,19
3470,20
3471,1
3471,6
3472,1
3472,19
3473,1
3473,9
3473,15
3473,19
3474,1
3474,6
3474,9
3475,9
3476,6
3476,18
3476,20
3477,6
3478,1
3478,16
3479,20
3480,6
3480,12
3480,14
3480,16
3481,1
3481,6
3482,6
3482,12
3482,18
3483,1
3483,6
3483,12
3483,16
3483,18
3483,20
3484,1
3484,6
3484,16
3484,20
3485,1
3485,16
3486,6
3486,12
3486,13
3486,16
3487,6
3487,12
3487,13
3487,14
3487,20
3488,1
3488,6
3488,12
3488,13
3488,16
3488,20
3489,6
3489,12
3489,16
3489,20
3490,6
3490,18
3493,1
3493,20
3494,1
3494,9
3494,16
3495,16
3495,20
3496,1
3496,6
3496,12
3496,16
3496,18
3496,20
3497,1
3497,9
3497,16
3498,6
3500,6
3500,12
3500,14
3500,16
3500,19
3500,20
3501,1
3501,6
3501,12
3501,13
3501,14
3501,16
3502,1
3503,1
3503,6
3503,12
3503,16
3503,20
3504,1
3504,6
3504,14
3504,18
3504,20
3505,6
3505,12
3505,16
3505,18
3505,20
3506,6
3506,13
3506,16
3506,18
3506,20
3507,1
3507,6
3507,13
3507,16
3508,1
3508,6
3508,16
3508,20
3510,6
3510,12
3510,13
3510,14
3510,16
3511,1
3512,1
3512,16
3513,6
3513,12
3513,14
3513,16
3513,20
3514,6
3514,12
3514,13
3514,16
3515,6
3515,12
3515,13
3515,16
3515,20
3516,6
3516,12
3516,16
3517,1
3517,16
3518,1
3518,6
3518,12
3518,14
3518,16
3518,20
3519,6
3519,12
3519,18
3520,6
3520,14
3520,16
3520,18
3521,1
3521,9
3521,14
3521,15
3523,6
3524,6
3524,12
3525,1
3525,14
3525,16
3525,20
3526,1
3526,9
3526,15
3527,1
3527,16
3528,1
3528,16
3529,1
3529,14
3529,18
3529,20
3530,6
3530,12
3530,13
3530,14
3530,18
3530,20
3531,1
3531,20
3532,1
3532,16
3533,6
3533,20
3534,6
3534,14
3535,6
3535,16
3536,9
3537,1
3537,16
3537,18
3537,20
3538,1
3538,6
3538,16
3538,18
3538,20
3539,1
3539,6
3539,16
3540,6
3540,12
3540,16
3540,18
3541,1
3541,14
3541,16
3541,20
3543,1
3543,16
3544,9
3544,13
3545,1
3545,14
3545,16
3545,18
3546,1
3546,16
3547,1
3548,1
3548,16
3549,6
3549,12
3549,14
3549,16
3550,6
3551,6
3551,12
3551,16
3552,1
3552,9
3553,6
3553,12
3553,16
3554,16
3555,1
3556,1
3556,6
3556,12
3556,14
3556,16
3556,20
3557,12
3558,1
3559,6
3559,12
3559,16
3560,1
3560,10
3560,14
3560,16
3561,1
3561,9
3562,1
3562,20
3563,1
3563,16
3564,6
3564,16
3564,20
3565,1
3565,14
3566,1
3566,9
3566,14
3566,18
3566,20
3567,1
3567,9
3567,15
3568,6
3568,16
3570,1
3570,14
3570,18
3570,20
3571,6
3571,12
3572,6
3572,12
3573,14
3573,16
3574,1
3574,6
3574,9
3574,12
3574,13
3574,20
3575,6
3575,12
3575,13
3575,16
3575,20
3576,1
3576,20
3578,14
3578,16
3578,18
3578,20
3579,1
3579,6
3579,12
3579,14
3579,20
3580,1
3580,16
3580,20
3581,1
3582,1
3582,9
3582,13
3582,15
3583,1
3583,16
3584,1
3584,12
3584,14
3584,16
3585,1
3585,14
3585,16
3586,1
3586,13
3586,14
3586,16
3586,20
3587,6
3587,12
3587,13
3587,16
3588,1
3588,14
3589,16
3590,1
3591,1
3591,14
3592,1
3592,6
3592,9
3592,14
3592,19
3592,20
3593,1
3593,9
3593,20
3594,1
3595,1
3595,9
3596,1
3596,9
3597,1
3597,16
3598,1
3598,18
3598,20
3599,1
3599,18
3600,6
3600,20
3601,1
3601,14
3601,16
3601,20
3602,1
3603,1
3603,9
3603,20
3604,1
3604,14
3604,16
3604,20
3605,1
3605,6
3605,16
3606,1
3606,16
3606,20
3607,1
3607,16
3607,20
3608,1
3609,9
3610,1
3611,6
3611,12
3611,16
3611,18
3612,16
3613,6
3613,12
3613,14
3613,20
3614,14
3614,18
3614,20
3615,1
3615,20
3616,1
3616,9
3616,14
3617,1
3617,16
3618,1
3618,14
3618,18
3619,1
3620,1
3621,1
3621,14
3621,16
3622,1
3622,9
3622,20
3623,9
3623,20
3624,6
3624,12
3624,20
3625,6
3625,20
3626,18
3627,1
3627,6
3627,14
3628,1
3628,6
3628,16
3628,20
3629,1
3629,20
3630,1
3632,1
3632,16
3632,20
3633,1
3633,20
3634,1
3634,9
3634,14
3635,1
3635,6
3635,12
3636,6
3636,12
3637,1
3637,20
3638,1
3638,14
3639,1
3639,9
3640,1
3640,9
3641,1
3641,9
3642,1
3642,14
3643,1
3643,14
3643,18
3644,1
3644,6
3644,18
3645,1
3645,6
3645,20
3646,1
3646,16
3646,18
3646,20
3647,1
3648,1
3648,20
3649,1
3649,2
3649,16
3650,1
3650,2
3650,14
3651,18
3652,16
3652,18
3653,18
3654,18
3655,6
3655,13
3655,18
3656,6
3656,18
3657,18
3657,20
3658,6
3658,14
3658,18
3659,18
3660,6
3660,16
3660,18
3661,18
3662,6
3663,6
3663,18
3664,6
3664,9
3664,18
3664,20
3665,6
3665,18
3666,1
3666,18
3666,20
3667,6
3668,1
3668,6
3668,13
3668,20
3669,1
3669,13
3669,18
3669,20
3670,18
3671,6
3671,13
3671,18
3671,20
3672,6
3672,18
3672,20
3673,6
3673,14
3673,18
3674,6
3674,16
3674,18
3675,18
3676,10
3676,18
3677,6
3677,18
3679,6
3679,12
3679,14
3679,18
3680,6
3680,18
3680,20
3681,6
3681,13
3681,14
3681,18
3682,6
3682,16
3682,18
3683,6
3683,18
3683,20
3684,6
3684,18
3685,6
3685,14
3685,18
3685,20
3686,1
3686,18
3687,6
3687,16
3687,18
3688,6
3688,12
3688,13
3689,1
3689,14
3690,6
3690,18
3691,6
3691,18
3692,6
3692,18
3693,6
3693,18
3694,1
3694,18
3695,1
3695,9
3695,18
3696,1
3696,18
3697,1
3697,4
3697,18
3698,1
3699,1
3699,18
3700,1
3700,16
3700,18
3701,18
3702,1
3702,6
3702,20
3703,1
3703,6
3703,13
3703,18
3703,20
3704,1
3704,6
3704,18
3704,19
3705,1
3705,18
3705,19
3706,1
3706,9
3706,18
3707,1
3707,18
3708,1
3708,18
3709,1
3709,6
3709,12
3709,13
3709,16
3709,18
3710,1
3710,16
3710,18
3711,1
3711,6
3711,18
3712,1
3712,16
3712,18
3713,1
3713,6
3713,12
3713,18
3714,1
3714,13
3714,18
3715,1
3715,18
3715,20
3716,1
3716,18
3717,1
3718,1
3719,1
3719,4
3719,18
3720,1
3720,18
3721,1
3721,20
3722,1
3723,1
3723,4
3723,18
3724,1
3725,1
3725,18
3726,1
3726,14
3726,18
3727,1
3727,5
3728,1
3728,4
3728,10
3729,1
3730,18
3731,1
3731,4
3731,16
3732,1
3732,18
3732,20
3733,1
3733,18
3733,20
3734,1
3735,1
3735,18
3736,1
3736,14
3736,18
3737,1
3738,1
3738,4
3739,1
3739,18
3740,1
3740,18
3741,1
3741,4
3741,18
3742,1
3743,1
3743,4
3743,16
3743,20
3744,1
3744,18
3744,20
3745,1
3745,4
3745,18
3745,20
3746,1
3747,1
3747,18
3747,20
3748,1
3748,18
3748,20
3749,1
3749,14
3749,18
3750,1
3750,18
3751,1
3752,1
3752,16
3753,1
3754,1
3754,14
3755,1
3755,9
3755,16
3756,1
3756,18
3757,1
3757,4
3757,20
3758,1
3759,1
3759,4
3759,14
3759,16
3759,20
3760,1
3760,9
3760,18
3760,20
3761,1
3761,16
3761,17
3761,18
3762,1
3762,4
3762,18
3763,1
3764,1
3765,1
3766,1
3766,4
3766,18
3766,20
3767,1
3768,1
3768,4
3769,1
3769,14
3769,15
3769,18
3770,1
3770,18
3771,1
3771,16
3772,1
3773,1
3773,16
3773,18
3774,1
3774,18
3775,1
3775,10
3776,1
3776,18
3776,20
3777,1
3777,18
3778,7
3779,1
3779,18
3780,1
3780,9
3780,14
3780,18
3781,1
3781,14
3781,20
3782,1
3782,18
3783,1
3783,4
3783,9
3783,14
3783,20
3784,1
3784,4
3784,18
3784,20
3785,1
3785,9
3785,14
3785,18
3786,1
3786,4
3786,18
3787,1
3788,1
3789,1
3789,4
3789,20
3790,1
3790,4
3790,18
3791,1
3791,16
3791,20
3792,1
3792,10
3792,14
3792,18
3792,20
3793,1
3793,9
3793,14
3793,16
3793,18
3794,1
3794,4
3794,18
3795,1
3795,6
3795,16
3795,20
3796,1
3797,1
3797,20
3798,1
3799,1
3800,1
3801,1
3801,9
3801,16
3801,18
3802,1
3802,7
3802,18
3803,1
3803,4
3803,18
3804,1
3805,1
3805,18
3806,1
3806,14
3807,1
3807,9
3808,1
3808,9
3808,14
3808,18
3809,1
3809,18
3810,1
3811,1
3811,18
3811,20
3812,4
3812,18
3813,1
3813,18
3813,20
3814,1
3814,18
3815,1
3815,4
3815,18
3815,19
3816,1
3816,9
3816,20
3817,1
3817,18
3818,1
3818,18
3819,1
3819,4
3820,1
3820,4
3820,18
3821,1
3822,1
3822,20
3823,1
3823,4
3823,18
3824,1
3824,16
3825,1
3825,4
3825,18
3825,20
3826,1
3826,18
3827,1
3827,4
3827,14
3827,18
3827,20
3828,1
3828,14
3829,1
3829,4
3829,18
3830,16
3830,18
3831,1
3831,4
3831,18
3832,1
3832,9
3832,16
3832,20
3833,1
3833,4
3833,18
3833,20
3834,1
3835,1
3835,9
3835,10
3835,14
3835,18
3835,19
3835,20
3836,1
3836,4
3836,18
3837,1
3837,18
3838,1
3839,1
3839,4
3840,1
3840,18
3841,1
3842,1
3842,18
3843,1
3843,10
3843,18
3843,20
3844,1
3844,4
3844,18
3844,20
3845,1
3845,18
3845,20
3846,1
3846,9
3846,18
3846,19
3847,1
3847,18
3847,19
3848,1
3848,18
3849,1
3849,14
3849,18
3850,1
3850,14
3850,18
3850,20
3851,1
3851,4
3851,20
3852,1
3852,4
3852,18
3852,19
3853,1
3853,4
3853,18
3853,20
3854,1
3854,5
3854,10
3854,16
3854,18
3855,1
3856,1
3856,18
3857,1
3857,4
3858,1
3859,1
3859,18
3860,1
3860,16
3861,1
3861,4
3861,20
3862,1
3862,18
3862,19
3862,20
3863,1
3864,1
3864,18
3865,1
3866,1
3867,1
3867,9
3867,18
3867,19
3867,20
3868,1
3868,4
3868,18
3868,20
3869,1
3869,4
3869,20
3870,1
3870,4
3871,1
3871,4
3871,18
3872,6
3872,18
3873,1
3873,18
3873,20
3874,6
3874,18
3874,19
3875,1
3875,9
3876,1
3876,16
3876,18
3877,16
3877,18
3878,1
3879,1
3880,6
3880,18
3881,1
3881,16
3881,18
3882,16
3882,18
3883,1
3883,14
3883,18
3883,19
3884,1
3884,18
3885,1
3885,13
3885,18
3886,1
3886,18
3887,1
3887,13
3887,18
3888,1
3889,1
3889,16
3889,18
3890,16
3891,18
3892,1
3892,15
3892,16
3892,19
3893,1
3894,1
3894,16
3895,16
3896,1
3896,6
3896,12
3896,13
3896,18
3896,20
3897,18
3898,18
3899,7
3900,1
3900,7
3901,7
3902,11
3903,1
3903,11
3904,1
3904,7
3905,1
3905,11
3906,1
3906,18
3907,7
3908,1
3908,6
3909,1
3909,10
3910,1
3910,11
3911,7
3912,7
3913,1
3913,7
3914,7
3915,1
3915,6
3915,11
3916,7
3917,7
3918,7
3919,6
3919,18
3919,20
3920,11
3921,11
3922,1
3922,7
3922,18
3923,7
3924,1
3924,6
3924,11
3925,6
3925,11
3925,19
3926,7
3927,1
3927,11
3927,18
3927,19
3928,1
3928,7
3929,7
3930,1
3930,6
3930,11
3931,1
3931,7
3932,11
3933,1
3933,11
3934,7
3935,7
3937,1
3937,6
3937,11
3938,7
3939,1
3939,7
3940,1
3940,6
3940,11
3940,12
3940,19
3941,1
3941,6
3942,1
3942,11
3943,1
3943,6
3943,18
3943,20
3944,7
3945,7
3946,7
3947,10
3948,6
3949,7
3950,6
3950,7
3951,1
3951,6
3951,7
3952,1
3952,6
3952,7
3953,1
3953,6
3953,7
3954,1
3954,6
3954,18
3956,7
3957,6
3957,7
3958,6
3958,7
3959,6
3959,7
3960,1
3960,6
3961,7
3962,1
3962,6
3962,7
3963,7
3964,7
3965,1
3965,7
3966,6
3966,12
3967,6
3967,7
3967,13
3968,1
3969,7
3970,7
3971,1
3972,7
3973,7
3974,1
3974,16
3975,7
3976,1
3976,6
3977,1
3977,6
3977,20
3978,6
3978,7
3979,7
3980,1
3981,6
3981,7
3981,13
3982,1
3982,6
3983,7
3984,1
3985,6
3985,20
3986,7
3987,7
3988,7
3989,1
3989,6
3989,18
3990,6
3990,7
3991,7
3992,1
3992,7
3993,1
3993,9
3994,1
3994,6
3994,7
3994,13
3994,18
3995,6
3996,7
3997,6
3997,7
3998,1
3998,6
3999,1
3999,6
4000,7
4001,7
4002,7
4003,7
4004,1
4004,6
4005,6
4005,18
4006,1
4006,6
4006,7
4006,12
4007,7
4008,7
4009,1
4010,7
4011,7
4012,6
4012,7
4013,7
4014,6
4014,7
4014,12
4015,7
4016,1
4016,6
4016,18
4016,19
4017,7
4018,7
4019,7
4021,6
4021,13
4021,20
4022,7
4023,1
4023,6
4023,13
4023,18
4024,7
4025,1
4025,6
4026,7
4027,1
4027,14
4027,16
4028,7
4029,1
4029,6
4030,7
4031,6
4031,13
4032,1
4032,7
4033,1
4033,7
4034,7
4035,6
4035,7
4036,6
4036,7
4037,6
4037,7
4038,6
4039,7
4040,1
4040,6
4040,16
4040,18
4041,6
4041,7
4042,1
4042,7
4043,1
4043,6
4043,7
4043,18
4043,19
4044,1
4044,7
4045,1
4045,7
4046,7
4047,7
4048,6
4048,7
4048,18
4049,7
4050,10
4051,7
4052,7
4053,6
4053,7
4053,12
4053,13
4053,18
4054,7
4055,6
4055,7
4056,6
4057,1
4057,6
4057,9
4058,7
4059,7
4060,6
4060,7
4061,7
4062,6
4062,9
4062,16
4062,18
4063,1
4063,6
4063,7
4064,7
4065,1
4065,6
4065,7
4066,1
4066,6
4066,7
4067,7
4068,1
4068,6
4068,18
4070,7
4071,7
4072,1
4072,7
4073,1
4073,7
4074,7
4075,1
4076,1
4076,6
4077,1
4077,6
4078,6
4079,7
4080,1
4080,6
4081,7
4082,1
4082,6
4082,7
4083,7
4084,6
4084,13
4085,1
4086,7
4088,1
4088,6
4089,6
4089,13
4089,16
4089,18
4090,7
4091,6
4091,7
4092,7
4092,18
4093,1
4093,6
4093,7
4094,1
4094,6
4094,12
4094,20
4095,1
4095,6
4096,1
4096,6
4097,1
4097,6
4097,9
4098,7
4099,6
4099,7
4100,1
4100,6
4101,6
4101,12
4101,13
4101,16
4101,18
4102,1
4102,6
4102,13
4103,1
4103,9
4103,20
4104,1
4104,6
4104,18
4105,1
4105,6
4105,18
4105,20
4106,1
4106,20
4107,1
4107,20
4108,1
4108,18
4109,1
4110,1
4110,9
4111,1
4111,20
4112,1
4112,20
4113,1
4113,9
4113,18
4114,1
4114,6
4114,18
4115,1
4115,6
4116,1
4117,1
4117,20
4118,1
4118,20
4119,1
4120,1
4120,14
4120,18
4121,1
4121,6
4121,13
4121,18
4121,20
4122,1
4123,1
4123,9
4124,1
4124,6
4124,13
4125,18
4126,1
4126,9
4126,16
4126,18
4127,1
4127,20
4128,1
4128,20
4129,1
4129,9
4130,1
4130,18
4130,20
4131,1
4132,1
4132,18
4133,6
4133,20
4134,1
4134,6
4134,10
4134,18
4135,1
4135,6
4135,18
4136,1
4137,1
4137,9
4137,20
4138,1
4139,1
4139,6
4139,18
4139,20
4140,1
4140,20
4141,1
4141,6
4142,1
4143,1
4143,18
4143,20
4144,1
4145,1
4145,9
4146,1
4147,1
4147,18
4147,20
4148,1
4148,20
4149,1
4150,1
4150,18
4151,20
4152,1
4152,20
4153,1
4153,18
4153,20
4154,1
4154,13
4154,18
4156,1
4156,18
4156,20
4157,1
4157,18
4158,1
4158,20
4159,1
4160,1
4161,6
4161,18
4161,20
4162,1
4162,18
4163,6
4164,1
4164,18
4164,20
4165,1
4165,9
4165,18
4165,20
4166,1
4166,9
4167,9
4169,1
4170,1
4170,10
4171,1
4171,20
4172,1
4172,18
4173,1
4175,1
4176,1
4176,18
4177,1
4178,1
4178,18
4178,20
4179,1
4179,20
4180,1
4180,6
4180,18
4181,1
4181,16
4182,1
4182,18
4182,20
4183,1
4184,1
4184,9
4185,1
4186,1
4186,6
4186,18
4187,1
4187,18
4188,1
4188,18
4189,1
4189,18
4189,20
4190,1
4190,18
4191,1
4191,6
4191,20
4192,1
4192,20
4193,1
4194,1
4194,6
4195,1
4195,18
4195,20
4196,1
4196,6
4196,20
4197,1
4198,1
4198,20
4199,1
4199,18
4199,20
4200,1
4200,20
4201,1
4201,6
4202,1
4202,9
4202,20
4203,1
4203,6
4203,18
4203,20
4204,6
4205,1
4205,6
4206,6
4206,20
4207,1
4208,1
4209,1
4209,18
4209,20
4210,1
4210,20
4211,1
4212,1
4212,13
4212,18
4212,20
4213,1
4213,9
4213,18
4214,1
4215,1
4216,1
4216,18
4217,1
4218,1
4218,14
4219,1
4219,18
4219,20
4220,1
4221,1
4221,6
4221,12
4221,18
4221,20
4222,1
4222,18
4223,1
4224,1
4224,18
4225,1
4225,6
4225,20
4226,1
4226,14
4226,18
4226,20
4227,1
4227,20
4228,1
4228,16
4228,18
4229,1
4229,18
4230,1
4230,20
4231,1
4232,1
4232,6
4232,18
4233,1
4233,18
4234,1
4234,18
4235,1
4235,18
4236,1
4236,6
4236,13
4236,18
4236,20
4237,1
4237,13
4237,18
4237,20
4238,1
4238,20
4239,10
4239,18
4240,1
4240,10
4241,1
4241,14
4241,20
4242,1
4242,6
4243,1
4243,18
4244,1
4244,18
4244,20
4245,1
4245,6
4245,18
4246,1
4246,6
4246,13
4247,1
4247,18
4247,20
4248,1
4248,18
4249,1
4249,6
4249,18
4250,1
4250,18
4251,1
4251,18
4252,1
4252,18
4253,1
4253,6
4253,13
4253,18
4254,1
4254,20
4255,1
4256,1
4257,1
4257,6
4257,13
4257,20
4258,1
4259,1
4260,1
4261,6
4261,18
4262,1
4262,18
4263,1
4263,6
4263,20
4264,1
4265,1
4265,6
4265,18
4266,1
4266,13
4266,18
4267,1
4268,1
4268,6
4268,18
4269,1
4269,14
4270,1
4270,6
4270,18
4270,20
4271,1
4272,1
4272,18
4272,20
4273,1
4273,9
4273,18
4274,1
4274,18
4274,20
4275,1
4275,10
4275,18
4276,1
4277,6
4277,18
4278,9
4278,18
4279,1
4280,1
4281,1
4282,1
4283,1
4283,18
4283,20
4284,1
4284,9
4284,18
4285,1
4285,18
4285,20
4286,1
4286,18
4286,20
4287,1
4287,6
4287,14
4287,18
4288,1
4289,1
4289,16
4289,18
4290,1
4290,20
4291,1
4291,20
4292,1
4293,1
4293,18
4294,1
4294,4
4295,1
4295,18
4295,20
4296,1
4296,18
4297,1
4298,1
4299,1
4299,18
4299,20
4300,1
4300,6
4300,18
4300,20
4301,1
4301,18
4302,1
4302,20
4303,1
4303,6
4303,13
4303,18
4303,20
4304,1
4304,20
4305,1
4305,6
4305,20
4306,1
4306,18
4307,1
4308,1
4308,18
4309,1
4309,18
4310,1
4311,1
4311,20
4312,1
4312,18
4312,20
4313,1
4314,1
4314,9
4315,7
4316,1
4316,6
4317,1
4317,10
4318,1
4318,4
4318,9
4318,16
4318,18
4319,1
4319,20
4320,1
4320,7
4321,1
4321,5
4321,11
4322,1
4323,1
4323,4
4323,6
4323,14
4323,18
4323,20
4324,1
4324,11
4325,10
4327,1
4327,6
4329,7
4330,1
4330,6
4330,20
4331,1
4331,7
4332,1
4333,1
4334,1
4334,6
4334,20
4335,1
4335,7
4336,7
4337,1
4337,6
4337,16
4338,1
4338,20
4339,1
4339,6
4339,20
4341,1
4342,7
4343,7
4344,1
4344,6
4345,1
4346,7
4347,1
4348,7
4349,7
4350,7
4352,7
4353,1
4353,6
4353,16
4353,18
4354,1
4354,6
4354,7
4355,7
4356,7
4358,1
4358,6
4359,1
4359,6
4359,16
4359,20
4360,7
4361,7
4362,10
4363,7
4365,1
4365,7
4367,1
4367,9
4367,16
4367,18
4368,16
4369,1
4370,1
4371,7
4372,6
4372,16
4372,19
4373,1
4374,7
4375,7
4376,1
4376,10
4377,18
4378,1
4378,9
4378,10
4378,14
4379,7
4382,1
4383,1
4384,1
4386,1
4386,10
4388,7
4389,7
4391,7
4392,1
4393,16
4394,10
4395,1
4395,16
4396,7
4397,1
4398,16
4399,7
4401,6
4401,18
4402,1
4402,18
4403,1
4403,18
4404,1
4404,6
4404,9
4404,15
4404,18
4405,6
4405,18
4406,1
4407,1
4407,5
4407,6
4407,10
4408,1
4408,18
4409,10
4410,1
4411,1
4411,6
4411,20
4412,1
4412,9
4412,18
4412,20
4413,18
4414,1
4414,18
4415,1
4415,18
4416,1
4416,6
4416,18
4416,19
4417,14
4418,1
4418,18
4419,1
4419,18
4419,20
4420,1
4420,18
4420,19
4420,20
4421,1
4421,20
4422,18
4423,18
4424,1
4424,4
4425,1
4425,18
4426,1
4427,1
4427,4
4428,1
4429,1
4430,1
4430,18
4432,1
4433,1
4434,1
4434,6
4434,18
4434,20
4435,1
4435,6
4435,20
4436,6
4436,10
4436,18
4437,6
4437,12
4438,1
4438,19
4439,1
4439,18
4440,1
4440,18
4441,1
4441,16
4441,18
4442,6
4442,18
4443,16
4443,18
4444,1
4444,4
4444,6
4444,20
4445,1
4446,13
4446,18
4447,1
4447,18
4448,1
4448,18
4449,6
4449,14
4449,18
4450,1
4450,6
4451,1
4451,18
4452,6
4452,13
4452,14
4452,18
4453,6
4453,13
4453,18
4454,1
4454,18
4455,14
4455,18
4455,20
4456,9
4456,20
4457,1
4457,6
4457,20
4458,18
4459,1
4459,18
4460,1
4460,6
4460,18
4461,1
4461,18
4462,1
4462,6
4462,18
4462,20
4463,6
4463,18
4464,1
4464,18
4465,1
4465,6
4465,12
4465,13
4465,18
4466,18
4467,1
4467,18
4468,1
4468,18
4469,6
4469,14
4470,1
4470,18
4471,18
4472,1
4472,6
4472,16
4472,18
4473,1
4473,6
4473,14
4473,18
4474,1
4474,6
4475,18
4476,16
4476,18
4477,1
4477,18
4477,20
4478,1
4478,6
4478,12
4478,16
4478,18
4478,20
4479,1
4479,14
4479,18
4480,1
4480,18
4481,1
4481,18
4482,1
4482,14
4483,18
4484,1
4484,18
4485,6
4485,13
4485,14
4485,18
4486,18
4487,1
4487,18
4487,20
4488,1
4488,6
4488,18
4489,1
4490,1
4490,14
4490,18
4490,20
4491,18
4492,1
4492,12
4492,18
4493,18
4494,1
4494,13
4495,13
4495,18
4496,1
4496,18
4496,20
4497,1
4497,18
4498,18
4499,14
4500,1
4500,18
4501,1
4501,6
4501,10
4501,18
4501,20
4502,1
4503,6
4503,18
4504,1
4504,14
4504,18
4505,1
4505,6
4506,1
4506,6
4506,12
4506,15
4506,18
4506,20
4507,1
4507,6
4507,12
4507,18
4508,1
4508,14
4508,18
4509,18
4510,6
4510,14
4510,18
4511,6
4511,12
4511,13
4511,18
4512,1
4513,6
4513,13
4513,18
4513,20
4514,18
4515,1
4515,6
4516,18
4517,6
4517,18
4518,6
4518,12
4518,13
4518,18
4518,20
4519,1
4519,6
4519,12
4519,18
4519,20
4520,6
4520,18
4521,1
4521,14
4521,18
4522,1
4522,6
4522,18
4523,1
4523,6
4523,12
4523,18
4524,1
4524,6
4524,18
4525,1
4526,1
4526,18
4527,12
4527,18
4528,1
4528,6
4528,14
4528,16
4528,18
4529,18
4530,1
4530,6
4530,12
4530,14
4530,18
4530,20
4531,1
4532,1
4532,6
4532,13
4532,16
4532,18
4532,20
4533,1
4533,14
4534,1
4534,14
4534,18
4535,6
4535,18
4536,1
4536,18
4536,20
4537,1
4539,1
4539,14
4539,16
4539,18
4540,1
4540,18
4540,20
4541,13
4541,18
4541,20
4542,1
4542,6
4542,18
4543,18
4544,1
4544,16
4544,18
4545,1
4545,18
4546,1
4547,1
4547,6
4547,18
4548,1
4548,6
4548,14
4548,18
4549,1
4549,18
4550,1
4550,20
4551,1
4551,13
4551,18
4552,1
4552,6
4552,13
4552,18
4553,1
4553,6
4553,12
4553,18
4554,6
4554,14
4554,18
4555,13
4556,1
4556,6
4556,14
4556,18
4557,1
4557,6
4558,1
4558,18
4558,20
4559,1
4559,6
4559,18
4560,1
4560,18
4561,1
4561,18
4562,18
4563,1
4563,18
4563,20
4564,18
4565,14
4566,1
4566,18
4567,1
4568,1
4568,6
4568,12
4568,14
4568,18
4569,1
4569,18
4570,1
4570,18
4571,6
4571,18
4572,18
4572,20
4573,6
4573,12
4573,18
4574,1
4574,13
4574,18
4574,20
4575,6
4575,12
4575,20
4576,1
4576,6
4577,18
4578,1
4578,14
4578,18
4578,20
4579,6
4580,1
4580,18
4581,18
4582,1
4582,18
4583,14
4583,18
4584,1
4584,6
4584,12
4584,13
4584,18
4585,1
4585,6
4585,18
4585,20
4586,6
4586,12
4586,13
4586,16
4586,18
4587,9
4587,13
4587,18
4589,1
4589,6
4589,12
4589,14
4589,18
4590,1
4590,14
4590,18
4591,1
4591,18
4592,1
4592,18
4592,20
4593,6
4593,12
4593,13
4593,18
4594,1
4594,18
4594,20
4595,1
4595,13
4595,18
4596,1
4596,18
4597,1
4597,18
4597,20
4598,6
4598,12
4598,13
4598,18
4599,1
4599,6
4599,18
4599,20
4600,1
4600,20
4601,1
4601,20
4602,1
4603,1
4603,20
4604,1
4604,18
4604,20
4605,18
4606,1
4606,18
4606,20
4607,1
4607,18
4608,1
4608,6
4608,12
4608,13
4608,16
4608,18
4609,1
4609,18
4610,1
4610,18
4611,1
4611,14
4612,1
4612,14
4613,1
4613,9
4613,18
4614,6
4614,13
4615,1
4615,18
4616,1
4616,18
4617,12
4617,18
4617,20
4618,18
4618,20
4619,1
4620,18
4620,20
4621,1
4621,18
4621,20
4622,1
4622,18
4623,1
4623,18
4624,1
4624,14
4624,18
4625,1
4625,6
4625,12
4625,18
4626,1
4626,18
4627,1
4627,6
4628,1
4628,18
4629,1
4629,6
4629,13
4629,14
4629,18
4629,20
4630,1
4631,1
4631,6
4631,12
4631,13
4631,18
4631,20
4632,1
4632,14
4632,18
4633,1
4633,6
4633,12
4633,13
4633,14
4633,16
4634,18
4635,1
4635,13
4635,18
4635,20
4636,1
4636,16
4637,1
4637,14
4637,18
4638,1
4638,18
4639,1
4639,6
4639,18
4639,20
4640,1
4640,6
4640,12
4640,18
4640,20
4641,1
4641,5
4641,9
4641,14
4641,18
4641,20
4642,1
4642,18
4643,1
4643,20
4644,1
4644,6
4644,18
4645,9
4645,18
4646,1
4646,18
4647,6
4647,12
4647,18
4647,20
4648,6
4649,14
4649,16
4649,18
4650,1
4650,14
4650,18
4650,20
4652,1
4652,20
4653,1
4654,6
4654,12
4654,13
4654,14
4654,18
4654,20
4655,6
4655,18
4655,20
4656,1
4656,6
4656,12
4656,13
4656,14
4656,18
4657,1
4658,1
4658,16
4658,18
4658,20
4659,1
4660,1
4660,18
4660,20
4661,18
4663,1
4663,18
4663,20
4664,14
4664,18
4665,1
4665,18
4665,20
4666,18
4667,1
4667,14
4667,18
4668,1
4668,6
4668,18
4668,20
4669,1
4670,1
4671,1
4671,16
4671,18
4672,1
4672,6
4672,20
4673,1
4673,18
4673,20
4674,1
4674,20
4675,1
4676,1
4676,18
4677,6
4677,12
4677,13
4677,18
4677,20
4678,1
4678,6
4678,12
4678,18
4678,20
4679,1
4679,18
4680,18
4681,1
4681,6
4681,18
4681,20
4682,1
4682,18
4682,20
4683,1
4683,18
4684,6
4684,18
4685,1
4685,6
4685,12
4685,18
4685,20
4686,1
4686,16
4686,18
4687,1
4687,14
4687,18
4688,18
4689,6
4689,12
4689,18
4690,1
4690,20
4691,1
4691,6
4691,14
4691,18
4691,20
4692,1
4692,6
4692,18
4692,20
4694,1
4694,18
4695,1
4696,1
4696,4
4696,9
4696,18
4697,1
4697,6
4697,18
4697,19
4698,1
4698,13
4698,16
4698,18
4698,20
4699,1
4699,18
4700,1
4700,18
4700,20
4701,1
4701,6
4701,18
4701,19
4702,1
4702,4
4702,6
4702,18
4702,20
4703,1
4703,18
4703,19
4704,6
4705,1
4705,6
4706,1
4706,6
4706,9
4707,1
4707,6
4707,16
4707,20
4708,1
4708,18
4709,1
4710,1
4710,6
4710,18
4711,9
4711,16
4712,1
4712,9
4712,18
4713,1
4713,4
4714,1
4714,6
4714,20
4715,1
4715,6
4715,20
4717,9
4718,1
4718,18
4719,4
4719,18
4719,20
4720,6
4720,16
4720,18
4721,6
4721,18
4722,18
4723,18
4724,13
4724,18
4725,6
4725,18
4725,20
4726,14
4726,18
4727,4
4728,6
4728,14
4728,18
4729,1
4729,13
4729,18
4730,6
4730,18
4731,18
4732,18
4733,18
4734,16
4734,18
4735,18
4736,6
4738,6
4738,18
4739,18
4740,6
4740,13
4740,16
4740,18
4740,20
4741,14
4741,18
4742,14
4742,18
4743,6
4743,20
4744,6
4744,18
4745,6
4745,18
4746,18
4747,18
4748,6
4748,18
4749,1
4749,6
4749,13
4749,16
4749,18
4749,20
4750,1
4751,1
4751,16
4751,18
4752,18
4752,20
4753,6
4753,18
4754,6
4754,13
4754,14
4754,18
4754,20
4755,6
4755,14
4755,18
4756,14
4756,18
4757,6
4757,18
4758,6
4758,18
4759,6
4759,13
4759,18
4759,20
4760,6
4760,16
4760,18
4761,6
4761,18
4762,18
4762,20
4763,6
4764,13
4764,16
4764,18
4765,6
4765,10
4765,13
4765,18
4766,6
4766,13
4766,14
4766,18
4766,20
4767,6
4767,18
4767,20
4768,6
4768,18
4768,20
4769,6
4769,13
4769,18
4770,1
4770,14
4770,18
4770,20
4771,6
4771,18
4771,20
4772,6
4772,18
4773,6
4773,18
4773,20
4774,16
4775,18
4775,20
4776,6
4776,13
4776,18
4776,20
4777,6
4777,18
4778,16
4778,18
4779,18
4780,18
4780,20
4781,6
4781,18
4782,18
4783,1
4783,9
4783,15
4783,18
4785,1
4785,6
4785,13
4785,20
4786,1
4786,16
4786,18
4787,18
4788,18
4789,18
4790,6
4790,16
4790,18
4791,1
4791,18
4791,20
4792,1
4792,6
4792,13
4792,20
4793,6
4793,16
4793,18
4793,20
4794,6
4794,13
4794,18
4795,6
4795,13
4795,18
4796,6
4796,18
4797,16
4797,18
4799,6
4799,18
4800,1
4800,6
4801,18
4802,6
4802,20
4803,6
4804,18
4806,18
4807,6
4807,18
4808,6
4808,13
4808,18
4809,1
4809,18
4810,6
4810,16
4810,18
4811,6
4811,13
4811,18
4812,6
4812,18
4812,20
4813,6
4813,18
4813,20
4814,18
4814,20
4815,18
4816,6
4816,18
4817,6
4817,18
4818,18
4818,20
4819,6
4819,13
4819,14
4819,16
4819,18
4820,6
4820,18
4821,14
4821,18
4822,18
4823,18
4823,20
4824,18
4825,18
4826,6
4826,16
4826,18
4827,6
4827,12
4827,13
4827,14
4827,18
4827,20
4828,18
4829,14
4830,14
4830,18
4831,18
4832,1
4832,9
4833,1
4834,1
4834,10
4835,1
4835,9
4836,1
4836,9
4837,1
4837,9
4837,10
4838,9
4839,1
4839,7
4839,9
4840,1
4840,9
4841,1
4841,7
4842,1
4842,9
4843,1
4843,9
4844,1
4844,9
4844,10
4845,1
4845,9
4846,1
4847,1
4847,9
4847,14
4848,1
4848,9
4849,1
4849,9
4850,1
4851,1
4851,10
4852,1
4852,14
4853,1
4853,9
4854,1
4854,9
4855,1
4856,1
4856,20
4857,1
4857,7
4857,9
4858,1
4858,9
4858,14
4859,1
4859,9
4860,1
4860,9
4861,1
4861,9
4862,1
4862,9
4862,10
4863,1
4864,1
4864,9
4865,1
4865,9
4866,1
4866,9
4866,10
4867,1
4867,9
4868,1
4868,9
4868,10
4869,1
4870,1
4870,9
4871,1
4871,9
4872,1
4872,9
4873,1
4873,7
4873,9
4874,7
4874,9
4875,1
4875,9
4876,1
4876,9
4877,1
4877,9
4878,1
4878,9
4879,1
4879,9
4880,1
4880,9
4881,1
4881,9
4882,1
4882,9
4883,1
4883,9
4884,1
4885,1
4885,9
4885,10
4886,1
4886,17
4887,1
4887,9
4888,1
4888,7
4888,9
4889,1
4890,1
4891,1
4891,9
4892,1
4892,9
4892,10
4893,1
4893,9
4894,1
4894,7
4894,9
4895,1
4895,7
4895,9
4896,1
4896,9
4897,1
4897,7
4897,9
4898,1
4898,9
4899,1
4899,9
4900,1
4901,1
4901,9
4902,1
4902,9
4903,1
4903,9
4904,1
4904,9
4904,10
4905,1
4905,9
4906,1
4907,1
4907,7
4907,9
4908,1
4908,9
4909,1
4909,9
4909,10
4910,1
4910,7
4910,9
4911,1
4911,9
4912,1
4912,9
4913,1
4914,1
4914,9
4915,1
4915,9
4916,1
4917,1
4917,9
4918,1
4918,9
4918,10
4919,1
4919,9
4920,1
4921,1
4921,9
4921,10
4922,1
4923,1
4924,1
4925,1
4925,9
4925,10
4926,1
4926,10
4927,1
4927,10
4928,1
4928,9
4929,1
4930,1
4930,9
4931,1
4931,9
4932,1
4932,9
4933,1
4933,9
4933,10
4934,1
4934,9
4934,10
4935,1
4935,9
4936,1
4937,1
4937,9
4938,1
4938,9
4939,1
4940,1
4940,9
4941,1
4941,9
4941,14
4942,1
4942,6
4942,19
4943,1
4944,1
4944,11
4944,20
4945,7
4947,1
4947,7
4948,1
4948,11
4949,1
4949,7
4950,1
4950,6
4950,20
4951,1
4951,6
4951,11
4952,1
4952,11
4953,7
4954,1
4954,11
4955,1
4955,6
4955,7
4955,20
4956,1
4956,20
4957,1
4957,6
4957,7
4958,1
4958,7
4959,1
4959,9
4959,18
4959,20
4960,1
4960,7
4961,1
4961,7
4962,1
4962,11
4963,16
4963,18
4964,6
4964,18
4965,1
4965,9
4966,1
4966,9
4966,18
4968,18
4969,6
4969,16
4969,18
4970,14
4970,16
4970,18
4971,6
4971,18
4972,16
4972,18
4973,6
4973,13
4973,16
4973,18
4974,6
4974,12
4974,18
4974,20
4975,18
4976,14
4976,16
4976,18
4977,1
4977,6
4977,16
4977,18
4978,1
4978,14
4978,16
4978,18
4979,18
4979,20
4980,1
4980,18
4981,6
4981,16
4981,18
4982,9
4983,1
4983,14
4983,16
4983,18
4985,1
4985,18
4986,1
4986,16
4986,18
4987,18
4988,9
4988,14
4988,18
4989,1
4989,9
4989,18
4990,1
4990,16
4990,18
4991,1
4991,13
4992,16
4993,9
4993,16
4993,18
4994,10
4994,18
4995,1
4996,6
4996,16
4996,18
4996,20
4997,6
4997,16
4997,18
4998,1
4998,6
4998,16
4998,18
4999,18
5000,6
5000,13
5000,18
5001,1
5001,16
5001,18
5001,20
5002,1
5002,18
5003,1
5003,16
5003,18
5004,6
5004,13
5004,18
5004,20
5005,1
5005,6
5005,18
5006,18
5007,1
5007,9
5007,16
5007,18
5007,19
5009,1
5009,6
5009,18
5012,18
5014,1
5014,9
5014,18
5015,18
5016,9
5016,18
5017,16
5017,18
5018,1
5018,18
5018,20
5019,1
5019,18
5020,18
5022,6
5022,12
5022,13
5022,18
5023,6
5023,13
5023,16
5023,18
5023,19
5023,20
5024,18
5025,16
5025,18
5026,1
5027,1
5027,6
5027,18
5028,6
5028,16
5028,18
5028,20
5029,9
5029,18
5030,18
5031,9
5032,16
5032,18
5033,1
5033,6
5033,18
5033,19
5033,20
5034,18
5034,20
5035,1
5035,6
5035,13
5035,20
5036,16
5036,18
5037,18
5038,9
5038,18
5039,1
5039,9
5039,18
5040,18
5041,1
5041,9
5041,18
5042,18
5043,1
5043,9
5043,18
5044,4
5044,9
5044,16
5044,18
5046,1
5046,6
5046,20
5047,1
5047,9
5047,20
5048,1
5048,18
5049,1
5049,20
5050,1
5050,9
5050,20
5051,1
5051,16
5051,18
5052,1
5052,4
5053,1
5054,1
5054,18
5055,18
5056,1
5057,1
5058,1
5058,16
5058,18
5058,20
5059,1
5059,20
5060,1
5060,18
5061,1
5062,1
5062,18
5063,1
5063,18
5064,1
5065,1
5066,1
5066,14
5067,1
5067,16
5068,1
5068,4
5069,1
5070,1
5070,16
5070,18
5071,1
5071,18
5072,1
5072,18
5073,1
5074,1
5075,1
5076,1
5076,4
5076,18
5077,1
5077,4
5078,1
5078,18
5079,1
5079,16
5080,1
5080,18
5081,1
5081,10
5084,1
5084,6
5085,1
5085,6
5085,9
5085,16
5085,18
5086,1
5086,4
5086,16
5088,1
5088,14
5088,18
5088,20
5090,1
5090,16
5091,1
5091,18
5092,1
5092,6
5092,11
5093,1
5093,7
5094,7
5095,7
5096,1
5096,11
5097,7
5098,1
5098,11
5099,1
5099,11
5100,7
5101,7
5102,7
5103,1
5103,11
5103,18
5104,11
5105,1
5105,7
5106,1
5106,11
5107,1
5107,7
5108,6
5108,18
5109,7
5110,7
5111,7
5112,1
5112,7
5113,7
5114,6
5114,10
5115,1
5115,7
5116,1
5117,7
5118,1
5118,7
5119,1
5120,1
5120,7
5121,1
5121,7
5122,7
5123,7
5124,7
5125,7
5126,1
5126,20
5127,1
5128,1
5128,18
5128,20
5129,1
5129,7
5130,1
5130,6
5131,1
5131,6
5132,1
5132,7
5133,1
5133,7
5134,1
5134,7
5135,7
5136,1
5137,7
5138,1
5138,6
5138,19
5139,1
5139,6
5139,7
5140,1
5140,7
5141,1
5141,7
5142,1
5142,6
5143,7
5144,1
5144,7
5145,1
5145,20
5146,7
5147,7
5148,7
5149,1
5149,7
5149,20
5150,1
5150,6
5150,20
5151,1
5151,7
5152,1
5153,1
5153,7
5154,1
5155,1
5155,7
5155,16
5156,1
5156,7
5157,1
5157,7
5158,1
5158,7
5159,7
5160,1
5160,7
5161,1
5161,7
5162,1
5162,7
5163,1
5163,6
5163,19
5164,1
5165,1
5165,7
5166,1
5166,7
5167,7
5168,1
5168,7
5169,7
5170,1
5170,6
5170,20
5171,1
5171,7
5172,1
5172,7
5173,1
5173,7
5174,7
5175,1
5175,7
5175,9
5176,7
5177,1
5177,7
5178,1
5178,7
5179,1
5179,7
5179,20
5180,7
5181,1
5181,7
5182,1
5182,7
5183,1
5183,6
5183,7
5183,20
5184,1
5184,6
5184,7
5185,7
5186,1
5186,7
5187,1
5187,7
5188,1
5188,6
5188,7
5189,1
5189,7
5190,1
5190,7
5191,1
5192,1
5192,7
5193,1
5193,7
5194,1
5194,7
5195,1
5195,6
5195,20
5196,7
5197,1
5197,7
5198,1
5198,7
5199,1
5199,6
5200,1
5200,19
5200,20
5201,1
5201,7
5202,1
5202,7
5203,1
5203,6
5203,20
5204,1
5204,16
5205,7
5206,1
5206,7
5206,9
5207,7
5208,1
5208,7
5209,1
5209,6
5209,7
5210,7
5211,7
5212,1
5213,1
5213,7
5214,1
5214,20
5215,1
5215,7
5216,1
5216,6
5216,7
5217,1
5217,6
5217,7
5218,1
5218,7
5219,1
5219,7
5220,7
5221,1
5221,7
5222,7
5223,1
5223,7
5224,1
5224,20
5225,1
5225,19
5226,7
5227,7
5228,7
5229,1
5229,7
5230,1
5230,7
5231,1
5231,7
5231,9
5232,1
5233,7
5234,1
5234,7
5235,7
5236,1
5236,7
5237,1
5237,7
5238,1
5238,7
5239,7
5240,16
5240,18
5241,12
5242,1
5242,6
5243,1
5244,1
5245,1
5245,4
5245,16
5246,18
5247,1
5247,4
5247,6
5247,16
5247,18
5247,20
5248,1
5248,15
5248,20
5249,4
5249,6
5249,16
5249,18
5249,20
5250,1
5251,6
5251,18
5251,20
5252,1
5252,16
5252,18
5252,20
5253,1
5253,4
5253,9
5253,13
5253,18
5254,1
5254,20
5255,18
5255,20
5256,1
5257,1
5257,15
5257,18
5257,19
5258,1
5258,4
5258,18
5258,20
5259,1
5259,6
5259,9
5260,6
5260,18
5261,18
5262,1
5262,14
5263,1
5263,4
5263,18
5263,20
5264,1
5265,1
5265,19
5265,20
5266,1
5266,4
5266,18
5266,20
5267,20
5268,15
5268,20
5269,1
5269,18
5269,20
5270,20
5272,1
5272,10
5273,1
5273,18
5273,20
5274,20
5275,1
5275,4
5275,9
5275,20
5276,1
5276,4
5276,18
5276,20
5277,1
5277,6
5277,10
5277,18
5277,20
5278,1
5278,18
5279,1
5279,6
5279,18
5280,1
5280,18
5281,1
5281,10
5282,1
5282,18
5283,4
5283,18
5283,19
5283,20
5284,18
5285,1
5285,18
5285,20
5287,1
5287,9
5287,20
5288,1
5288,6
5289,1
5289,20
5290,1
5290,18
5291,1
5291,20
5292,1
5292,18
5292,20
5293,1
5293,9
5293,20
5294,20
5295,1
5295,4
5295,18
5295,20
5296,1
5296,4
5296,16
5296,20
5297,1
5298,1
5298,18
5299,1
5300,15
5300,18
5300,20
5301,10
5301,20
5302,4
5302,18
5303,18
5303,20
5304,1
5305,1
5305,18
5305,19
5305,20
5306,1
5306,20
5307,1
5307,18
5308,1
5309,6
5310,1
5310,20
5312,6
5312,10
5314,1
5315,1
5315,16
5315,18
5316,1
5316,9
5316,14
5316,20
5317,1
5317,9
5317,15
5317,18
5317,20
5318,1
5318,20
5319,1
5320,1
5320,18
5320,20
5321,1
5321,18
5322,4
5322,18
5323,1
5323,6
5323,20
5324,1
5324,18
5324,20
5325,20
5326,1
5326,20
5327,1
5327,6
5327,20
5328,1
5328,18
5329,1
5329,6
5329,7
5330,1
5330,20
5332,1
5332,4
5332,14
5332,18
5333,1
5333,18
5334,1
5334,9
5334,18
5335,1
5336,1
5336,6
5336,9
5336,18
5337,1
5337,4
5337,18
5337,20
5338,1
5338,18
5338,20
5339,20
5340,18
5340,19
5340,20
5341,1
5341,18
5341,20
5342,1
5342,4
5342,18
5342,20
5343,1
5344,1
5344,14
5345,1
5346,1
5346,20
5347,1
5347,6
5347,9
5347,18
5347,20
5348,1
5348,14
5348,18
5348,19
5348,20
5349,4
5349,20
5350,1
5350,4
5350,6
5350,18
5350,20
5351,1
5351,9
5351,18
5351,20
5352,1
5352,18
5353,1
5353,18
5354,1
5354,16
5354,18
5354,20
5355,1
5355,4
5355,6
5355,20
5356,1
5356,18
5358,1
5359,1
5359,6
5359,18
5359,20
5360,1
5360,20
5361,18
5362,1
5362,9
5363,1
5363,16
5363,18
5364,1
5364,20
5365,1
5365,6
5365,20
5366,20
5367,1
5367,4
5367,16
5367,18
5368,1
5369,1
5369,6
5369,10
5370,1
5370,20
5371,1
5371,18
5371,19
5371,20
5372,1
5372,18
5373,1
5373,18
5373,20
5374,1
5374,9
5374,18
5374,20
5375,1
5376,1
5376,13
5377,1
5377,9
5377,18
5378,1
5378,18
5379,1
5379,19
5380,1
5380,18
5381,1
5381,18
5381,20
5382,1
5382,18
5383,1
5383,9
5383,19
5383,20
5384,1
5384,13
5384,19
5385,1
5385,9
5385,15
5385,18
5385,19
5386,1
5386,4
5386,6
5386,16
5386,20
5387,1
5387,13
5388,7
5389,1
5390,7
5391,7
5392,7
5393,7
5394,7
5395,7
5396,7
5397,1
5398,7
5399,7
5400,7
5400,16
5401,7
5402,7
5403,18
5403,20
5404,1
5404,7
5405,7
5406,7
5407,7
5408,6
5408,18
5409,7
5410,7
5411,1
5411,6
5411,18
5412,1
5413,1
5413,16
5413,18
5413,20
5414,7
5415,1
5415,16
5415,19
5417,7
5418,6
5419,7
5420,7
5421,7
5422,1
5422,6
5422,19
5423,1
5424,1
5425,1
5425,4
5425,18
5426,7
5427,7
5428,1
5428,6
5429,7
5430,7
5431,1
5431,6
5431,19
5432,7
5433,1
5433,6
5433,20
5434,7
5435,1
5436,1
5436,6
5437,7
5438,7
5439,1
5439,6
5439,16
5439,18
5439,20
5440,1
5440,7
5442,7
5443,1
5444,7
5445,1
5446,1
5446,18
5446,20
5447,6
5447,18
5448,1
5448,6
5448,13
5448,18
5449,1
5449,6
5449,18
5450,1
5451,1
5451,18
5452,1
5452,6
5452,18
5452,20
5453,18
5454,10
5454,18
5455,6
5455,18
5456,1
5456,6
5456,18
5457,1
5457,6
5457,12
5457,20
5459,7
5460,7
5461,7
5463,7
5464,1
5464,9
5464,18
5465,7
5466,7
5467,7
5469,7
5470,1
5471,1
5471,6
5471,16
5471,20
5472,1
5472,14
5476,7
5477,1
5477,6
5477,16
5478,1
5478,4
5478,6
5478,16
5478,18
5478,20
5479,1
5480,7
5481,7
5482,1
5482,7
5482,20
5483,1
5483,6
5483,20
5485,1
5486,1
5486,16
5486,20
5488,7
5489,7
5491,7
5495,1
5495,7
5495,20
5496,1
5496,18
5496,20
5498,1
5498,6
5498,7
5498,20
5499,7
5500,7
5501,1
5501,6
5502,7
5503,7
5504,7
5508,7
5512,7
5514,7
5515,7
5518,7
5519,7
5520,7
5521,7
5522,7
5523,1
5523,6
5525,7
5530,1
5530,16
5531,7
5533,7
5534,7
5537,7
5539,6
5539,12
5539,14
5539,18
5540,1
5540,18
5541,1
5542,1
5542,9
5542,20
5543,1
5543,5
5543,9
5543,14
5543,18
5543,20
5544,1
5544,6
5545,1
5545,9
5545,18
5546,1
5546,14
5546,20
5547,1
5547,14
5547,18
5548,1
5548,16
5548,18
5549,1
5550,1
5550,14
5550,18
5551,6
5551,12
5551,18
5552,1
5552,14
5553,1
5553,18
5553,20
5554,6
5554,18
5556,1
5556,6
5556,20
5557,6
5557,10
5557,18
5558,1
5558,6
5558,18
5559,6
5559,12
5559,13
5559,18
5560,18
5561,1
5561,6
5561,18
5562,1
5562,6
5562,12
5562,13
5562,18
5563,1
5563,6
5563,14
5563,20
5564,1
5565,12
5565,14
5565,18
5567,1
5567,9
5568,1
5568,18
5569,1
5570,1
5570,6
5570,9
5570,10
5571,7
5572,1
5572,11
5573,1
5573,6
5573,11
5574,6
5575,1
5575,7
5576,1
5576,6
5576,18
5577,10
5578,10
5579,1
5579,6
5579,11
5579,18
5580,1
5580,6
5580,11
5580,19
5581,1
5581,6
5582,1
5583,1
5583,6
5583,11
5584,1
5584,6
5584,9
5585,1
5585,10
5586,1
5587,1
5588,1
5588,6
5589,1
5589,6
5589,11
5589,18
5590,7
5591,1
5591,6
5591,11
5592,7
5593,1
5593,6
5593,11
5594,7
5595,1
5595,11
5596,1
5596,6
5596,11
5597,1
5597,6
5597,11
5597,20
5598,1
5600,1
5600,6
5600,19
5600,20
5601,1
5601,6
5601,11
5601,19
5601,20
5602,1
5602,11
5603,1
5603,6
5603,11
5604,1
5604,10
5604,19
5605,1
5605,7
5606,1
5607,7
5608,1
5608,6
5608,11
5608,13
5608,20
5609,9
5609,20
5610,14
5611,1
5611,9
5611,20
5613,9
5614,1
5614,14
5614,16
5614,18
5615,14
5616,9
5616,18
5616,20
5618,1
5618,9
5618,18
5619,1
5619,18
5620,14
5620,18
5623,1
5624,1
5624,9
5624,16
5624,20
5625,18
5628,6
5628,18
5629,9
5629,18
5630,1
5631,1
5631,14
5632,1
5632,9
5632,18
5632,20
5634,1
5635,1
5635,9
5635,14
5636,9
5637,9
5637,18
5638,16
5638,18
5639,18
5641,9
5642,14
5644,18
5645,16
5646,1
5647,1
5647,18
5648,6
5648,13
5648,16
5648,18
5648,20
5649,1
5649,18
5650,1
5650,18
5650,20
5651,18
5653,1
5653,18
5653,19
5653,20
5654,1
5654,13
5654,18
5654,19
5655,1
5655,18
5656,1
5656,6
5656,20
5657,1
5658,1
5658,18
5658,19
5658,20
5659,1
5660,1
5660,4
5660,18
5661,1
5661,16
5661,18
5661,19
5662,1
5662,18
5662,19
5663,1
5663,18
5663,19
5663,20
5664,1
5664,10
5664,18
5664,19
5665,1
5665,20
5666,1
5666,19
5666,20
5667,1
5668,1
5668,18
5668,20
5669,5
5669,18
5669,20
5670,1
5670,20
5671,1
5671,16
5671,18
5671,19
5672,1
5672,20
5673,1
5673,20
5674,1
5674,18
5674,19
5675,1
5675,9
5675,18
5676,1
5676,18
5677,1
5677,19
5678,1
5678,9
5678,18
5679,1
5679,18
5680,1
5680,18
5680,19
5680,20
5681,1
5681,14
5681,18
5681,19
5681,20
5682,1
5682,6
5682,19
5682,20
5683,1
5684,1
5684,6
5684,19
5685,1
5685,16
5686,1
5686,9
5686,15
5686,19
5687,1
5687,18
5687,20
5688,1
5688,18
5689,10
5692,10
5692,18
5693,1
5693,14
5695,1
5696,18
5697,9
5697,18
5700,18
5701,18
5706,18
5707,1
5707,18
5708,9
5708,18
5709,1
5709,18
5710,18
5713,13
5713,18
5714,4
5717,13
5717,18
5718,6
5718,18
5719,18
5720,18
5722,6
5722,13
5722,18
5723,6
5723,12
5723,16
5723,18
5723,20
5724,6
5726,1
5726,4
5726,18
5731,1
5731,6
5731,7
5732,1
5732,9
5733,1
5734,1
5734,6
5734,7
5735,1
5735,9
5735,17
5736,1
5736,6
5736,9
5737,6
5737,10
5737,13
5738,1
5738,7
5738,9
5739,1
5740,1
5740,6
5740,8
5741,1
5741,9
5742,1
5742,6
5742,7
5742,17
5743,1
5743,7
5743,9
5744,6
5744,7
5745,1
5745,6
5745,7
5745,9
5746,1
5747,6
5747,7
5747,9
5748,1
5748,6
5749,1
5750,7
5751,6
5752,1
5752,7
5752,16
5753,7
5754,7
5756,7
5757,6
5757,18
5758,6
5758,12
5758,18
5759,7
5760,7
5761,1
5761,6
5761,7
5761,18
5762,7
5763,1
5764,1
5764,11
5765,7
5766,7
5767,7
5768,7
5768,12
5768,13
5769,7
5770,1
5770,14
5770,18
5771,1
5771,18
5772,1
5773,1
5773,6
5773,18
5774,1
5775,1
5775,6
5776,1
5776,6
5776,9
5777,1
5777,6
5777,16
5778,1
5778,4
5778,18
5779,1
5779,18
5780,6
5780,9
5780,16
5780,20
5781,1
5782,1
5782,18
5782,20
5783,1
5783,4
5783,6
5783,16
5783,18
5783,20
5784,1
5784,9
5784,18
5785,1
5786,1
5786,18
5787,1
5787,18
5788,1
5788,18
5788,20
5789,1
5789,4
5790,1
5790,18
5791,1
5791,6
5792,1
5792,6
5792,16
5793,1
5793,4
5794,1
5794,6
5794,18
5795,1
5795,6
5795,20
5796,1
5797,1
5797,4
5797,6
5797,18
5798,1
5798,9
5798,18
5799,1
5799,4
5799,6
5799,18
5799,19
5800,1
5800,6
5801,1
5801,9
5802,1
5802,8
5803,1
5803,6
5803,7
5803,9
5804,1
5804,6
5804,9
5804,20
5805,1
5805,9
5806,1
5806,9
5807,1
5807,9
5808,1
5808,7
5808,9
5809,1
5809,7
5810,1
5810,7
5810,9
5811,1
5811,9
5811,17
5812,1
5812,9
5813,1
5814,1
5814,7
5814,9
5815,1
5815,7
5815,9
5816,1
5816,7
5816,9
5817,1
5818,1
5819,1
5819,8
5819,9
5820,1
5820,7
5820,9
5821,1
5821,7
5821,9
5822,1
5822,7
5823,1
5823,7
5824,1
5824,7
5825,1
5825,9
5826,1
5826,7
5826,9
5826,15
5827,1
5827,9
5827,15
5828,1
5828,7
5828,9
5829,1
5829,9
5830,1
5830,9
5831,1
5831,7
5831,9
5832,1
5832,7
5833,1
5833,8
5833,9
5834,1
5834,7
5834,9
5835,1
5835,9
5836,1
5836,7
5837,1
5837,7
5837,9
5838,1
5838,8
5838,9
5839,1
5839,9
5840,1
5840,7
5841,1
5841,9
5842,1
5842,16
5843,1
5844,1
5844,9
5845,1
5846,1
5846,7
5846,9
5847,1
5847,7
5847,9
5848,1
5848,7
5848,9
5849,1
5850,1
5850,7
5850,9
5851,1
5851,6
5851,16
5851,17
5852,1
5852,9
5852,17
5853,1
5853,9
5854,1
5854,9
5855,1
5855,9
5856,1
5857,1
5857,8
5857,9
5858,1
5858,9
5859,1
5859,7
5859,9
5860,1
5860,7
5860,9
5860,15
5861,1
5861,9
5861,17
5862,1
5862,9
5863,1
5863,9
5864,1
5865,1
5865,9
5866,1
5866,9
5866,20
5867,1
5867,9
5868,1
5868,9
5869,1
5869,9
5870,1
5870,7
5870,9
5871,1
5872,1
5872,9
5873,1
5873,16
5874,1
5875,1
5875,7
5875,9
5876,1
5876,9
5877,1
5877,7
5877,9
5878,1
5878,7
5878,9
5879,1
5879,9
5879,15
5879,17
5880,1
5880,9
5881,1
5881,9
5882,1
5882,9
5883,1
5883,9
5884,1
5884,7
5884,9
5885,1
5885,7
5885,9
5886,1
5886,16
5887,1
5887,9
5888,1
5888,9
5889,1
5889,9
5890,1
5890,9
5891,1
5891,7
5891,9
5892,1
5892,7
5893,1
5893,7
5893,9
5894,1
5895,1
5895,9
5896,1
5896,9
5897,1
5897,7
5897,9
5898,1
5898,7
5898,9
5899,1
5899,9
5900,1
5900,7
5900,9
5900,15
5901,1
5901,9
5901,15
5902,1
5902,9
5903,1
5903,8
5903,9
5903,14
5904,1
5905,1
5905,9
5905,15
5906,1
5906,9
5907,1
5907,9
5908,1
5908,8
5908,9
5909,1
5909,9
5910,1
5910,7
5910,9
5911,1
5911,7
5911,9
5912,1
5912,9
5913,1
5913,7
5913,9
5914,1
5914,7
5914,17
5915,1
5915,7
5915,9
5916,1
5916,9
5916,16
5917,1
5917,7
5917,9
5918,1
5919,1
5919,16
5920,1
5920,9
5920,18
5921,1
5921,16
5921,18
5922,1
5922,13
5922,18
5923,6
5923,18
5924,6
5924,14
5924,18
5924,20
5925,6
5925,18
5925,20
5926,6
5926,10
5926,18
5927,18
5928,18
5928,20
5929,6
5929,18
5929,20
5930,16
5930,18
5931,1
5931,6
5931,16
5931,18
5932,6
5932,13
5932,18
5932,20
5933,6
5933,18
5934,6
5934,10
5934,18
5935,6
5935,18
5935,20
5936,6
5936,18
5936,20
5937,6
5937,18
5938,6
5938,14
5939,1
5939,6
5939,18
5939,20
5940,6
5940,12
5940,18
5942,6
5942,18
5943,1
5944,14
5945,6
5945,14
5945,18
5946,6
5946,18
5947,6
5947,18
5948,1
5948,6
5948,16
5948,18
5949,1
5949,6
5949,14
5949,18
5949,20
5950,10
5950,18
5951,6
5951,13
5951,16
5951,18
5951,20
5952,6
5952,13
5952,16
5952,18
5953,16
5953,18
5954,6
5954,18
5955,6
5955,18
5956,1
5956,6
5956,18
5957,6
5957,12
5957,18
5958,18
5959,6
5959,18
5959,20
5960,6
5960,18
5960,20
5961,6
5961,18
5961,20
5962,6
5962,16
5962,18
5962,20
5963,6
5963,18
5964,6
5964,13
5964,18
5965,6
5965,18
5966,6
5966,18
5967,6
5967,18
5967,20
5968,16
5968,18
5969,6
5969,18
5970,6
5970,10
5970,18
5971,10
5971,18
5972,6
5972,10
5972,18
5972,20
5973,6
5973,14
5973,18
5974,6
5974,18
5974,20
5975,6
5975,18
5976,1
5976,6
5976,12
5976,18
5976,20
5977,6
5977,18
5978,18
5979,6
5979,18
5980,6
5980,18
5981,18
5981,20
5982,18
5982,20
5983,6
5983,18
5984,6
5984,13
5984,18
5985,6
5985,16
5985,18
5986,6
5986,18
5987,6
5987,13
5987,14
5987,16
5987,18
5988,6
5988,16
5989,6
5989,18
5990,6
5990,16
5990,18
5991,6
5991,18
5992,6
5992,18
5993,10
5993,16
5993,18
5994,6
5994,18
5995,1
5995,18
5996,6
5996,18
5997,6
5997,14
5997,18
5998,6
5999,16
5999,18
6000,6
6000,14
6000,18
6001,18
6002,1
6002,6
6002,18
6003,6
6003,18
6004,18
6005,6
6005,18
6005,20
6006,6
6006,12
6006,13
6006,18
6006,20
6007,6
6007,18
6008,6
6008,18
6009,6
6009,18
6010,18
6011,6
6011,18
6013,6
6013,18
6014,6
6014,13
6014,18
6014,20
6015,6
6015,13
6015,18
6016,6
6016,18
6017,18
6018,18
6019,1
6019,18
6019,20
6020,1
6020,6
6020,18
6020,20
6021,6
6022,18
6023,6
6024,18
6025,9
6026,1
6026,18
6027,18
6028,6
6028,16
6028,18
6029,18
6029,20
6030,6
6030,18
6030,20
6031,6
6031,18
6032,6
6032,10
6032,18
6033,6
6033,18
6034,6
6034,13
6034,16
6034,18
6035,6
6035,18
6036,6
6036,12
6036,16
6036,18
6037,6
6037,14
6037,18
6038,6
6038,18
6039,6
6039,18
6040,1
6040,6
6040,18
6040,20
6041,18
6042,6
6042,10
6042,18
6043,6
6043,16
6043,18
6044,6
6044,18
6045,6
6045,16
6045,18
6046,10
6046,18
6047,6
6047,18
6048,6
6048,12
6048,18
6049,18
6050,6
6050,16
6050,18
6051,18
6052,6
6052,14
6052,18
6053,6
6053,18
6053,20
6054,18
6055,14
6056,6
6056,18
6057,6
6057,12
6057,18
6057,20
6058,18
6059,16
6059,18
6060,6
6060,18
6061,6
6061,16
6061,18
6062,16
6062,18
6063,16
6063,18
6063,20
6064,16
6064,18
6065,18
6066,6
6066,18
6067,6
6067,18
6068,6
6068,18
6068,20
6069,6
6069,12
6069,18
6069,20
6070,6
6070,16
6070,18
6071,6
6071,18
6072,6
6072,18
6073,6
6073,18
6074,6
6074,18
6076,6
6076,10
6076,18
6077,6
6077,18
6078,6
6078,12
6078,18
6079,6
6079,12
6079,18
6080,6
6080,13
6080,18
6081,18
6082,6
6082,18
6082,20
6083,6
6083,18
6083,20
6084,6
6084,14
6084,18
6085,6
6085,12
6085,16
6085,18
6086,6
6086,18
6087,1
6087,18
6087,20
6088,6
6088,20
6089,6
6089,18
6090,1
6090,18
6090,20
6091,6
6091,18
6091,20
6092,18
6093,18
6094,6
6094,13
6094,18
6094,20
6095,16
6095,18
6096,6
6096,18
6097,14
6097,18
6098,6
6098,13
6098,18
6099,6
6099,18
6099,20
6100,18
6101,14
6101,18
6102,9
6102,16
6102,18
6103,6
6103,18
6104,6
6105,6
6105,18
6106,6
6106,18
6107,16
6107,18
6108,6
6108,10
6108,13
6108,18
6109,6
6109,18
6109,20
6110,6
6110,10
6110,18
6111,6
6111,18
6112,6
6112,12
6112,14
6112,18
6112,20
6113,6
6113,10
6113,18
6114,6
6114,16
6114,18
6114,20
6115,6
6115,16
6115,18
6116,6
6116,18
6117,6
6117,18
6119,20
6120,18
6120,20
6121,16
6121,18
6121,20
6122,1
6123,18
6123,20
6124,18
6124,20
6125,6
6125,12
6125,18
6125,20
6126,13
6126,20
6127,13
6128,1
6128,18
6129,18
6129,20
6130,1
6130,6
6130,14
6130,20
6131,6
6131,18
6132,6
6132,12
6132,18
6132,20
6133,20
6135,1
6135,14
6135,18
6136,18
6137,4
6137,9
6138,1
6138,18
6139,6
6139,12
6139,14
6139,20
6141,6
6141,12
6141,16
6141,18
6141,20
6144,1
6144,18
6145,18
6145,20
6146,6
6146,18
6148,1
6148,18
6148,20
6149,1
6149,13
6149,20
6151,1
6151,13
6151,18
6151,20
6152,18
6153,6
6153,12
6153,18
6153,20
6154,18
6155,1
6155,20
6156,1
6156,6
6156,12
6156,18
6157,6
6157,12
6158,6
6158,16
6158,18
6159,1
6159,6
6159,12
6159,16
6159,18
6160,1
6160,14
6160,18
6161,18
6162,18
6162,20
6163,6
6163,18
6163,20
6164,6
6164,12
6164,16
6164,18
6164,20
6165,1
6165,6
6165,20
6166,1
6166,18
6166,20
6167,1
6167,16
6167,20
6168,1
6168,18
6168,20
6169,6
6169,14
6169,18
6169,20
6170,1
6170,18
6170,20
6173,6
6173,18
6173,20
6175,20
6176,1
6176,20
6177,1
6177,6
6177,18
6177,20
6178,1
6178,6
6178,18
6178,20
6179,1
6179,14
6180,6
6180,12
6180,13
6180,20
6181,1
6181,18
6181,20
6182,1
6182,18
6182,20
6183,18
6183,20
6184,18
6185,1
6185,18
6186,6
6186,18
6187,1
6189,18
6191,1
6191,18
6191,20
6192,1
6192,20
6193,1
6193,18
6193,20
6194,1
6195,1
6195,18
6196,1
6197,1
6197,16
6197,20
6198,1
6198,20
6199,13
6199,20
6200,6
6200,20
6201,6
6201,18
6202,1
6202,18
6203,1
6203,12
6203,18
6203,20
6205,1
6205,6
6205,20
6206,6
6206,12
6206,18
6206,20
6207,1
6207,18
6207,20
6208,18
6208,20
6209,1
6209,6
6209,12
6209,14
6209,18
6209,20
6210,1
6210,6
6210,14
6210,18
6211,20
6212,6
6212,12
6212,18
6213,6
6213,18
6214,1
6214,6
6214,16
6214,18
6215,1
6215,18
6216,1
6216,16
6216,18
6216,20
6217,6
6217,12
6217,13
6217,20
6218,1
6219,20
6220,6
6220,12
6220,14
6220,18
6220,20
6221,16
6221,18
6221,20
6222,1
6222,6
6222,14
6222,16
6222,18
6222,20
6223,20
6224,16
6224,18
6225,1
6226,18
6227,1
6227,20
6228,1
6228,6
6228,18
6228,20
6229,6
6229,18
6230,18
6231,1
6232,20
6233,1
6234,1
6234,18
6235,1
6235,6
6235,12
6235,18
6235,20
6236,1
6236,18
6236,20
6237,1
6237,18
6237,20
6238,1
6238,18
6239,1
6239,18
6240,1
6241,20
6242,6
6242,18
6242,20
6244,1
6245,6
6245,13
6245,14
6245,18
6245,20
6246,1
6246,6
6246,12
6246,14
6246,18
6246,20
6247,1
6247,14
6247,18
6247,20
6248,1
6248,6
6248,16
6248,20
6249,18
6250,18
6252,1
6252,18
6253,18
6253,20
6254,1
6254,14
6254,20
6255,1
6255,20
6257,9
6258,1
6258,6
6258,20
6259,1
6260,1
6261,1
6261,14
6261,18
6262,1
6263,1
6263,14
6263,18
6264,1
6264,16
6264,20
6265,1
6265,6
6265,14
6266,18
6267,6
6267,14
6267,16
6267,20
6268,20
6269,1
6269,18
6269,20
6270,1
6270,14
6271,1
6271,20
6272,18
6272,20
6273,1
6273,14
6273,16
6273,20
6274,1
6275,1
6275,6
6276,14
6276,18
6276,20
6277,1
6277,18
6278,18
6278,20
6279,1
6280,1
6280,20
6281,6
6281,12
6281,18
6283,16
6283,18
6283,20
6285,6
6285,12
6285,18
6285,20
6286,1
6286,18
6287,1
6287,18
6287,20
6288,1
6288,16
6289,1
6292,1
6292,14
6292,20
6293,1
6294,6
6294,12
6294,13
6294,18
6295,20
6297,13
6297,18
6297,20
6298,1
6298,6
6298,12
6298,16
6298,18
6298,20
6299,18
6300,1
6300,20
6301,20
6302,1
6302,20
6303,1
6303,14
6303,18
6303,20
6304,1
6305,16
6305,20
6306,18
6307,6
6307,12
6307,16
6307,18
6307,20
6308,6
6308,18
6309,1
6309,6
6309,14
6309,18
6309,20
6310,12
6310,13
6310,18
6311,6
6311,18
6312,18
6313,6
6313,12
6313,16
6313,18
6313,20
6314,1
6314,20
6315,18
6315,20
6316,1
6316,9
6317,1
6318,16
6318,18
6318,20
6319,1
6319,20
6320,1
6320,16
6320,18
6322,13
6322,14
6322,18
6323,1
6323,18
6323,19
6324,1
6324,16
6324,20
6325,1
6326,1
6326,6
6326,14
6326,18
6327,14
6327,16
6328,18
6329,1
6330,1
6330,13
6330,18
6331,1
6332,6
6332,18
6332,20
6333,1
6333,18
6334,1
6334,18
6334,20
6335,1
6335,18
6335,20
6336,1
6336,10
6337,1
6338,1
6338,20
6339,18
6340,20
6341,1
6341,6
6341,12
6341,18
6341,20
6342,18
6343,18
6344,12
6344,18
6344,20
6345,6
6345,12
6345,18
6345,20
6346,1
6346,6
6346,18
6346,20
6347,6
6347,16
6347,18
6347,20
6348,18
6350,1
6350,6
6350,12
6350,16
6350,20
6351,6
6351,12
6351,18
6352,6
6352,12
6354,1
6354,18
6354,20
6355,18
6356,20
6357,16
6358,1
6358,13
6358,18
6359,18
6359,20
6360,1
6360,20
6361,1
6361,6
6361,16
6361,18
6361,20
6362,1
6362,6
6362,16
6362,18
6362,20
6363,1
6363,20
6364,18
6365,1
6365,14
6365,18
6366,1
6366,14
6366,18
6366,20
6367,1
6367,18
6367,20
6368,18
6369,18
6370,13
6370,18
6370,20
6371,1
6372,18
6373,1
6373,18
6374,1
6374,6
6374,18
6374,20
6375,1
6375,6
6375,18
6375,20
6376,1
6376,18
6376,20
6377,16
6377,18
6377,20
6379,18
6379,20
6380,6
6380,13
6380,14
6380,16
6380,18
6380,20
6382,1
6382,18
6383,1
6383,18
6384,1
6384,6
6384,12
6384,14
6384,16
6384,18
6384,20
6385,16
6385,18
6385,20
6387,1
6387,18
6388,14
6388,20
6389,1
6389,6
6389,13
6389,18
6389,20
6390,6
6390,18
6391,1
6391,18
6391,20
6392,6
6392,18
6393,6
6393,18
6393,20
6394,1
6394,20
6395,1
6395,6
6395,14
6395,18
6395,20
6396,1
6396,18
6396,20
6397,1
6397,6
6397,12
6397,18
6397,20
6398,18
6399,1
6399,18
6399,20
6400,1
6400,18
6400,20
6401,1
6401,18
6402,6
6402,12
6402,18
6402,20
6404,1
6404,18
6404,19
6405,1
6406,1
6406,20
6407,20
6408,1
6408,18
6409,1
6410,20
6411,6
6411,12
6412,14
6412,16
6412,18
6413,16
6413,18
6413,20
6414,6
6414,13
6414,16
6414,18
6414,20
6415,18
6415,20
6416,12
6416,18
6417,1
6418,6
6418,18
6418,20
6419,1
6419,6
6419,16
6419,18
6419,20
6420,6
6420,13
6420,14
6420,16
6420,18
6420,20
6421,1
6421,14
6421,18
6421,20
6422,1
6422,18
6422,20
6423,1
6423,16
6423,18
6423,20
6424,18
6426,1
6426,6
6426,18
6426,20
6427,18
6429,6
6429,12
6429,18
6429,20
6430,6
6430,12
6430,16
6430,18
6430,20
6431,16
6433,1
6433,18
6433,20
6435,1
6435,19
6435,20
6436,1
6436,18
6436,20
6437,18
6438,1
6438,20
6439,18
6439,20
6440,12
6440,18
6441,1
6441,6
6441,12
6441,16
6441,18
6441,20
6442,6
6442,16
6442,18
6442,20
6443,12
6443,16
6443,18
6443,20
6444,6
6444,14
6444,18
6444,20
6445,1
6445,14
6445,18
6445,20
6446,18
6447,1
6447,18
6447,20
6449,18
6450,1
6450,6
6450,18
6450,20
6451,1
6451,16
6451,20
6453,1
6453,18
6453,20
6454,1
6454,18
6454,20
6455,18
6456,18
6457,6
6457,12
6457,18
6458,1
6458,10
6458,18
6459,1
6459,18
6459,20
6460,18
6461,1
6461,6
6461,18
6461,20
6462,16
6462,18
6462,20
6464,1
6464,20
6465,6
6465,14
6465,18
6465,20
6466,1
6466,6
6466,18
6466,20
6467,1
6467,18
6468,18
6469,1
6469,14
6469,16
6469,18
6469,20
6470,1
6470,6
6470,20
6472,1
6472,16
6473,1
6473,18
6473,20
6474,1
6474,6
6474,18
6475,6
6475,18
6475,20
6476,20
6477,6
6477,12
6477,18
6478,20
6479,18
6480,1
6481,6
6481,18
6482,18
6483,6
6483,12
6483,18
6485,1
6486,1
6486,9
6486,14
6487,18
6487,20
6489,18
6490,18
6490,20
6491,1
6491,20
6493,1
6495,1
6495,7
6496,1
6497,1
6497,7
6498,1
6498,7
6499,1
6499,7
6500,1
6501,1
6501,20
6502,1
6502,6
6502,16
6502,18
6502,20
6503,1
6503,7
6504,1
6505,1
6506,1
6506,9
6507,1
6507,7
6508,1
6509,1
6509,10
6510,1
6510,9
6511,1
6512,1
6512,10
6513,1
6513,6
6513,20
6514,1
6515,1
6515,7
6516,1
6516,7
6517,1
6517,16
6517,19
6518,1
6518,10
6519,1
6519,6
6519,20
6520,1
6520,10
6521,1
6521,6
6523,1
6523,20
6524,1
6524,7
6525,1
6525,7
6526,1
6527,1
6527,6
6528,1
6529,1
6529,6
6529,19
6529,20
6530,1
6530,20
6531,1
6532,1
6533,1
6533,5
6533,19
6533,20
6534,1
6534,6
6535,1
6535,20
6536,1
6536,7
6537,1
6537,10
6537,16
6538,1
6538,20
6539,1
6540,1
6541,1
6542,1
6542,20
6543,1
6544,1
6545,1
6546,1
6546,20
6547,1
6547,10
6548,1
6549,1
6550,1
6550,19
6551,1
6552,1
6552,6
6552,19
6552,20
6553,1
6553,7
6554,1
6554,6
6554,20
6555,1
6556,1
6556,9
6556,16
6558,1
6558,10
6559,1
6560,1
6560,6
6561,18
6562,1
6562,4
6562,6
6562,13
6562,18
6562,20
6563,1
6563,18
6564,1
6564,6
6564,16
6564,18
6565,1
6565,16
6566,1
6566,16
6566,18
6567,1
6567,6
6567,18
6567,20
6568,1
6569,1
6569,13
6569,18
6569,20
6570,1
6571,18
6571,20
6572,1
6572,18
6573,1
6574,1
6575,1
6575,18
6575,20
6576,1
6576,6
6576,14
6576,18
6576,20
6577,1
6577,9
6577,18
6579,1
6579,4
6579,16
6579,20
6580,1
6580,18
6581,1
6581,18
6582,6
6582,13
6582,18
6582,20
6583,1
6584,1
6584,18
6585,6
6586,1
6586,6
6587,1
6587,18
6588,1
6588,18
6589,1
6590,1
6590,18
6591,6
6591,18
6592,1
6593,1
6593,6
6593,18
6593,20
6594,18
6595,6
6595,18
6596,18
6598,18
6599,18
6600,1
6600,6
6600,18
6601,6
6601,18
6602,1
6602,6
6602,12
6602,13
6602,20
6604,1
6604,6
6604,13
6604,16
6604,18
6605,18
6606,18
6607,1
6608,14
6609,18
6610,9
6611,6
6611,12
6611,18
6612,1
6614,18
6615,1
6615,9
6615,18
6616,18
6617,6
6617,18
6618,1
6618,18
6619,1
6619,18
6619,20
6620,16
6620,18
6621,1
6621,6
6621,18
6622,14
6622,16
6622,18
6622,20
6623,6
6623,12
6623,13
6623,18
6624,1
6624,6
6624,18
6625,18
6626,1
6626,6
6626,12
6626,13
6626,16
6626,18
6627,18
6628,6
6628,16
6628,18
6629,1
6629,18
6630,6
6630,12
6630,18
6631,6
6631,18
6631,20
6632,6
6632,18
6633,1
6633,16
6634,18
6635,1
6635,6
6635,14
6635,16
6636,15
6636,18
6637,18
6638,18
6639,18
6640,1
6640,18
6641,1
6641,6
6641,16
6642,1
6642,16
6643,16
6643,18
6644,14
6644,18
6645,6
6645,14
6645,18
6646,9
6646,16
6646,18
6647,6
6647,18
6648,6
6648,18
6649,18
6650,1
6653,6
6654,18
6655,18
6656,1
6657,1
6657,6
6657,14
6657,18
6658,16
6658,18
6659,18
6660,14
6660,16
6661,6
6661,18
6662,6
6662,18
6663,1
6663,14
6663,18
6664,18
6665,6
6665,18
6666,1
6666,9
6667,1
6667,18
6668,18
6669,1
6669,6
6669,18
6670,1
6670,18
6671,1
6671,6
6671,18
6671,20
6672,1
6672,6
6672,18
6673,18
6674,6
6674,18
6675,9
6675,18
6676,1
6676,18
6677,16
6677,18
6678,1
6678,9
6678,18
6679,1
6679,18
6680,9
6681,1
6681,6
6681,18
6681,20
6682,18
6685,6
6685,18
6686,1
6686,6
6686,18
6686,20
6687,18
6689,6
6689,18
6690,1
6690,6
6690,13
6690,18
6691,1
6691,18
6692,1
6693,6
6693,18
6694,14
6694,16
6694,18
6695,18
6697,1
6698,1
6698,18
6699,6
6699,18
6700,14
6701,6
6701,16
6701,18
6702,18
6703,18
6704,6
6704,18
6705,18
6706,1
6706,6
6706,13
6706,18
6707,6
6707,18
6708,18
6709,6
6709,14
6710,1
6710,6
6710,18
6711,1
6711,9
6712,1
6712,16
6713,6
6713,18
6714,9
6714,18
6715,1
6716,6
6716,18
6718,9
6718,18
6719,1
6719,9
6720,9
6720,10
6721,1
6721,6
6722,1
6722,9
6723,16
6724,1
6724,13
6724,18
6724,19
6726,1
6727,9
6728,9
6730,1
6731,1
6731,6
6731,10
6731,19
6733,1
6733,6
6734,1
6734,9
6735,1
6736,6
6738,1
6738,9
6739,1
6740,19
6742,1
6742,9
6743,1
6744,1
6745,1
6746,1
6746,9
6747,9
6747,10
6748,1
6748,6
6749,1
6749,19
6750,1
6750,10
6751,1
6751,9
6753,1
6754,1
6754,9
6755,1
6755,10
6757,1
6757,6
6758,9
6758,19
6760,10
6761,6
6763,1
6763,6
6763,10
6766,1
6766,6
6766,10
6767,6
6768,17
6769,1
6769,9
6770,1
6771,1
6771,6
6771,20
6772,1
6772,6
6774,1
6774,9
6775,9
6776,1
6776,9
6777,1
6778,1
6778,9
6779,6
6779,13
6779,17
6779,18
6779,19
6780,6
6780,10
6780,19
6781,6
6782,1
6783,9
6784,1
6784,6
6784,18
6784,19
6785,1
6785,9
6786,1
6786,6
6787,1
6788,1
6788,9
6789,1
6789,9
6791,6
6791,12
6791,13
6791,18
6792,1
6793,6
6793,12
6793,16
6793,18
6793,20
6794,6
6794,18
6794,20
6795,1
6796,1
6797,1
6797,9
6797,16
6798,1
6799,18
6800,1
6800,9
6801,18
6802,18
6802,20
6803,1
6803,16
6804,6
6804,16
6804,18
6804,20
6805,1
6805,16
6806,6
6806,12
6806,18
6807,1
6807,9
6807,14
6807,20
6808,1
6808,9
6808,16
6810,6
6810,10
6810,13
6810,18
6810,20
6811,1
6812,1
6812,9
6813,9
6813,14
6813,18
6814,18
6814,20
6815,20
6816,1
6816,6
6816,13
6816,18
6816,20
6817,1
6817,9
6818,6
6818,18
6818,20
6819,20
6820,1
6820,6
6820,12
6820,18
6820,20
6821,9
6822,6
6822,13
6822,18
6822,20
6823,1
6823,20
6824,1
6825,6
6826,18
6827,6
6827,12
6827,14
6827,18
6827,20
6828,1
6828,20
6829,20
6830,1
6830,6
6830,16
6830,20
6831,1
6831,18
6831,20
6832,1
6833,1
6833,5
6833,9
6833,16
6833,18
6834,20
6835,1
6835,14
6836,1
6836,9
6837,9
6837,14
6838,1
6838,9
6838,18
6839,1
6839,16
6839,20
6840,6
6840,18
6841,18
6842,1
6842,9
6843,1
6843,16
6843,18
6843,20
6844,9
6844,18
6845,1
6845,16
6845,18
6845,20
6846,9
6846,20
6848,1
6848,9
6848,15
6848,20
6849,9
6850,1
6850,16
6850,20
6851,18
6852,9
6852,20
6853,4
6853,20
6854,1
6854,9
6856,20
6857,14
6857,18
6858,1
6858,20
6859,1
6859,20
6860,9
6861,1
6861,4
6862,1
6863,9
6864,1
6864,9
6864,18
6864,20
6865,1
6867,1
6868,18
6869,1
6869,9
6869,20
6870,1
6870,9
6870,18
6870,20
6871,1
6871,16
6872,9
6874,1
6874,9
6875,9
6876,6
6876,16
6876,18
6876,20
6877,1
6877,20
6878,1
6878,16
6879,9
6879,18
6880,1
6881,1
6881,16
6882,1
6882,9
6882,14
6883,6
6883,18
6884,1
6884,20
6885,1
6885,16
6885,18
6886,1
6886,9
6886,20
6887,1
6887,20
6888,1
6889,9
6889,18
6890,9
6891,1
6891,9
6891,18
6891,20
6892,4
6892,9
6892,10
6893,6
6893,18
6895,1
6896,1
6897,1
6898,13
6898,20
6899,6
6899,18
6899,20
6901,6
6901,12
6901,18
6902,14
6902,20
6904,1
6905,1
6905,9
6906,1
6906,20
6907,1
6907,9
6908,18
6909,1
6909,9
6910,1
6910,9
6911,1
6911,18
6912,1
6912,9
6913,1
6913,9
6913,18
6914,1
6914,18
6915,1
6916,1
6916,20
6917,1
6917,18
6918,1
6918,7
6919,1
6919,2
6920,1
6920,18
6921,1
6921,9
6921,14
6921,16
6922,1
6922,2
6922,6
6922,18
6923,1
6923,18
6924,1
6924,18
6925,1
6925,9
6925,18
6926,14
6927,1
6927,16
6927,18
6928,1
6928,6
6928,16
6929,18
6930,1
6930,9
6930,18
6931,1
6931,6
6931,18
6932,6
6933,1
6934,9
6934,18
6935,6
6935,13
6935,18
6936,1
6937,6
6937,18
6938,16
6938,18
6940,9
6940,18
6941,16
6941,18
6942,1
6942,13
6942,20
6943,16
6943,18
6944,14
6944,20
6945,1
6945,16
6946,1
6946,6
6947,6
6947,16
6947,20
6948,6
6948,18
6949,6
6949,16
6949,18
6950,4
6950,6
6950,14
6950,18
6950,20
6951,6
6951,12
6951,13
6951,18
6951,20
6952,6
6952,14
6952,20
6954,6
6954,18
6955,6
6955,18
6956,6
6956,13
6956,18
6957,16
6957,18
6958,1
6958,6
6958,20
6959,18
6960,6
6960,13
6960,18
6962,18
6963,6
6963,13
6963,18
6964,18
6964,20
6965,6
6965,18
6965,20
6966,6
6966,18
6967,18
6968,1
6969,6
6969,20
6970,6
6970,12
6970,13
6970,18
6971,6
6971,14
6972,6
6972,18
6973,18
6974,1
6974,6
6974,12
6974,20
6975,18
6975,20
6976,6
6976,12
6976,13
6976,16
6977,18
6978,6
6978,14
6979,1
6979,14
6979,18
6980,6
6980,16
6981,6
6981,12
6981,13
6981,18
6982,1
6982,20
6983,14
6983,16
6983,18
6983,20
6984,6
6985,14
6986,6
6986,16
6986,18
6986,20
6987,6
6987,14
6987,18
6988,18
6989,6
6989,18
6989,20
6990,1
6990,18
6991,1
6992,18
6993,1
6993,18
6994,14
6994,18
6994,20
6995,1
6995,14
6995,18
6996,1
6996,12
6996,13
6996,18
6996,20
6997,1
6997,6
6997,12
6997,13
6997,14
6997,18
6998,4
6999,6
6999,18
6999,20
7001,12
7001,18
7001,20
7002,1
7002,18
7003,1
7003,18
7004,6
7004,18
7004,20
7006,1
7007,14
7007,18
7007,20
7008,18
7008,20
7009,6
7009,18
7010,1
7010,6
7010,14
7011,14
7011,18
7012,6
7012,18
7013,6
7013,18
7014,6
7014,18
7015,6
7015,14
7017,6
7017,13
7017,14
7017,18
7018,6
7018,18
7019,14
7020,16
7020,18
7021,6
7021,13
7021,14
7021,18
7021,20
7022,6
7022,20
7023,18
7024,6
7024,13
7024,18
7025,16
7025,18
7026,6
7026,14
7026,18
7027,6
7027,20
7028,1
7029,6
7029,18
7029,20
7030,6
7030,18
7030,20
7031,18
7032,6
7032,16
7033,1
7033,14
7033,18
7034,6
7034,18
7035,6
7035,10
7035,13
7035,18
7036,1
7036,18
7037,6
7037,12
7037,18
7037,20
7038,6
7038,12
7038,18
7039,6
7039,18
7040,18
7041,6
7041,18
7041,20
7042,6
7042,18
7043,16
7043,18
7044,6
7045,1
7045,13
7045,20
7046,6
7046,18
7047,6
7047,14
7047,18
7048,6
7048,12
7048,13
7048,18
7050,18
7051,6
7051,18
7052,6
7052,12
7052,18
7053,18
7054,6
7054,18
7055,18
7056,6
7056,18
7057,20
7058,6
7058,13
7058,14
7058,18
7059,16
7060,6
7060,14
7060,16
7060,18
7061,1
7061,6
7061,18
7063,18
7064,18
7065,6
7065,13
7065,16
7065,18
7066,18
7067,18
7068,18
7069,1
7069,14
7070,1
7070,18
7070,20
7071,1
7071,4
7071,9
7071,15
7071,20
7072,1
7072,6
7073,6
7073,18
7074,6
7074,14
7074,18
7075,6
7075,16
7075,18
7076,1
7076,14
7077,1
7078,1
7078,6
7078,20
7079,13
7079,18
7079,20
7080,6
7080,14
7080,20
7081,6
7081,18
7082,6
7082,18
7082,20
7083,1
7083,9
7084,10
7084,18
7085,13
7085,18
7086,12
7086,13
7086,18
7087,16
7087,18
7087,20
7089,6
7089,13
7089,14
7089,18
7090,1
7090,12
7090,14
7091,6
7091,18
7091,20
7092,6
7093,6
7093,13
7093,18
7094,1
7094,6
7094,18
7094,20
7095,18
7096,1
7096,12
7096,13
7096,18
7097,1
7097,16
7098,6
7098,13
7098,18
7099,18
7100,1
7100,16
7100,18
7100,20
7101,1
7101,18
7102,1
7102,14
7102,20
7103,1
7103,6
7103,13
7103,18
7104,6
7104,18
7105,18
7106,1
7106,20
7107,6
7107,12
7107,13
7107,18
7108,6
7109,6
7109,12
7109,18
7110,6
7110,16
7110,18
7111,6
7111,18
7112,6
7112,18
7115,12
7115,18
7116,1
7117,18
7118,1
7118,13
7118,16
7118,20
7119,1
7119,14
7119,18
7120,1
7120,14
7120,20
7121,18
7122,14
7122,18
7123,18
7124,6
7125,6
7125,16
7125,18
7126,18
7126,20
7127,14
7129,14
7129,16
7130,6
7131,18
7132,6
7132,10
7132,12
7132,18
7133,6
7133,18
7134,18
7135,18
7136,1
7136,18
7136,20
7137,1
7137,13
7137,14
7137,20
7138,1
7138,18
7138,20
7139,1
7139,18
7140,6
7140,16
7140,18
7141,6
7141,18
7142,6
7143,6
7143,20
7144,6
7144,20
7145,6
7145,14
7145,18
7146,6
7146,13
7146,18
7146,20
7147,13
7147,14
7147,18
7147,20
7148,6
7148,10
7148,16
7148,18
7149,13
7149,18
7150,6
7150,13
7150,18
7151,1
7151,18
7151,20
7152,1
7153,13
7153,18
7153,20
7154,14
7154,16
7154,18
7155,18
7156,6
7156,13
7156,18
7157,13
7157,14
7157,18
7158,16
7159,14
7159,18
7160,1
7160,6
7160,20
7161,1
7161,19
7162,1
7162,14
7162,18
7163,1
7164,1
7164,6
7165,1
7165,6
7165,9
7165,14
7166,1
7166,9
7167,1
7168,1
7168,9
7169,1
7170,1
7170,20
7171,1
7171,6
7171,12
7171,18
7172,1
7172,20
7173,1
7173,12
7173,18
7173,20
7174,1
7174,20
7175,1
7175,20
7176,1
7176,18
7177,1
7177,20
7178,1
7178,9
7179,1
7179,9
7180,1
7180,9
7181,1
7182,1
7182,9
7183,1
7183,9
7184,1
7184,9
7185,1
7185,9
7186,1
7186,9
7187,1
7188,1
7188,9
7189,1
7189,9
7190,1
7190,9
7191,1
7191,9
7192,1
7192,9
7193,1
7193,9
7194,6
7194,13
7195,1
7195,6
7195,12
7195,14
7195,18
7195,20
7197,6
7197,18
7198,6
7198,18
7199,1
7199,20
7200,1
7200,9
7200,20
7201,1
7201,6
7201,18
7201,20
7202,1
7202,9
7202,14
7202,16
7205,1
7205,4
7205,9
7205,16
7205,18
7205,20
7206,1
7206,6
7206,20
7207,16
7208,6
7208,12
7209,1
7209,20
7211,1
7212,9
7212,20
7214,1
7214,9
7216,1
7216,6
7218,18
7220,6
7220,12
7221,6
7222,6
7223,6
7223,12
7224,6
7225,18
7226,20
7227,1
7227,9
7228,1
7228,6
7228,12
7228,18
7228,20
7229,20
7230,1
7230,18
7231,1
7231,6
7231,18
7231,20
7232,1
7232,18
7233,18
7233,20
7234,14
7235,18
7235,20
7236,1
7238,9
7239,1
7242,1
7243,18
7243,20
7244,1
7244,6
7244,12
7244,20
7245,14
7246,14
7246,19
7246,20
7247,20
7248,14
7249,20
7251,9
7251,14
7252,1
7252,20
7255,1
7255,18
7256,1
7256,9
7256,15
7257,1
7257,6
7257,9
7258,1
7258,9
7259,1
7259,7
7260,1
7261,18
7262,1
7262,18
7263,1
7263,14
7264,1
7264,13
7264,14
7264,16
7264,18
7265,1
7265,16
7265,18
7266,1
7266,18
7267,1
7267,9
7267,18
7268,1
7269,1
7269,14
7269,16
7269,18
7270,1
7270,18
7271,1
7271,13
7271,18
7271,20
7272,1
7272,13
7272,16
7272,18
7273,1
7273,18
7274,1
7274,18
7275,1
7275,16
7275,18
7276,1
7276,16
7276,20
7278,1
7278,18
7279,6
7279,13
7279,16
7279,18
7279,20
7280,6
7280,16
7281,6
7281,13
7281,18
7282,1
7282,6
7282,16
7282,18
7282,20
7283,1
7283,16
7284,1
7285,18
7287,1
7287,6
7287,20
7288,6
7288,18
7290,1
7290,6
7290,12
7290,18
7290,20
7291,1
7292,1
7292,9
7292,14
7293,1
7295,9
7296,1
7296,14
7297,1
7297,9
7297,14
7297,15
7297,20
7298,1
7298,6
7298,12
7298,20
7299,1
7299,9
7299,20
7300,1
7300,9
7301,1
7301,9
7301,16
7302,1
7302,6
7302,12
7302,13
7302,16
7302,20
7304,1
7304,13
7304,18
7304,20
7305,1
7305,13
7305,18
7306,1
7306,9
7306,15
7307,6
7307,13
7307,18
7308,1
7308,12
7308,18
7309,1
7309,4
7310,1
7310,18
7311,18
7312,1
7312,18
7313,18
7314,1
7315,1
7315,18
7316,18
7317,1
7317,18
7318,1
7318,6
7319,1
7319,6
7319,13
7319,18
7320,18
7321,1
7321,16
7322,1
7322,9
7322,18
7323,1
7323,18
7325,1
7325,18
7326,1
7326,10
7326,14
7327,1
7327,6
7327,18
7328,6
7328,18
7328,20
7329,1
7329,14
7329,16
7329,18
7330,1
7330,18
7331,16
7332,1
7332,14
7332,16
7332,18
7333,6
7333,14
7333,18
7334,1
7335,1
7335,18
7336,1
7336,6
7336,16
7336,20
7337,1
7337,18
7338,1
7339,1
7339,9
7339,18
7339,19
7339,20
7340,1
7340,13
7340,18
7341,1
7341,9
7342,1
7342,6
7342,19
7342,20
7343,1
7343,6
7343,9
7343,13
7343,18
7343,19
7343,20
7344,1
7344,13
7344,18
7344,19
7344,20
7345,1
7345,4
7345,6
7345,9
7345,13
7345,15
7345,16
7345,19
7345,20
7346,1
7346,18
7347,1
7347,4
7347,6
7347,16
7347,18
7347,19
7347,20
7348,1
7348,6
7348,19
7348,20
7349,1
7349,20
7350,1
7350,6
7350,10
7350,20
7351,1
7351,18
7351,20
7352,1
7352,4
7352,6
7352,14
7352,16
7352,18
7352,19
7352,20
7353,1
7353,6
7353,13
7353,19
7354,1
7354,19
7355,1
7355,4
7355,18
7355,19
7356,1
7356,19
7356,20
7357,1
7358,1
7358,20
7359,1
7359,19
7360,1
7360,18
7360,20
7361,1
7361,6
7361,13
7361,14
7361,19
7361,20
7362,1
7362,6
7362,13
7362,15
7362,18
7362,19
7362,20
7363,1
7363,13
7363,18
7363,20
7364,1
7364,13
7364,18
7365,1
7365,16
7365,18
7366,1
7366,9
7366,20
7367,1
7367,9
7368,1
7368,9
7368,17
7369,1
7369,9
7370,1
7370,9
7371,1
7371,8
7371,9
7372,1
7372,9
7373,1
7373,9
7374,1
7374,9
7375,1
7375,9
7376,1
7376,9
7377,1
7377,9
7378,1
7378,9
7379,1
7379,9
7380,1
7380,9
7381,1
7381,9
7382,7
7382,9
7383,1
7383,9
7384,1
7384,20
7385,1
7385,6
7385,12
7385,18
7386,1
7386,4
7386,10
7386,20
7387,1
7387,12
7387,18
7387,20
7388,1
7388,6
7388,18
7388,20
7390,1
7390,14
7391,1
7391,14
7391,16
7391,18
7391,20
7392,1
7392,6
7392,12
7392,20
7393,6
7393,18
7394,1
7395,1
7395,6
7395,18
7396,1
7396,6
7396,12
7396,13
7396,14
7396,18
7396,20
7397,1
7397,18
7397,20
7398,1
7398,6
7398,9
7398,18
7398,20
7399,1
7399,6
7399,13
7399,16
7399,18
7400,1
7400,16
7400,18
7401,1
7401,16
7402,1
7402,9
7402,16
7403,1
7404,1
7404,18
7404,20
7405,1
7405,18
7406,6
7406,12
7406,14
7406,18
7407,1
7407,20
7408,1
7409,1
7409,18
7410,6
7410,12
7410,13
7410,18
7411,1
7411,18
7412,1
7412,16
7412,18
7413,1
7413,18
7414,1
7414,14
7414,18
7414,20
7415,1
7415,6
7415,13
7415,14
7415,18
7416,1
7416,18
7417,1
7417,18
7417,20
7418,1
7418,18
7418,20
7419,1
7419,9
7420,1
7420,18
7421,1
7421,6
7421,13
7421,18
7421,20
7422,6
7422,18
7422,20
7423,1
7423,12
7424,1
7424,6
7424,18
7425,9
7425,16
7426,1
7426,6
7426,18
7427,1
7427,6
7427,18
7428,1
7429,1
7429,14
7429,20
7430,18
7431,1
7431,16
7431,18
7432,6
7432,18
7433,1
7433,16
7434,1
7434,9
7434,15
7434,16
7434,20
7435,1
7435,9
7435,18
7436,1
7436,18
7437,1
7437,9
7438,1
7439,1
7439,14
7439,16
7439,18
7439,20
7440,1
7440,20
7441,1
7441,20
7442,1
7442,20
7443,1
7443,9
7445,1
7445,4
7445,18
7445,20
7446,1
7446,9
7446,14
7447,1
7447,9
7447,14
7448,1
7448,14
7449,1
7450,1
7451,1
7451,9
7452,1
7453,1
7454,1
7454,6
7454,18
7455,1
7455,14
7456,1
7456,20
7457,1
7457,14
7457,18
7458,1
7459,1
7459,6
7459,16
7459,20
7460,1
7460,18
7461,1
7461,4
7461,16
7462,1
7462,14
7463,1
7464,1
7464,14
7464,20
7465,1
7465,9
7466,1
7466,14
7466,20
7467,1
7467,9
7467,20
7469,1
7469,9
7469,14
7470,1
7470,4
7470,20
7471,1
7471,9
7472,1
7472,9
7473,9
7473,18
7474,1
7474,18
7475,1
7476,1
7477,1
7477,14
7477,16
7477,20
7478,1
7478,9
7478,16
7479,1
7479,20
7480,1
7480,14
7481,1
7482,1
7482,4
7482,18
7483,1
7483,20
7484,1
7484,4
7484,18
7485,1
7485,18
7486,1
7487,1
7487,20
7488,1
7488,18
7489,1
7489,18
7490,1
7490,14
7490,18
7491,1
7491,16
7491,18
7491,20
7492,1
7492,4
7492,18
7493,1
7494,1
7494,18
7495,1
7495,4
7496,1
7496,18
7497,1
7498,1
7498,18
7498,20
7499,1
7499,4
7499,14
7499,18
7499,20
7500,1
7500,14
7501,1
7501,4
7502,1
7502,4
7503,1
7503,4
7503,18
7504,1
7504,18
7505,1
7505,14
7506,1
7506,14
7506,18
7506,19
7506,20
7507,1
7507,18
7507,20
7508,1
7508,20
7509,1
7509,4
7509,9
7509,14
7509,16
7510,1
7511,1
7511,4
7511,18
7512,1
7512,4
7512,18
7513,1
7513,18
7514,1
7514,4
7515,1
7515,9
7516,1
7516,9
7516,18
7517,1
7517,18
7517,20
7518,1
7518,20
7519,1
7519,14
7521,1
7521,18
7522,1
7522,14
7523,1
7523,9
7524,1
7524,20
7525,1
7526,1
7526,4
7526,20
7527,1
7527,4
7527,18
7528,1
7528,18
7528,20
7529,1
7529,4
7529,18
7530,1
7530,14
7530,18
7531,1
7532,1
7532,16
7532,18
7532,20
7533,1
7533,14
7534,1
7535,1
7535,20
7536,1
7536,9
7536,14
7536,18
7537,1
7537,18
7538,1
7539,1
7539,10
7539,20
7540,1
7540,18
7541,1
7541,4
7541,13
7541,18
7542,1
7542,4
7542,6
7542,16
7542,18
7542,20
7543,1
7543,4
7544,1
7544,9
7544,13
7544,14
7544,18
7544,20
7545,1
7545,6
7545,12
7545,13
7545,19
7546,1
7547,1
7548,14
7549,1
7550,1
7550,14
7550,18
7550,20
7551,1
7551,9
7552,1
7552,16
7552,20
7553,1
7553,9
7554,1
7554,4
7554,6
7554,18
7554,20
7555,1
7555,4
7555,9
7555,20
7556,1
7556,4
7556,18
7556,20
7557,1
7557,13
7558,1
7558,4
7559,1
7559,14
7560,1
7560,14
7561,1
7561,18
7562,1
7562,18
7562,20
7563,1
7563,16
7563,18
7563,20
7564,1
7564,4
7564,14
7564,20
7565,1
7565,4
7565,18
7566,1
7566,14
7566,18
7567,1
7567,13
7567,14
7567,20
7568,1
7568,4
7568,6
7568,12
7568,18
7568,19
7569,1
7569,9
7569,14
7569,18
7570,1
7571,1
7572,1
7572,14
7572,18
7573,1
7573,7
7573,18
7575,1
7575,12
7575,18
7576,1
7577,1
7578,1
7578,14
7578,18
7579,1
7579,4
7579,20
7580,1
7580,4
7580,9
7580,18
7580,20
7581,1
7582,1
7582,14
7582,18
7583,1
7583,4
7583,14
7583,18
7584,1
7584,10
7585,1
7585,4
7585,9
7585,18
7585,20
7586,1
7586,9
7586,20
7587,1
7588,1
7588,9
7589,1
7589,14
7589,15
7589,20
7590,1
7590,18
7591,1
7591,14
7591,18
7591,20
7592,1
7592,20
7593,1
7593,9
7594,10
7594,14
7595,1
7595,9
7595,20
7597,1
7597,5
7598,1
7599,1
7599,13
7599,20
7600,1
7600,4
7600,18
7601,1
7601,4
7601,18
7601,20
7602,1
7602,18
7603,1
7604,1
7605,1
7605,9
7606,1
7606,14
7606,18
7606,20
7607,1
7607,16
7607,18
7608,1
7608,4
7608,9
7608,16
7608,18
7609,1
7609,9
7609,14
7610,14
7610,20
7611,1
7611,4
7611,6
7611,12
7611,13
7611,18
7611,19
7611,20
7612,1
7612,13
7612,18
7613,1
7613,4
7613,6
7613,18
7614,1
7614,4
7614,6
7614,12
7614,18
7614,19
7614,20
7615,1
7616,1
7617,1
7617,4
7617,18
7618,1
7618,18
7619,1
7619,4
7619,18
7620,1
7620,9
7620,18
7621,1
7621,4
7621,18
7622,1
7622,4
7622,18
7623,1
7623,14
7623,18
7623,19
7623,20
7624,1
7624,4
7624,18
7624,20
7625,1
7625,18
7625,20
7626,1
7626,14
7626,16
7626,20
7627,1
7628,1
7628,9
7628,13
7628,18
7628,20
7629,1
7629,4
7629,18
7630,1
7630,9
7630,15
7630,20
7631,1
7631,9
7632,1
7632,20
7633,1
7633,7
7633,18
7633,19
7633,20
7634,1
7634,4
7634,16
7634,18
7634,20
7635,1
7635,18
7636,1
7636,4
7637,1
7637,14
7637,18
7638,1
7638,4
7638,20
7639,1
7639,4
7639,14
7639,18
7640,1
7641,1
7641,4
7641,18
7641,20
7642,1
7642,18
7643,1
7643,4
7643,14
7643,18
7644,1
7644,4
7644,18
7644,20
7645,1
7645,14
7645,20
7646,1
7647,1
7647,18
7648,1
7648,4
7648,18
7649,1
7649,14
7649,20
7650,1
7650,4
7650,18
7650,20
7651,1
7651,4
7651,18
7651,20
7652,1
7652,4
7652,18
7652,19
7652,20
7653,1
7653,4
7654,1
7655,1
7655,4
7655,18
7655,20
7656,1
7656,4
7656,16
7656,18
7656,19
7656,20
7657,1
7657,18
7658,1
7658,14
7658,18
7659,1
7659,19
7660,1
7660,18
7661,1
7661,16
7661,18
7661,20
7662,1
7663,1
7663,14
7664,1
7664,18
7664,19
7665,1
7665,13
7665,18
7666,1
7666,16
7666,18
7667,1
7668,1
7669,1
7669,18
7670,1
7670,4
7670,18
7670,20
7671,1
7671,20
7672,1
7672,18
7672,19
7672,20
7673,1
7673,4
7673,20
7674,1
7674,10
7675,1
7675,18
7675,20
7676,1
7676,18
7676,20
7677,1
7677,4
7677,16
7677,18
7677,20
7678,1
7679,1
7679,4
7679,20
7680,1
7680,16
7680,18
7680,20
7681,1
7681,4
7681,9
7681,16
7681,18
7681,20
7682,1
7683,1
7683,4
7683,9
7683,16
7683,18
7684,1
7684,18
7685,1
7685,4
7685,14
7685,18
7686,1
7686,14
7686,19
7687,1
7687,18
7688,1
7688,4
7688,10
7688,18
7689,1
7689,9
7689,20
7690,1
7690,20
7691,1
7691,18
7692,1
7692,4
7692,18
7692,20
7693,14
7693,18
7694,1
7694,4
7694,6
7694,14
7694,18
7694,19
7694,20
7695,1
7695,4
7695,18
7696,1
7696,4
7696,18
7696,20
7697,1
7698,1
7698,4
7698,18
7698,20
7699,1
7699,4
7699,16
7699,18
7699,20
7700,1
7700,18
7700,20
7701,1
7701,4
7701,14
7701,18
7702,1
7702,10
7702,18
7703,1
7703,4
7703,18
7703,20
7704,1
7704,20
7705,1
7705,20
7706,9
7707,1
7707,9
7708,1
7708,4
7708,18
7708,20
7709,1
7709,4
7709,18
7709,20
7711,1
7711,4
7711,9
7711,13
7711,14
7711,18
7711,19
7712,1
7712,18
7713,1
7713,20
7714,1
7714,14
7715,1
7715,14
7715,19
7715,20
7716,1
7716,19
7716,20
7717,1
7718,1
7718,9
7718,18
7719,1
7720,1
7721,1
7721,4
7721,16
7721,18
7721,19
7721,20
7722,1
7722,9
7722,15
7722,19
7723,1
7724,1
7724,5
7724,9
7724,18
7725,1
7725,9
7726,1
7726,18
7727,1
7727,9
7727,14
7727,18
7727,19
7728,1
7729,1
7729,9
7729,15
7729,19
7730,1
7730,4
7730,10
7730,18
7731,1
7731,4
7731,18
7731,19
7731,20
7732,1
7732,4
7732,18
7732,20
7733,1
7733,9
7733,14
7734,1
7734,4
7734,16
7735,1
7735,4
7735,10
7735,18
7735,19
7735,20
7736,1
7736,4
7736,14
7736,18
7737,1
7737,4
7737,18
7737,19
7738,1
7738,4
7738,14
7738,18
7738,20
7739,1
7739,18
7739,20
7740,1
7740,18
7740,20
7741,1
7741,20
7742,1
7743,1
7743,9
7743,18
7743,20
7744,18
7745,1
7745,14
7745,18
7746,1
7746,6
7746,18
7746,20
7747,1
7748,1
7748,4
7748,9
7748,20
7749,1
7749,4
7749,13
7749,20
7750,1
7750,9
7750,18
7750,20
7751,1
7752,1
7752,18
7752,19
7753,1
7753,18
7753,19
7754,1
7755,1
7755,4
7755,9
7755,19
7755,20
7756,1
7757,1
7757,18
7757,19
7757,20
7758,1
7758,19
7759,1
7759,14
7759,19
7760,1
7760,18
7760,20
7761,1
7761,4
7761,14
7761,18
7761,19
7761,20
7762,1
7762,4
7762,18
7762,20
7763,1
7763,4
7763,18
7763,20
7764,1
7764,14
7766,1
7766,9
7767,1
7767,4
7768,1
7768,4
7768,14
7768,18
7768,19
7768,20
7769,1
7770,18
7771,6
7771,13
7771,18
7772,1
7772,6
7772,13
7772,18
7773,1
7773,6
7773,19
7774,6
7774,12
7774,13
7774,16
7774,18
7774,19
7774,20
7775,1
7775,6
7775,13
7775,18
7776,18
7777,1
7778,9
7778,13
7778,16
7778,18
7779,1
7779,14
7779,16
7779,18
7779,19
7780,1
7780,6
7780,13
7780,14
7780,18
7780,20
7781,1
7782,1
7782,13
7782,14
7782,16
7782,18
7783,13
7783,18
7784,1
7784,13
7784,18
7785,1
7785,9
7785,13
7785,14
7785,16
7785,18
7785,20
7786,1
7786,18
7787,1
7787,13
7787,16
7787,18
7788,6
7788,13
7788,18
7788,19
7789,1
7789,16
7791,6
7791,13
7791,16
7791,18
7791,19
7791,20
7792,1
7792,6
7792,13
7792,14
7792,16
7792,18
7792,19
7792,20
7793,1
7793,18
7794,1
7794,6
7794,18
7795,18
7796,1
7796,6
7796,18
7796,19
7796,20
7797,6
7797,12
7797,18
7797,19
7797,20
7798,16
7798,18
7799,13
7799,18
7799,19
7800,13
7800,14
7800,16
7800,18
7800,19
7800,20
7801,1
7801,16
7802,18
7803,1
7803,16
7803,18
7803,20
7804,1
7804,9
7804,10
7804,13
7804,14
7804,18
7804,19
7804,20
7805,1
7805,6
7805,13
7805,16
7805,18
7806,1
7806,16
7806,18
7806,19
7807,6
7807,12
7807,18
7808,18
7809,1
7809,16
7809,18
7810,1
7810,16
7810,20
7811,1
7811,13
7811,18
7812,6
7812,13
7812,18
7812,19
7813,1
7813,16
7813,18
7814,16
7815,1
7815,18
7816,1
7816,16
7817,6
7817,18
7818,1
7818,6
7818,18
7819,1
7819,14
7819,19
7819,20
7820,1
7820,13
7820,16
7820,18
7820,20
7821,6
7821,18
7822,16
7822,18
7823,1
7823,9
7823,18
7823,19
7824,6
7824,16
7824,18
7824,19
7825,1
7825,12
7825,18
7826,9
7826,18
7827,14
7827,18
7828,1
7828,6
7828,12
7828,16
7828,18
7829,18
7829,19
7830,1
7830,18
7831,1
7831,6
7831,13
7831,16
7831,18
7831,19
7832,16
7832,18
7833,16
7833,18
7834,1
7834,13
7834,18
7834,19
7834,20
7835,1
7835,6
7835,13
7835,18
7836,10
7836,12
7836,18
7836,19
7836,20
7837,1
7837,6
7837,16
7837,18
7837,19
7837,20
7838,18
7839,1
7839,16
7840,18
7841,1
7841,16
7841,18
7842,1
7842,15
7842,18
7842,20
7843,9
7844,1
7844,6
7844,18
7844,20
7845,1
7845,13
7845,16
7845,18
7846,1
7846,6
7846,12
7846,13
7846,18
7846,19
7846,20
7847,1
7848,13
7848,16
7849,1
7849,10
7849,13
7849,20
7850,1
7850,13
7850,16
7851,16
7851,18
7852,4
7852,16
7852,18
7852,19
7853,16
7853,18
7854,6
7854,18
7855,1
7855,13
7855,14
7855,16
7855,18
7855,19
7855,20
7856,13
7856,18
7857,1
7857,16
7858,1
7858,6
7858,13
7858,16
7858,18
7859,6
7859,13
7859,16
7859,18
7859,19
7860,20
7861,1
7862,14
7862,20
7865,18
7866,6
7867,6
7867,18
7867,20
7868,6
7868,12
7868,18
7868,20
7869,20
7870,1
7870,18
7870,20
7871,18
7874,1
7875,1
7876,15
7876,20
7877,1
7877,16
7878,1
7879,1
7879,20
7881,1
7881,18
7881,20
7882,1
7882,6
7882,13
7882,20
7883,6
7883,18
7884,14
7884,20
7887,9
7887,20
7888,1
7888,18
7889,18
7889,20
7890,1
7890,6
7890,18
7890,19
7890,20
7891,1
7891,6
7891,11
7891,19
7891,20
7892,1
7892,6
7892,7
7893,1
7893,6
7893,11
7894,1
7894,6
7895,7
7896,11
7897,1
7897,6
7897,20
7898,1
7898,11
7899,1
7899,6
7899,11
7900,1
7900,6
7901,1
7901,6
7901,13
7901,20
7902,1
7903,1
7903,6
7903,11
7904,1
7904,6
7905,1
7905,6
7906,1
7906,7
7907,1
7907,9
7908,1
7908,6
7908,9
7908,15
7908,19
7908,20
7909,1
7909,6
7910,1
7910,6
7910,13
7911,1
7911,6
7911,13
7911,18
7912,1
7913,1
7913,6
7914,1
7914,6
7914,9
7914,10
7914,12
7915,1
7915,4
7915,6
7915,14
7915,18
7915,20
7916,1
7917,7
7918,7
7919,1
7919,6
7920,1
7920,9
7921,7
7922,1
7922,6
7922,16
7923,7
7924,6
7924,13
7925,1
7925,6
7925,16
7925,19
7925,20
7926,1
7926,6
7927,1
7928,6
7928,7
7929,1
7929,6
7930,1
7930,6
7931,1
7931,9
7931,15
7932,1
7932,6
7932,14
7933,7
7934,1
7934,13
7935,1
7935,6
7935,9
7935,19
7936,7
7937,1
7938,7
7939,7
7940,1
7940,6
7940,16
7940,18
7940,20
7941,6
7941,13
7941,18
7942,7
7943,1
7943,6
7943,12
7944,1
7944,6
7944,19
7945,1
7945,6
7945,16
7945,19
7945,20
7946,1
7946,6
7947,1
7947,9
7948,1
7948,6
7948,9
7948,13
7948,19
7948,20
7949,1
7949,6
7949,9
7949,13
7949,16
7949,18
7949,19
7949,20
7950,1
7950,7
7951,1
7951,6
7951,19
7951,20
7952,1
7952,6
7952,9
7953,1
7953,16
7953,18
7954,1
7954,6
7954,16
7954,19
7954,20
7955,1
7955,6
7955,16
7955,18
7956,1
7957,6
7957,7
7958,1
7958,6
7958,12
7958,14
7958,20
7959,7
7960,1
7960,6
7960,18
7960,20
7961,16
7962,7
7963,6
7963,13
7963,18
7964,1
7964,6
7964,7
7964,12
7964,16
7965,1
7965,6
7965,7
7966,7
7967,7
7968,1
7968,6
7969,1
7969,6
7969,18
7969,19
7969,20
7970,1
7970,6
7970,20
7971,1
7971,6
7971,9
7972,1
7973,1
7973,6
7973,7
7974,1
7974,6
7974,12
7974,18
7974,20
7975,1
7975,13
7975,18
7976,1
7977,7
7978,6
7978,7
7979,1
7979,6
7979,7
7979,18
7980,1
7980,6
7980,18
7980,20
7981,1
7981,6
7981,9
7981,15
7982,6
7983,1
7983,6
7984,1
7984,6
7984,7
7984,12
7984,13
7985,1
7985,6
7985,9
7986,6
7986,14
7986,16
7986,20
7987,7
7988,1
7988,7
7989,13
7989,18
7990,1
7990,13
7990,18
7991,1
7991,6
7991,13
7992,1
7992,6
7992,14
7992,16
7992,19
7992,20
7993,7
7994,1
7994,6
7995,1
7995,6
7995,16
7995,18
7996,1
7996,6
7997,1
7997,6
7997,9
7997,14
7997,16
7997,18
7998,1
7998,9
7998,16
7999,1
7999,6
8000,1
8000,6
8000,12
8000,13
8000,20
8001,1
8001,6
8002,6
8002,12
8003,6
8003,7
8004,1
8004,6
8005,6
8005,7
8006,7
8007,7
8008,1
8008,4
8008,6
8008,13
8008,16
8009,6
8010,7
8011,7
8012,6
8012,7
8013,6
8013,14
8013,19
8013,20
8014,1
8014,13
8014,18
8015,1
8015,9
8016,1
8016,6
8016,9
8017,1
8017,6
8018,6
8018,7
8019,7
8020,1
8020,6
8020,13
8020,18
8020,20
8021,7
8022,6
8022,12
8022,13
8023,1
8023,6
8023,12
8023,14
8023,19
8023,20
8024,6
8024,14
8024,20
8025,7
8026,1
8026,6
8027,1
8027,6
8027,7
8028,18
8029,7
8030,1
8030,6
8030,13
8030,18
8031,1
8031,7
8032,6
8032,7
8033,1
8033,6
8034,1
8034,6
8034,9
8035,1
8035,6
8035,18
8036,1
8036,6
8036,16
8036,19
8037,1
8037,6
8037,9
8037,14
8039,1
8039,6
8040,1
8040,6
8040,9
8040,18
8040,19
8041,1
8041,6
8041,13
8041,18
8042,7
8043,1
8043,6
8043,9
8043,19
8044,6
8045,6
8045,13
8046,1
8046,6
8046,7
8047,1
8047,6
8047,12
8047,13
8047,16
8047,18
8047,20
8048,1
8048,6
8048,13
8048,14
8049,7
8050,1
8050,6
8050,14
8050,18
8051,6
8051,7
8052,1
8052,6
8053,1
8053,6
8053,9
8053,18
8053,19
8053,20
8054,1
8054,6
8055,7
8056,1
8057,7
8058,1
8058,6
8058,19
8058,20
8059,13
8060,1
8060,6
8060,13
8060,18
8060,20
8061,1
8061,5
8061,6
8061,9
8061,13
8061,16
8061,18
8061,19
8061,20
8062,1
8062,6
8062,12
8062,13
8062,19
8063,1
8063,6
8063,20
8064,1
8064,6
8064,7
8065,1
8065,7
8066,7
8067,7
8068,1
8068,6
8068,7
8069,7
8070,1
8070,6
8070,9
8070,12
8070,18
8070,20
8071,1
8071,6
8071,14
8071,19
8072,1
8072,6
8072,9
8073,7
8074,7
8075,1
8075,6
8075,13
8075,14
8075,20
8076,6
8076,7
8077,7
8078,1
8078,6
8078,13
8078,18
8078,19
8078,20
8079,7
8080,1
8080,6
8081,7
8082,7
8083,6
8083,7
8084,6
8084,7
8084,12
8084,13
8085,1
8085,6
8086,1
8086,16
8086,20
8087,1
8087,6
8087,12
8087,13
8087,18
8087,19
8088,7
8089,1
8089,6
8089,12
8089,20
8090,7
8091,1
8091,6
8091,7
8092,1
8092,6
8092,13
8093,1
8093,6
8093,9
8094,6
8094,13
8094,19
8095,6
8095,7
8096,6
8096,7
8097,1
8097,6
8097,19
8097,20
8098,7
8099,1
8099,6
8099,7
8100,7
8101,7
8102,7
8103,6
8103,7
8104,7
8105,1
8105,6
8105,9
8105,14
8105,15
8106,1
8106,6
8107,6
8107,7
8108,6
8108,16
8109,1
8110,1
8110,6
8110,13
8111,7
8112,6
8112,13
8112,18
8112,20
8113,7
8114,6
8114,7
8115,6
8115,7
8115,13
8115,18
8116,1
8116,6
8117,7
8118,1
8118,14
8118,19
8119,10
8120,6
8120,7
8120,13
8120,18
8121,1
8121,6
8121,12
8122,1
8122,6
8123,1
8123,9
8124,1
8124,6
8124,9
8125,1
8125,9
8126,1
8126,6
8127,6
8127,9
8127,13
8127,14
8127,16
8127,18
8127,19
8127,20
8128,1
8128,6
8128,16
8129,6
8129,7
8129,13
8130,1
8130,6
8130,16
8131,6
8132,6
8133,7
8134,1
8134,6
8134,18
8135,1
8135,6
8135,12
8135,13
8136,1
8136,6
8136,9
8136,20
8137,1
8137,6
8137,12
8137,13
8137,20
8138,1
8138,6
8138,7
8139,1
8139,6
8139,12
8140,1
8140,6
8141,7
8142,6
8142,13
8142,18
8143,1
8143,6
8143,13
8143,19
8143,20
8144,1
8144,6
8144,7
8144,18
8144,20
8145,1
8145,6
8145,18
8145,19
8145,20
8146,1
8146,6
8147,1
8148,1
8149,7
8150,6
8150,13
8150,18
8150,20
8151,1
8151,6
8151,12
8151,13
8152,1
8152,6
8152,13
8152,18
8153,1
8153,16
8155,1
8155,6
8155,18
8155,20
8156,1
8156,6
8156,7
8156,13
8156,18
8157,1
8157,6
8157,19
8157,20
8158,7
8159,1
8159,6
8159,18
8160,1
8160,6
8160,19
8160,20
8161,1
8161,6
8161,13
8161,18
8162,1
8162,6
8163,1
8163,6
8163,9
8164,1
8164,6
8164,14
8164,20
8165,7
8166,6
8167,1
8167,6
8168,7
8169,7
8170,6
8170,7
8171,1
8171,7
8172,1
8172,6
8172,9
8172,13
8172,14
8172,18
8172,19
8172,20
8173,7
8174,1
8174,6
8174,9
8175,1
8175,6
8175,19
8175,20
8176,7
8177,18
8177,20
8178,1
8178,6
8178,9
8181,1
8181,18
8181,20
8182,6
8182,16
8182,18
8183,1
8183,6
8183,20
8185,1
8185,9
8185,20
8186,6
8187,1
8187,9
8187,16
8187,18
8188,1
8189,6
8189,10
8189,16
8189,18
8190,1
8190,16
8191,1
8191,6
8191,12
8191,13
8191,20
8193,1
8193,4
8193,9
8193,14
8193,18
8193,20
8194,4
8194,14
8195,1
8196,1
8196,6
8196,12
8196,13
8196,20
8197,14
8198,1
8198,9
8198,20
8199,1
8199,14
8199,18
8199,20
8200,1
8200,20
8201,1
8202,18
8203,9
8203,18
8204,14
8205,20
8206,1
8206,18
8207,1
8207,6
8207,20
8208,1
8208,6
8208,18
8208,20
8209,1
8209,20
8210,1
8211,1
8211,20
8212,1
8212,6
8212,13
8213,1
8213,18
8214,1
8214,9
8215,1
8216,1
8216,6
8216,20
8217,1
8217,18
8217,20
8218,1
8218,18
8219,1
8219,18
8220,1
8220,6
8222,1
8222,18
8222,20
8223,1
8223,6
8223,18
8224,1
8224,18
8224,20
8225,1
8225,9
8226,1
8226,6
8226,16
8226,18
8227,1
8227,13
8227,18
8228,1
8228,20
8229,1
8229,14
8230,1
8230,6
8230,12
8230,18
8231,1
8231,14
8231,18
8233,1
8233,14
8233,20
8234,1
8235,1
8235,18
8236,1
8236,6
8236,12
8236,13
8236,18
8237,1
8238,1
8238,6
8239,1
8240,1
8240,14
8240,20
8241,1
8241,14
8241,20
8242,1
8242,6
8242,13
8242,18
8243,1
8243,9
8243,20
8244,20
8245,1
8245,18
8246,1
8246,18
8247,1
8247,18
8248,1
8249,1
8249,18
8249,20
8250,1
8250,6
8251,1
8251,6
8251,20
8252,1
8253,1
8254,1
8254,18
8255,1
8255,14
8255,18
8256,1
8256,20
8257,1
8257,9
8258,13
8259,1
8259,9
8259,20
8260,1
8260,18
8261,1
8261,18
8262,1
8263,1
8263,20
8264,1
8264,20
8265,1
8265,18
8266,1
8266,9
8266,15
8266,20
8267,1
8267,9
8268,1
8268,9
8268,18
8268,20
8269,1
8269,18
8270,1
8270,6
8270,12
8270,18
8271,1
8271,16
8271,18
8272,1
8273,1
8273,18
8274,1
8274,18
8275,1
8275,6
8275,18
8275,20
8276,1
8276,6
8276,13
8276,18
8277,1
8277,10
8277,18
8278,1
8279,1
8279,18
8280,1
8281,1
8282,1
8282,9
8282,18
8283,1
8283,20
8284,1
8284,9
8285,1
8286,1
8286,18
8286,20
8287,1
8288,1
8288,18
8289,1
8290,1
8291,1
8291,9
8292,1
8292,9
8293,1
8293,9
8293,18
8293,20
8294,1
8294,6
8295,1
8296,1
8296,6
8296,13
8296,18
8296,20
8297,6
8297,18
8298,9
8299,1
8299,18
8299,20
8300,1
8300,18
8300,20
8301,1
8301,6
8302,1
8302,18
8303,1
8304,1
8304,18
8305,1
8305,9
8305,18
8305,20
8306,1
8306,20
8307,1
8308,1
8309,1
8309,18
8310,1
8310,6
8310,14
8310,18
8310,20
8311,1
8311,18
8312,1
8312,20
8313,1
8313,6
8313,18
8314,1
8315,1
8316,1
8316,20
8317,1
8317,6
8317,18
8317,20
8318,1
8319,1
8319,6
8319,13
8320,1
8320,6
8320,20
8321,1
8322,1
8322,18
8323,1
8323,9
8323,18
8323,20
8324,1
8324,6
8324,9
8324,20
8325,1
8325,16
8326,1
8326,18
8327,1
8328,1
8328,6
8328,13
8328,18
8328,20
8329,1
8329,18
8330,1
8331,1
8331,9
8331,18
8331,20
8332,1
8333,1
8334,1
8335,1
8335,9
8336,1
8336,20
8337,1
8337,19
8337,20
8338,1
8339,1
8340,1
8340,9
8341,1
8341,6
8341,20
8342,1
8342,12
8343,1
8343,18
8344,1
8344,18
8344,20
8345,1
8345,9
8345,18
8346,1
8346,13
8346,18
8346,20
8347,1
8348,1
8348,18
8349,1
8349,9
8350,1
8351,1
8352,1
8352,20
8353,1
8354,6
8354,13
8354,18
8355,1
8356,1
8357,1
8357,16
8357,20
8358,1
8358,20
8359,1
8359,6
8359,20
8361,1
8361,20
8362,1
8362,6
8363,1
8363,18
8364,1
8364,19
8365,1
8365,13
8365,20
8366,1
8366,18
8366,20
8367,1
8367,18
8367,20
8368,1
8368,6
8369,1
8369,18
8370,1
8370,18
8370,20
8371,1
8371,18
8372,1
8373,1
8373,20
8374,1
8374,18
8375,1
8375,16
8375,20
8376,18
8376,20
8377,1
8377,6
8377,18
8377,20
8378,1
8379,1
8379,18
8380,1
8380,18
8381,1
8381,18
8382,9
8382,14
8383,1
8383,9
8384,1
8384,18
8385,1
8385,6
8385,14
8385,18
8386,1
8386,20
8387,1
8388,1
8389,1
8389,20
8390,1
8390,9
8390,20
8391,1
8391,13
8392,1
8392,18
8393,1
8393,18
8393,20
8394,1
8394,9
8395,1
8395,20
8396,1
8396,18
8397,1
8398,1
8398,18
8399,1
8400,1
8401,1
8401,4
8401,18
8401,20
8402,1
8402,20
8403,15
8403,18
8404,1
8404,9
8404,20
8405,1
8405,18
8406,1
8406,20
8407,1
8408,1
8408,20
8409,1
8409,6
8410,13
8410,18
8410,20
8411,1
8412,1
8412,9
8412,20
8413,1
8413,18
8414,1
8414,18
8415,1
8415,9
8415,18
8415,20
8416,1
8417,1
8417,18
8418,1
8418,18
8419,1
8419,18
8420,1
8420,20
8421,1
8422,1
8423,1
8423,9
8423,18
8424,6
8424,13
8424,18
8425,1
8425,18
8426,1
8426,20
8427,1
8427,9
8427,14
8427,18
8428,1
8428,18
8428,20
8429,1
8429,6
8429,18
8429,20
8430,1
8430,18
8430,20
8431,1
8431,18
8432,1
8432,6
8432,18
8433,1
8434,1
8434,20
8435,1
8436,1
8436,18
8437,1
8437,13
8437,18
8437,20
8438,1
8438,18
8438,20
8439,1
8439,18
8439,20
8440,1
8440,6
8440,20
8441,1
8441,18
8442,1
8442,9
8444,1
8444,14
8444,18
8444,20
8445,1
8446,1
8446,18
8447,1
8447,13
8447,18
8448,1
8448,6
8448,18
8448,20
8449,1
8449,18
8450,1
8450,20
8451,1
8451,20
8452,1
8452,9
8452,13
8452,18
8453,1
8453,16
8453,20
8454,1
8454,18
8454,20
8455,1
8455,6
8455,18
8455,20
8456,1
8456,20
8457,1
8457,6
8458,1
8459,1
8459,20
8460,1
8460,6
8460,13
8460,16
8461,1
8461,18
8461,20
8462,1
8462,20
8463,1
8464,1
8465,1
8465,20
8466,1
8466,6
8466,13
8466,20
8467,1
8467,20
8468,1
8468,9
8469,1
8469,18
8469,20
8470,1
8470,5
8470,13
8470,14
8470,18
8470,20
8471,1
8471,18
8472,1
8472,9
8472,14
8472,19
8473,1
8473,18
8473,20
8474,1
8474,20
8476,1
8476,9
8476,20
8477,1
8477,6
8477,18
8477,20
8479,1
8479,18
8480,1
8481,1
8481,6
8481,13
8481,18
8481,20
8482,1
8482,18
8482,20
8483,1
8483,9
8483,18
8484,1
8484,20
8485,1
8485,14
8485,18
8486,1
8486,13
8486,16
8486,18
8486,19
8487,1
8488,1
8488,9
8489,1
8490,1
8491,1
8491,18
8491,20
8492,1
8492,18
8493,1
8494,1
8495,1
8495,18
8495,20
8496,1
8496,6
8496,18
8496,20
8497,1
8497,14
8498,1
8498,20
8499,1
8499,14
8499,20
8500,1
8500,6
8500,13
8500,18
8501,1
8502,1
8502,18
8503,18
8504,1
8504,9
8505,1
8505,18
8505,20
8506,1
8507,1
8508,1
8508,20
8509,1
8509,18
8510,6
8510,18
8511,1
8512,1
8513,1
8513,14
8513,20
8514,1
8514,20
8515,1
8515,18
8515,20
8516,1
8516,18
8517,1
8517,18
8518,1
8519,1
8519,20
8520,1
8521,9
8521,18
8522,1
8523,1
8523,18
8524,1
8524,9
8525,1
8525,18
8525,20
8526,1
8527,1
8527,6
8527,18
8528,1
8528,18
8528,20
8529,1
8529,20
8530,1
8530,6
8530,20
8531,1
8531,19
8531,20
8532,1
8533,1
8533,6
8533,18
8533,20
8534,1
8534,6
8534,18
8534,20
8535,1
8535,4
8535,9
8535,20
8536,1
8537,1
8538,1
8539,1
8539,14
8539,18
8540,1
8540,9
8540,18
8540,20
8541,1
8542,1
8542,6
8542,13
8542,18
8543,1
8543,13
8543,20
8545,1
8545,18
8545,20
8546,1
8546,18
8547,1
8548,1
8548,18
8548,20
8549,1
8550,18
8551,1
8551,6
8551,13
8551,18
8552,1
8552,6
8552,13
8552,20
8553,1
8553,6
8554,1
8554,6
8554,12
8554,13
8554,20
8555,18
8556,1
8556,18
8557,6
8557,18
8558,1
8558,6
8558,18
8559,1
8559,6
8559,18
8560,1
8560,20
8561,1
8561,9
8562,1
8562,9
8562,20
8563,1
8563,18
8564,1
8564,6
8565,1
8565,6
8565,18
8566,1
8566,9
8566,20
8567,1
8567,18
8568,1
8568,18
8569,1
8569,14
8569,18
8569,20
8570,1
8570,6
8570,20
8571,1
8571,20
8572,1
8573,1
8573,9
8573,20
8574,1
8574,9
8575,1
8575,6
8576,1
8576,9
8577,1
8577,18
8578,1
8578,6
8578,18
8579,6
8579,18
8580,14
8580,18
8581,1
8581,20
8582,1
8582,18
8582,20
8583,1
8583,18
8585,1
8585,18
8585,20
8586,1
8586,18
8587,1
8587,18
8587,20
8588,1
8588,6
8588,18
8588,20
8589,1
8589,18
8589,20
8590,1
8590,20
8591,1
8591,6
8591,13
8591,16
8591,18
8592,1
8592,18
8593,1
8594,1
8595,1
8595,18
8595,20
8596,1
8596,18
8596,20
8597,1
8597,18
8598,1
8598,14
8598,18
8598,20
8599,1
8599,9
8600,1
8601,1
8601,10
8601,18
8602,1
8602,9
8603,1
8603,16
8603,18
8604,1
8604,18
8605,1
8605,6
8605,12
8605,16
8605,18
8606,1
8607,1
8607,18
8607,20
8608,1
8608,20
8609,1
8610,1
8611,1
8611,9
8611,20
8612,1
8612,20
8613,1
8613,20
8614,1
8614,6
8614,18
8614,20
8615,1
8615,9
8615,18
8615,20
8616,1
8616,20
8617,1
8617,18
8617,20
8618,1
8619,1
8619,6
8619,13
8620,1
8620,9
8620,18
8620,20
8621,1
8621,9
8622,1
8622,6
8623,1
8623,9
8623,18
8624,1
8624,18
8625,1
8625,6
8625,12
8625,14
8625,18
8626,1
8627,1
8627,18
8628,6
8629,1
8629,16
8629,20
8630,1
8630,18
8630,20
8631,1
8631,18
8632,1
8633,1
8633,18
8633,20
8634,1
8634,18
8634,20
8635,1
8635,20
8636,1
8637,1
8637,6
8637,18
8638,1
8638,9
8638,15
8639,1
8639,18
8639,20
8640,1
8640,9
8640,20
8641,1
8641,20
8642,1
8642,6
8642,18
8642,20
8643,1
8643,13
8643,20
8644,1
8644,18
8645,1
8645,9
8646,1
8646,18
8647,1
8647,20
8648,1
8649,1
8650,1
8651,1
8651,13
8651,18
8651,20
8652,1
8652,14
8652,18
8653,1
8653,18
8654,1
8654,20
8655,1
8655,20
8656,1
8656,6
8656,13
8656,18
8657,1
8657,9
8658,1
8658,20
8659,1
8659,18
8660,1
8660,14
8660,19
8661,1
8661,18
8661,20
8662,1
8663,1
8663,9
8663,18
8663,20
8664,1
8665,1
8665,9
8665,18
8666,6
8667,1
8667,18
8668,1
8668,18
8669,1
8669,9
8669,20
8670,1
8670,9
8670,20
8671,1
8671,20
8672,1
8672,6
8672,13
8672,18
8672,20
8673,1
8673,13
8673,14
8673,18
8674,1
8674,18
8674,20
8675,1
8675,18
8676,1
8676,18
8677,1
8677,20
8678,1
8678,18
8678,20
8679,1
8679,20
8680,1
8681,1
8681,4
8682,1
8682,20
8683,1
8683,13
8683,18
8684,18
8684,20
8685,1
8685,18
8685,20
8686,1
8686,20
8687,1
8687,6
8688,1
8689,1
8689,18
8690,1
8690,18
8691,1
8692,1
8692,13
8692,18
8693,1
8693,18
8694,1
8694,6
8694,18
8694,20
8695,1
8695,18
8696,1
8696,18
8696,20
8697,1
8698,1
8698,9
8698,18
8698,20
8699,1
8699,18
8700,6
8701,1
8701,20
8702,1
8702,20
8703,1
8703,18
8703,20
8704,1
8705,1
8706,1
8707,1
8707,20
8708,1
8709,1
8709,18
8710,1
8710,6
8710,13
8710,20
8711,1
8711,6
8711,20
8712,1
8712,20
8713,1
8713,18
8714,1
8714,18
8714,20
8715,1
8715,20
8716,1
8717,1
8717,18
8718,1
8718,9
8718,18
8719,1
8719,18
8720,1
8721,1
8722,20
8723,1
8723,18
8724,1
8724,13
8724,20
8725,1
8725,18
8725,20
8726,1
8726,6
8727,1
8727,9
8728,1
8729,1
8729,14
8730,1
8730,18
8730,20
8731,1
8731,20
8732,1
8733,1
8733,20
8734,1
8734,6
8734,18
8735,1
8735,18
8736,1
8737,1
8738,1
8738,18
8739,1
8740,1
8740,18
8741,1
8741,6
8741,14
8741,18
8741,20
8742,18
8742,20
8743,1
8743,18
8743,20
8744,1
8744,9
8744,15
8745,1
8745,6
8745,18
8745,20
8746,1
8746,13
8746,20
8747,1
8747,18
8747,20
8748,1
8748,6
8748,18
8749,1
8749,14
8750,1
8750,18
8750,20
8751,1
8751,9
8751,18
8752,1
8753,1
8753,9
8754,1
8755,1
8755,6
8755,14
8755,18
8756,1
8756,20
8757,1
8757,9
8757,20
8758,1
8758,9
8759,1
8759,13
8759,20
8760,1
8761,1
8762,1
8763,1
8764,1
8764,6
8764,18
8764,20
8765,1
8766,1
8767,1
8767,18
8768,1
8768,6
8769,1
8769,20
8770,1
8770,18
8770,20
8772,1
8773,1
8773,14
8774,1
8774,18
8775,1
8775,6
8775,13
8775,18
8775,20
8776,1
8776,14
8776,20
8777,1
8778,1
8778,9
8778,20
8779,1
8779,6
8779,20
8780,1
8780,20
8781,1
8781,18
8782,1
8782,18
8783,1
8783,6
8783,18
8783,19
8784,1
8784,6
8784,13
8784,20
8785,1
8785,18
8785,20
8786,13
8786,18
8787,1
8787,6
8787,18
8787,20
8788,1
8788,18
8789,18
8790,1
8791,1
8791,18
8791,20
8792,1
8792,18
8793,1
8793,14
8793,20
8794,1
8794,18
8795,1
8795,18
8795,20
8796,1
8797,1
8797,9
8798,1
8798,18
8798,20
8800,1
8801,1
8801,6
8801,14
8801,18
8801,20
8802,1
8802,18
8803,1
8803,20
8804,1
8804,13
8804,18
8805,1
8805,6
8805,20
8806,1
8806,18
8807,1
8807,6
8807,18
8807,20
8808,1
8808,6
8808,14
8809,1
8809,5
8809,18
8810,1
8810,6
8810,12
8810,13
8810,16
8810,18
8811,1
8811,9
8812,1
8812,9
8813,1
8813,20
8814,1
8814,20
8815,1
8815,20
8816,1
8816,18
8816,20
8817,1
8817,14
8817,18
8818,1
8818,18
8818,20
8819,1
8819,18
8820,1
8820,18
8821,1
8821,9
8822,1
8823,1
8823,18
8824,1
8824,9
8824,20
8825,1
8825,6
8825,20
8826,1
8826,20
8827,1
8827,18
8828,1
8828,14
8828,18
8829,1
8829,20
8830,1
8830,9
8831,1
8831,20
8832,1
8832,9
8832,20
8833,1
8833,18
8834,1
8834,20
8835,1
8835,9
8835,20
8836,1
8837,1
8837,20
8838,1
8838,20
8839,1
8840,1
8841,1
8841,16
8842,1
8843,1
8843,6
8843,18
8844,1
8844,9
8844,20
8845,1
8845,9
8846,1
8846,9
8847,1
8848,1
8848,6
8848,18
8848,20
8849,1
8849,6
8849,16
8850,1
8850,6
8850,13
8850,20
8851,1
8851,18
8851,20
8852,1
8852,18
8852,20
8853,1
8853,6
8853,13
8853,18
8853,20
8854,1
8854,9
8855,1
8856,1
8856,18
8857,1
8858,1
8858,20
8859,1
8860,1
8860,6
8861,1
8862,1
8862,20
8863,1
8863,6
8863,13
8863,18
8863,20
8864,1
8864,18
8865,1
8865,20
8866,1
8867,1
8867,20
8868,1
8869,1
8870,1
8871,1
8871,9
8871,20
8872,1
8872,9
8872,16
8873,1
8874,1
8874,6
8874,18
8874,20
8875,1
8876,1
8877,1
8877,18
8878,1
8879,1
8879,18
8880,1
8880,6
8880,13
8880,16
8881,1
8882,1
8882,18
8883,1
8884,1
8884,6
8885,1
8885,6
8885,18
8886,1
8887,1
8889,1
8889,9
8890,1
8891,1
8891,18
8892,1
8892,18
8893,1
8893,10
8894,6
8894,18
8894,20
8895,1
8895,9
8895,18
8896,1
8896,6
8896,20
8897,1
8897,20
8898,1
8898,14
8899,1
8900,1
8900,20
8901,1
8901,18
8901,20
8902,1
8902,6
8902,14
8903,1
8903,6
8903,16
8903,20
8904,1
8904,6
8904,14
8904,20
8905,1
8905,20
8907,1
8908,1
8908,18
8909,1
8909,20
8910,1
8911,6
8911,13
8912,1
8912,9
8912,18
8913,1
8913,6
8913,18
8914,1
8914,13
8915,1
8915,20
8916,1
8916,18
8917,1
8917,18
8918,1
8918,6
8918,18
8919,1
8919,9
8919,20
8920,1
8921,1
8921,20
8922,1
8922,6
8922,13
8922,14
8922,18
8922,20
8923,1
8923,20
8924,1
8924,20
8925,1
8925,6
8925,18
8925,20
8926,1
8926,18
8927,6
8927,18
8928,1
8928,6
8928,12
8928,13
8928,14
8928,18
8928,20
8929,1
8930,1
8930,20
8931,20
8932,1
8932,13
8932,14
8932,18
8933,1
8933,18
8934,1
8935,1
8935,20
8936,1
8937,1
8938,1
8938,18
8938,20
8939,1
8940,1
8940,18
8940,20
8941,1
8942,1
8942,9
8943,1
8944,1
8945,1
8945,20
8946,1
8946,9
8946,15
8946,18
8946,20
8947,1
8948,1
8948,9
8949,1
8950,1
8950,9
8951,1
8951,18
8951,20
8952,1
8952,6
8952,20
8953,1
8953,20
8954,1
8954,6
8954,18
8955,1
8955,6
8955,20
8956,1
8956,9
8956,20
8958,1
8958,6
8958,7
8959,7
8960,7
8961,1
8961,4
8961,13
8961,14
8961,16
8961,19
8961,20
8962,1
8962,16
8963,1
8963,13
8963,18
8963,19
8963,20
8964,1
8964,6
8964,13
8964,19
8965,1
8965,6
8965,18
8966,1
8966,10
8967,1
8967,6
8967,13
8967,14
8967,20
8968,1
8968,6
8968,18
8969,1
8969,4
8969,6
8969,9
8969,14
8969,18
8969,20
8970,1
8970,6
8970,9
8970,20
8971,1
8971,6
8972,1
8972,12
8972,14
8972,15
8973,6
8974,1
8974,4
8974,13
8974,14
8974,19
8974,20
8975,6
8975,12
8975,20
8976,1
8977,1
8977,6
8977,20
8978,1
8978,6
8979,1
8979,4
8979,6
8979,14
8979,18
8979,20
8980,1
8980,6
8980,13
8980,14
8980,18
8980,19
8980,20
8981,1
8981,14
8981,18
8982,1
8982,6
8982,14
8982,19
8982,20
8983,1
8983,14
8983,18
8984,1
8984,6
8984,18
8985,6
8985,18
8985,20
8986,1
8987,1
8988,1
8988,4
8988,16
8988,18
8989,1
8989,6
8989,9
8989,18
8989,19
8989,20
8990,1
8990,6
8990,19
8990,20
8991,1
8991,6
8991,20
8992,1
8992,6
8992,9
8992,18
8992,20
8993,6
8994,6
8995,1
8995,6
8995,14
8995,16
8995,19
8995,20
8996,1
8996,4
8996,6
8996,13
8996,14
8996,19
8996,20
8997,1
8997,6
8998,1
8998,7
8999,1
8999,19
9000,1
9000,4
9000,9
9000,13
9000,14
9000,19
9000,20
9001,1
9001,6
9001,9
9001,14
9001,16
9001,19
9001,20
9002,1
9002,6
9002,9
9003,1
9003,6
9003,9
9003,18
9004,1
9004,4
9004,6
9004,14
9004,16
9004,19
9004,20
9005,1
9005,6
9005,20
9007,1
9007,6
9008,1
9008,6
9009,7
9010,6
9011,1
9011,6
9011,13
9011,20
9012,1
9012,9
9012,13
9012,14
9012,19
9012,20
9013,1
9013,6
9013,12
9013,18
9013,19
9013,20
9014,14
9015,1
9015,6
9015,19
9016,1
9016,11
9017,1
9017,6
9018,1
9018,6
9018,14
9018,19
9019,1
9019,14
9020,1
9022,12
9022,14
9023,7
9024,1
9024,6
9024,18
9024,19
9025,1
9025,6
9026,1
9027,1
9027,14
9028,1
9028,6
9030,1
9031,1
9031,6
9031,14
9032,6
9032,19
9033,1
9034,1
9035,1
9035,6
9036,6
9036,7
9037,1
9037,16
9038,1
9038,9
9038,14
9040,1
9040,6
9040,9
9041,7
9042,7
9043,1
9044,1
9044,6
9044,19
9045,4
9045,6
9045,14
9045,16
9045,19
9045,20
9046,1
9047,1
9047,6
9048,1
9048,6
9049,1
9049,6
9049,19
9049,20
9050,1
9050,6
9050,9
9050,15
9051,7
9052,7
9053,1
9054,1
9054,6
9054,9
9054,13
9055,1
9056,1
9056,7
9057,1
9057,6
9058,7
9059,1
9061,1
9062,1
9062,5
9063,1
9064,1
9064,9
9065,1
9065,6
9066,1
9066,6
9067,1
9067,14
9068,1
9069,6
9069,19
9069,20
9070,1
9070,6
9070,9
9071,1
9071,6
9071,9
9071,19
9072,1
9073,1
9073,6
9073,13
9073,16
9074,6
9074,7
9075,1
9075,9
9075,19
9076,1
9076,14
9076,19
9077,1
9078,1
9078,6
9079,16
9079,18
9080,1
9080,9
9081,10
9082,1
9082,13
9083,1
9083,6
9083,9
9084,1
9084,6
9084,9
9085,7
9086,1
9086,6
9087,1
9088,7
9089,1
9089,6
9089,19
9089,20
9090,7
9091,7
9092,1
9093,1
9094,1
9095,1
9095,6
9095,9
9095,19
9097,1
9097,16
9098,1
9098,6
9098,18
9098,19
9099,18
9100,6
9101,1
9102,1
9102,18
9103,1
9103,5
9103,6
9103,19
9104,1
9104,15
9104,20
9105,1
9106,1
9106,6
9106,9
9106,14
9106,19
9106,20
9107,1
9107,20
9108,1
9109,7
9110,1
9110,9
9111,1
9111,9
9112,1
9112,9
9113,1
9113,9
9114,1
9115,1
9115,9
9116,1
9116,9
9117,1
9117,9
9117,17
9118,1
9118,9
9119,1
9119,9
9120,1
9120,9
9121,1
9121,9
9122,1
9122,9
9123,1
9123,8
9123,9
9124,1
9124,9
9125,1
9125,7
9125,9
9126,1
9126,9
9127,1
9127,9
9131,1
9131,9
9131,19
9132,1
9132,9
9132,18
9133,19
9134,1
9134,4
9134,6
9134,18
9134,19
9135,1
9135,4
9135,18
9135,19
9136,1
9136,14
9138,18
9139,1
9139,18
9140,1
9140,9
9140,18
9141,1
9142,1
9142,10
9142,14
9142,19
9143,18
9143,19
9144,1
9144,9
9145,1
9145,6
9147,1
9147,6
9147,20
9148,1
9148,4
9148,9
9148,18
9148,19
9149,1
9149,14
9149,18
9150,1
9150,4
9150,18
9150,20
9151,1
9151,20
9152,1
9152,9
9153,1
9153,6
9153,20
9154,6
9154,10
9154,18
9155,1
9156,1
9156,9
9159,1
9159,6
9159,18
9160,1
9160,18
9162,1
9162,6
9164,6
9164,9
9164,14
9166,1
9167,1
9167,9
9167,10
9167,14
9167,19
9167,20
9168,1
9168,9
9168,14
9168,18
9168,19
9168,20
9170,1
9170,13
9170,14
9170,19
9172,1
9172,6
9172,9
9172,15
9172,19
9173,1
9173,6
9174,1
9174,6
9176,1
9176,4
9176,20
9177,1
9177,18
9178,1
9178,18
9179,1
9179,10
9179,13
9179,19
9181,6
9181,18
9182,1
9182,6
9182,18
9182,20
9183,1
9183,6
9185,1
9186,14
9186,20
9187,1
9187,6
9187,18
9188,1
9188,18
9189,16
9189,18
9189,20
9190,18
9190,20
9191,1
9191,6
9191,20
9192,1
9194,1
9194,20
9195,18
9195,20
9196,18
9196,20
9197,18
9198,18
9199,1
9199,16
9199,18
9199,20
9200,1
9200,6
9200,20
9201,1
9201,18
9202,1
9202,14
9202,18
9203,18
9204,1
9205,1
9205,18
9205,20
9206,1
9206,18
9207,1
9207,18
9208,1
9208,18
9209,1
9209,9
9209,18
9209,20
9211,12
9211,20
9212,1
9212,13
9212,14
9213,1
9213,14
9213,20
9214,18
9215,1
9216,1
9217,1
9217,18
9217,20
9218,1
9218,16
9219,1
9220,6
9220,20
9221,1
9221,6
9221,12
9221,13
9221,16
9221,18
9221,20
9222,1
9222,18
9223,1
9223,6
9223,18
9223,20
9224,1
9224,14
9224,18
9225,1
9225,6
9225,14
9225,18
9225,20
9226,6
9226,12
9226,18
9227,1
9227,20
9228,1
9228,15
9229,1
9229,18
9230,1
9230,20
9231,1
9232,1
9232,20
9233,1
9233,13
9233,18
9234,1
9234,18
9235,6
9235,14
9236,1
9236,18
9236,20
9237,1
9237,14
9238,1
9240,1
9240,6
9240,14
9240,20
9241,1
9242,1
9242,4
9242,18
9242,20
9243,12
9244,1
9244,18
9244,20
9245,1
9245,13
9246,1
9246,14
9247,1
9247,6
9247,12
9247,13
9247,14
9247,18
9249,6
9249,18
9250,1
9251,1
9251,6
9251,20
9252,1
9252,18
9253,1
9253,18
9254,1
9255,1
9255,6
9255,14
9256,1
9256,18
9257,1
9257,6
9257,18
9258,1
9258,13
9258,18
9258,20
9259,1
9260,1
9260,18
9260,20
9261,1
9262,1
9262,18
9263,1
9263,6
9263,18
9263,20
9264,1
9265,18
9266,1
9266,6
9266,18
9266,20
9267,1
9267,6
9268,6
9268,18
9269,1
9269,18
9270,1
9270,6
9270,16
9270,18
9271,1
9271,18
9272,1
9272,6
9272,20
9273,1
9273,18
9274,1
9274,14
9275,1
9275,16
9275,18
9275,20
9276,1
9276,18
9277,1
9277,5
9277,13
9277,18
9277,20
9278,6
9279,13
9279,18
9280,1
9280,6
9280,12
9280,13
9280,18
9280,20
9281,6
9281,12
9281,20
9282,1
9282,20
9283,1
9284,1
9284,6
9284,12
9284,18
9284,20
9285,1
9285,6
9285,12
9285,16
9285,18
9286,1
9286,4
9286,6
9286,18
9286,20
9287,1
9287,6
9287,18
9287,20
9288,12
9288,18
9289,1
9289,6
9289,18
9290,1
9290,16
9290,18
9291,1
9291,14
9291,20
9292,1
9292,18
9293,1
9293,6
9293,12
9293,16
9293,20
9294,1
9294,6
9295,1
9295,13
9295,18
9296,18
9296,20
9297,1
9298,1
9298,13
9298,18
9299,1
9300,1
9300,20
9301,1
9301,6
9301,20
9302,16
9302,20
9303,1
9303,18
9303,20
9304,13
9304,18
9305,1
9306,1
9306,18
9307,1
9307,6
9307,9
9307,12
9307,20
9308,1
9308,18
9308,20
9309,1
9309,14
9309,18
9310,1
9310,12
9310,18
9311,6
9311,12
9311,14
9312,1
9312,14
9312,16
9313,1
9315,1
9315,18
9315,20
9316,1
9316,18
9317,1
9317,18
9318,1
9318,18
9319,1
9319,6
9319,18
9320,1
9320,14
9321,1
9322,13
9323,1
9323,16
9323,18
9324,6
9324,13
9324,18
9325,6
9326,1
9326,18
9327,1
9328,1
9328,14
9328,18
9328,20
9329,18
9330,1
9330,14
9330,18
9330,20
9331,1
9331,6
9331,13
9331,16
9332,1
9332,20
9333,1
9333,14
9333,18
9334,1
9334,18
9334,20
9335,6
9335,18
9336,1
9336,14
9336,18
9337,1
9337,18
9338,1
9338,20
9339,1
9339,18
9340,1
9341,1
9341,13
9341,18
9342,1
9342,13
9342,16
9342,18
9343,6
9343,13
9343,14
9343,18
9344,1
9344,6
9344,12
9344,14
9344,18
9345,6
9345,12
9345,18
9346,1
9346,20
9347,1
9347,6
9347,18
9348,1
9348,6
9348,14
9348,18
9348,20
9349,1
9349,20
9350,1
9350,6
9350,14
9350,18
9351,1
9351,14
9351,18
9352,18
9352,20
9353,20
9354,18
9354,20
9355,1
9355,18
9356,1
9356,18
9356,20
9357,1
9357,6
9357,18
9357,20
9358,14
9359,1
9359,6
9359,13
9359,18
9360,1
9360,6
9360,18
9361,18
9362,1
9362,12
9362,18
9362,20
9363,1
9363,20
9364,1
9364,6
9364,13
9364,18
9364,20
9365,1
9365,6
9365,12
9365,18
9366,1
9366,18
9367,1
9367,18
9368,1
9368,6
9368,16
9368,20
9369,1
9369,6
9369,13
9369,18
9370,1
9371,1
9371,6
9371,12
9371,13
9371,14
9371,18
9372,1
9372,18
9372,20
9373,1
9373,18
9374,1
9375,1
9375,18
9376,6
9376,12
9376,13
9376,18
9377,1
9377,16
9377,18
9378,1
9378,18
9378,20
9379,1
9379,20
9380,6
9380,12
9380,13
9380,18
9381,1
9381,16
9381,18
9382,6
9382,13
9382,14
9382,18
9383,6
9383,18
9384,6
9384,14
9384,18
9385,6
9385,12
9385,14
9385,18
9386,12
9386,14
9386,18
9387,1
9387,9
9387,15
9388,1
9388,18
9389,1
9389,14
9390,6
9390,12
9390,18
9390,20
9391,1
9391,18
9391,20
9392,18
9393,1
9393,6
9393,14
9393,18
9394,1
9394,14
9394,18
9395,1
9395,6
9395,12
9395,13
9395,14
9395,18
9396,18
9397,1
9397,20
9398,1
9398,6
9398,12
9398,13
9398,18
9399,1
9399,6
9399,12
9399,13
9399,16
9399,18
9400,1
9400,18
9400,20
9401,1
9401,14
9401,18
9401,20
9402,1
9402,6
9402,12
9402,14
9402,18
9403,1
9405,1
9405,6
9405,12
9405,14
9406,6
9406,12
9406,18
9407,1
9407,6
9407,12
9407,16
9407,18
9407,20
9408,6
9409,1
9409,18
9410,1
9410,6
9410,18
9410,20
9411,6
9411,18
9412,1
9412,18
9413,1
9413,14
9413,18
9413,20
9414,1
9414,6
9414,18
9415,1
9415,6
9415,18
9416,6
9416,18
9416,20
9417,1
9417,14
9417,16
9417,18
9418,1
9418,14
9418,18
9418,20
9419,1
9420,1
9420,6
9420,12
9420,16
9420,18
9420,20
9421,1
9421,18
9421,20
9422,1
9422,6
9422,12
9422,18
9423,6
9424,1
9424,9
9425,1
9425,6
9425,13
9425,18
9426,1
9426,14
9427,1
9427,18
9428,6
9429,18
9430,1
9430,14
9430,18
9431,1
9431,18
9431,20
9432,1
9432,18
9432,20
9433,1
9433,6
9433,12
9433,18
9434,1
9434,13
9434,18
9435,1
9435,6
9435,12
9435,13
9435,14
9435,18
9436,1
9436,14
9436,18
9437,6
9437,12
9437,13
9437,18
9438,14
9439,1
9439,18
9440,1
9441,1
9441,9
9442,1
9442,18
9443,1
9443,6
9443,20
9444,1
9445,18
9446,1
9446,18
9446,20
9447,1
9447,18
9448,1
9448,14
9450,18
9450,20
9451,1
9451,18
9452,1
9452,18
9453,1
9454,1
9454,14
9454,18
9455,1
9455,18
9456,1
9456,9
9457,18
9458,1
9458,6
9458,12
9458,18
9459,1
9459,18
9459,20
9460,1
9460,18
9461,1
9461,6
9461,18
9461,20
9462,1
9462,18
9462,20
9463,13
9463,16
9463,18
9463,20
9464,18
9465,6
9465,18
9465,20
9466,1
9466,6
9466,12
9466,14
9466,18
9467,1
9467,14
9467,16
9467,18
9468,1
9468,18
9469,1
9469,18
9470,1
9470,16
9470,18
9471,1
9471,20
9472,6
9472,12
9472,13
9472,18
9472,20
9473,1
9473,14
9474,6
9474,12
9474,14
9474,18
9475,1
9475,6
9475,18
9475,20
9476,1
9476,18
9477,1
9477,6
9477,12
9477,18
9477,20
9479,1
9479,13
9479,18
9480,1
9481,6
9481,18
9482,1
9482,6
9482,18
9483,6
9483,14
9483,18
9483,20
9484,1
9484,6
9484,18
9485,1
9485,18
9485,20
9486,1
9486,6
9486,12
9486,14
9486,16
9486,18
9487,1
9487,18
9488,1
9488,6
9488,18
9488,20
9489,1
9489,18
9490,1
9490,6
9491,6
9491,18
9492,1
9492,18
9493,1
9493,6
9493,14
9493,16
9493,18
9494,6
9494,18
9495,1
9495,18
9496,1
9496,18
9496,20
9497,1
9497,14
9498,1
9498,13
9498,14
9498,18
9499,1
9499,13
9500,6
9500,12
9500,18
9501,18
9501,20
9502,1
9503,1
9503,14
9503,18
9504,1
9504,14
9504,18
9505,1
9505,14
9505,18
9505,20
9506,1
9506,6
9506,12
9506,14
9506,18
9506,20
9507,6
9507,12
9507,18
9507,20
9508,1
9509,10
9511,1
9511,6
9511,14
9512,1
9512,18
9513,1
9513,14
9513,18
9514,1
9514,6
9514,14
9514,18
9514,20
9515,6
9515,18
9516,1
9516,6
9516,12
9516,13
9516,18
9517,1
9517,18
9518,6
9518,12
9518,14
9518,18
9519,1
9519,14
9519,18
9519,20
9520,14
9520,18
9521,1
9521,6
9521,12
9521,13
9521,18
9522,1
9523,1
9523,18
9523,20
9524,1
9525,14
9526,1
9527,1
9527,6
9527,12
9527,13
9527,16
9527,18
9528,1
9529,1
9529,18
9530,1
9530,4
9530,12
9530,18
9531,1
9531,6
9531,13
9531,18
9531,20
9532,1
9532,6
9532,12
9532,14
9532,18
9533,1
9533,18
9533,20
9534,6
9534,12
9534,14
9534,18
9535,1
9535,14
9535,18
9536,1
9537,1
9537,14
9538,6
9538,18
9539,1
9539,14
9539,20
9540,1
9540,20
9541,1
9541,16
9541,18
9541,20
9542,1
9543,14
9543,18
9544,1
9544,18
9545,6
9545,18
9546,6
9546,12
9546,18
9547,1
9547,18
9548,1
9548,6
9549,18
9550,1
9550,18
9550,20
9551,1
9551,18
9551,20
9552,6
9552,18
9553,1
9553,12
9553,18
9554,1
9554,20
9555,1
9555,14
9555,18
9556,1
9556,18
9556,20
9557,6
9557,18
9558,6
9558,13
9558,18
9558,20
9559,6
9559,18
9560,6
9560,14
9560,18
9561,1
9561,16
9561,20
9563,1
9563,18
9564,1
9564,20
9565,6
9565,13
9565,18
9566,1
9566,6
9566,14
9566,20
9567,1
9567,6
9567,13
9567,14
9567,18
9568,1
9568,18
9569,1
9569,18
9570,1
9570,6
9570,18
9571,1
9571,14
9571,20
9572,6
9572,12
9572,14
9572,18
9573,1
9573,12
9573,13
9573,18
9573,20
9574,1
9575,6
9575,14
9575,18
9576,1
9576,12
9576,14
9576,18
9576,20
9577,1
9577,18
9578,1
9578,14
9579,1
9579,6
9579,18
9580,1
9580,6
9580,18
9581,1
9581,18
9582,1
9583,1
9583,16
9583,18
9584,1
9584,12
9584,14
9584,18
9585,6
9585,18
9585,20
9586,1
9586,18
9587,1
9587,20
9588,6
9588,12
9588,14
9588,18
9589,1
9589,18
9590,1
9590,13
9590,18
9590,20
9591,1
9592,1
9592,6
9592,12
9592,13
9592,20
9593,1
9593,6
9593,12
9593,18
9594,1
9594,18
9595,18
9596,1
9596,18
9596,20
9597,1
9598,6
9598,13
9598,16
9598,18
9599,1
9599,20
9600,1
9600,13
9600,18
9600,20
9601,1
9601,20
9602,1
9603,1
9603,13
9603,16
9603,18
9604,1
9604,6
9604,12
9604,13
9604,18
9605,1
9605,20
9606,18
9607,6
9607,14
9608,1
9608,10
9608,18
9609,6
9609,14
9609,20
9610,1
9610,6
9610,18
9611,1
9611,14
9611,16
9612,1
9612,18
9613,1
9614,1
9614,18
9614,20
9615,1
9615,18
9616,1
9616,18
9617,1
9617,18
9617,20
9618,1
9618,18
9619,1
9619,6
9619,14
9619,20
9620,1
9620,12
9620,16
9620,18
9620,20
9621,1
9621,14
9621,18
9622,1
9622,18
9623,1
9624,1
9624,9
9624,15
9624,16
9625,1
9625,6
9625,12
9625,18
9626,1
9626,18
9626,20
9627,1
9627,6
9627,14
9627,18
9628,1
9628,18
9629,1
9629,18
9630,1
9630,18
9631,1
9631,12
9631,18
9632,6
9632,14
9632,18
9633,6
9633,12
9633,14
9633,18
9633,20
9634,1
9634,9
9635,1
9635,13
9635,16
9635,18
9636,6
9636,16
9636,18
9637,1
9637,18
9638,1
9638,14
9639,1
9639,14
9639,20
9640,1
9640,18
9641,1
9641,18
9642,18
9643,1
9643,14
9643,20
9644,1
9645,6
9645,12
9645,18
9645,20
9646,1
9646,6
9646,12
9646,14
9646,18
9646,20
9647,1
9647,14
9647,18
9648,6
9648,12
9648,14
9648,18
9649,6
9649,14
9649,18
9650,6
9651,1
9651,13
9651,14
9651,18
9651,20
9652,1
9652,18
9652,20
9653,1
9653,14
9654,6
9654,12
9654,18
9654,20
9655,1
9655,20
9656,6
9656,12
9656,13
9656,18
9657,1
9658,18
9659,1
9659,18
9659,20
9660,1
9660,6
9660,18
9660,20
9661,1
9661,6
9661,14
9661,18
9661,20
9662,1
9662,18
9663,1
9663,6
9663,12
9663,13
9663,14
9663,18
9664,6
9664,14
9664,18
9665,1
9665,6
9665,14
9665,18
9666,1
9666,13
9666,14
9667,18
9668,1
9668,18
9668,20
9669,1
9669,14
9669,18
9670,1
9671,1
9671,14
9671,18
9672,1
9672,18
9672,20
9673,1
9673,6
9673,12
9673,13
9673,18
9674,1
9675,1
9675,6
9675,14
9675,18
9676,1
9677,1
9677,6
9678,6
9678,14
9678,18
9678,20
9679,1
9679,6
9679,14
9679,18
9679,20
9680,18
9681,6
9681,12
9681,18
9682,1
9682,14
9682,20
9683,1
9683,6
9683,20
9684,1
9684,14
9684,18
9685,1
9685,20
9686,6
9686,14
9686,18
9686,20
9687,6
9687,18
9688,1
9688,18
9689,1
9689,16
9689,20
9690,6
9690,12
9690,13
9690,16
9690,18
9691,13
9691,14
9691,18
9692,1
9692,13
9692,16
9693,1
9693,18
9694,1
9694,18
9695,1
9695,13
9695,14
9695,16
9695,20
9696,1
9696,18
9697,16
9697,18
9698,6
9698,18
9698,20
9699,1
9699,18
9700,16
9701,18
9701,20
9702,6
9702,13
9702,16
9702,18
9703,6
9704,1
9704,6
9704,18
9704,20
9705,1
9705,6
9705,12
9705,13
9705,18
9706,1
9706,6
9706,18
9707,1
9707,18
9708,1
9708,6
9708,13
9708,18
9709,1
9709,20
9710,1
9710,6
9710,9
9710,18
9710,20
9711,1
9712,1
9712,14
9712,18
9713,1
9714,1
9714,6
9714,12
9714,13
9714,18
9714,20
9715,1
9715,20
9716,1
9717,6
9717,18
9718,1
9719,18
9720,1
9720,6
9720,18
9720,20
9721,1
9721,18
9722,1
9722,20
9723,1
9723,18
9723,20
9724,1
9724,18
9725,1
9725,6
9725,14
9725,18
9726,1
9727,6
9727,14
9727,16
9727,18
9728,1
9729,1
9729,12
9729,18
9729,20
9730,4
9730,6
9730,12
9730,16
9730,18
9731,1
9731,18
9731,20
9732,18
9733,1
9734,1
9734,6
9734,12
9734,14
9735,1
9735,18
9736,1
9736,20
9737,1
9737,6
9737,14
9737,18
9738,12
9738,18
9739,1
9739,18
9740,1
9740,18
9740,20
9741,14
9741,18
9742,1
9742,14
9742,18
9742,20
9743,1
9743,18
9744,1
9744,6
9744,12
9744,14
9744,18
9745,1
9745,6
9745,12
9745,18
9745,20
9746,6
9746,12
9746,13
9746,16
9746,18
9747,1
9747,6
9747,18
9748,1
9748,12
9748,13
9748,18
9749,6
9749,16
9750,18
9751,14
9751,18
9752,1
9752,6
9752,14
9754,18
9755,1
9755,6
9755,12
9755,18
9756,6
9756,13
9756,18
9757,1
9757,6
9757,14
9757,18
9758,1
9758,6
9758,12
9758,13
9758,14
9758,18
9759,1
9759,6
9759,18
9759,20
9760,1
9761,1
9761,6
9761,13
9761,14
9761,18
9762,6
9762,18
9763,1
9763,14
9763,18
9764,1
9764,14
9765,1
9765,14
9766,1
9766,16
9767,1
9768,1
9768,6
9768,14
9768,18
9768,20
9769,12
9769,13
9769,14
9769,18
9770,6
9771,1
9771,20
9772,1
9772,18
9773,1
9774,1
9774,18
9775,1
9775,6
9775,18
9775,20
9776,1
9776,6
9776,14
9777,1
9777,14
9777,20
9778,1
9778,6
9778,18
9779,1
9779,6
9779,18
9780,1
9780,6
9780,18
9781,1
9782,1
9782,6
9783,1
9783,18
9783,20
9784,1
9784,12
9785,1
9785,6
9785,12
9785,14
9785,16
9785,18
9785,20
9786,1
9786,20
9787,18
9788,1
9788,6
9788,12
9788,18
9788,20
9789,12
9789,13
9789,14
9789,20
9790,1
9790,14
9790,18
9790,20
9791,1
9791,12
9791,18
9792,6
9792,10
9792,18
9793,1
9793,18
9794,1
9795,1
9795,6
9795,14
9795,20
9796,1
9796,18
9797,1
9797,6
9797,13
9797,14
9797,18
9798,1
9798,6
9798,18
9799,1
9799,13
9799,14
9799,20
9800,1
9800,18
9801,1
9802,1
9802,6
9802,12
9802,13
9802,14
9802,18
9802,20
9803,1
9804,1
9804,14
9805,1
9805,18
9806,6
9806,12
9806,13
9806,14
9806,16
9806,18
9807,1
9808,1
9808,6
9809,1
9809,18
9810,1
9810,18
9811,6
9811,18
9812,18
9812,20
9813,1
9813,18
9814,1
9814,6
9814,14
9814,18
9815,1
9815,6
9815,18
9816,6
9816,13
9816,14
9816,18
9817,1
9817,14
9817,20
9818,1
9818,6
9819,1
9819,14
9820,6
9820,12
9820,18
9821,1
9821,13
9821,20
9822,1
9822,6
9822,18
9822,20
9823,6
9823,13
9823,18
9824,18
9825,1
9825,20
9826,18
9827,1
9827,18
9828,18
9829,1
9829,16
9829,18
9830,1
9830,18
9831,1
9831,18
9832,1
9832,13
9832,16
9832,18
9832,20
9833,1
9833,20
9834,1
9834,18
9835,6
9835,12
9835,13
9835,16
9835,18
9836,13
9836,14
9836,18
9837,1
9837,6
9837,12
9837,13
9837,18
9837,20
9838,1
9838,18
9838,20
9839,1
9840,1
9840,6
9840,12
9840,16
9840,18
9840,20
9841,1
9841,6
9841,18
9842,1
9842,6
9842,12
9842,16
9842,18
9842,20
9843,1
9843,18
9844,1
9844,18
9844,20
9845,1
9845,13
9845,18
9846,1
9846,20
9847,1
9847,16
9847,18
9848,1
9848,6
9848,12
9848,16
9848,18
9848,20
9849,1
9849,20
9850,1
9851,1
9851,6
9851,16
9851,20
9852,1
9852,9
9852,20
9853,1
9853,18
9854,12
9854,13
9854,14
9854,16
9854,18
9854,20
9855,1
9855,13
9855,18
9856,1
9856,6
9856,18
9857,12
9857,16
9857,18
9858,1
9858,16
9858,18
9859,1
9859,16
9859,20
9860,1
9860,20
9861,1
9862,1
9862,18
9863,1
9863,6
9863,14
9863,20
9864,1
9864,18
9865,1
9866,1
9866,9
9866,16
9866,18
9866,20
9867,1
9867,18
9867,20
9868,1
9868,15
9869,1
9869,20
9870,1
9870,18
9871,1
9871,20
9872,1
9872,18
9872,20
9873,18
9874,1
9874,5
9874,16
9874,18
9875,1
9876,1
9876,13
9876,18
9877,1
9877,6
9877,18
9878,1
9878,6
9878,18
9879,1
9879,14
9879,18
9879,20
9880,1
9880,6
9880,14
9880,18
9880,20
9881,1
9881,12
9881,18
9882,1
9882,18
9883,18
9884,1
9884,9
9884,20
9885,1
9885,18
9885,20
9886,1
9886,18
9886,20
9887,1
9888,1
9888,6
9888,16
9888,18
9888,20
9889,6
9890,1
9890,6
9890,18
9891,6
9891,12
9891,18
9892,1
9892,16
9892,20
9893,1
9893,20
9894,9
9894,13
9895,1
9895,6
9895,9
9895,16
9895,18
9896,1
9896,6
9896,13
9896,20
9897,1
9898,6
9898,12
9898,13
9898,14
9898,18
9899,1
9899,6
9899,18
9899,20
9900,1
9900,18
9900,20
9901,6
9901,12
9901,13
9901,14
9901,18
9902,1
9902,16
9902,18
9903,1
9903,18
9904,1
9905,1
9905,14
9905,18
9906,1
9906,13
9906,18
9907,1
9907,14
9908,1
9908,6
9908,18
9909,1
9909,14
9909,18
9910,6
9910,18
9911,20
9912,1
9912,6
9912,18
9913,1
9913,18
9914,1
9914,6
9914,16
9914,18
9915,1
9915,16
9915,18
9916,1
9917,6
9917,12
9917,13
9917,14
9917,18
9918,18
9919,1
9919,6
9919,12
9919,16
9920,1
9920,18
9921,1
9921,14
9921,18
9922,1
9922,6
9922,18
9922,20
9923,1
9923,6
9923,12
9923,13
9923,18
9923,20
9924,1
9924,18
9924,20
9925,13
9925,18
9926,1
9926,18
9927,1
9927,6
9927,12
9927,13
9927,18
9927,20
9928,1
9928,18
9928,20
9929,6
9929,16
9929,18
9930,1
9931,1
9931,16
9931,18
9931,20
9932,1
9932,18
9933,1
9933,6
9933,14
9933,18
9934,1
9934,18
9934,20
9935,6
9935,12
9935,18
9936,1
9936,6
9936,12
9936,14
9936,16
9936,18
9937,1
9937,16
9937,20
9938,1
9938,6
9938,9
9940,1
9940,6
9940,12
9940,18
9940,20
9941,1
9942,1
9942,14
9942,20
9943,1
9943,6
9943,18
9944,1
9944,20
9945,1
9945,6
9945,16
9945,18
9945,20
9946,1
9946,6
9946,12
9946,18
9946,20
9947,1
9947,6
9947,18
9948,1
9948,16
9948,18
9948,20
9949,1
9949,16
9950,1
9950,12
9950,18
9950,20
9951,18
9952,18
9952,20
9953,1
9953,18
9954,1
9955,1
9955,16
9955,20
9957,1
9957,6
9958,1
9958,18
9959,1
9959,20
9960,1
9960,18
9960,20
9961,1
9961,9
9962,20
9963,1
9963,20
9964,1
9964,6
9964,12
9964,16
9964,18
9964,20
9965,1
9965,6
9965,9
9965,12
9965,13
9965,16
9965,18
9965,20
9966,1
9967,1
9967,14
9968,1
9968,14
9969,6
9969,12
9969,14
9969,18
9970,1
9970,18
9971,1
9971,18
9972,6
9972,12
9972,13
9972,14
9972,18
9972,20
9973,1
9973,14
9974,6
9975,1
9975,18
9976,1
9976,18
9977,13
9977,18
9978,1
9978,18
9978,20
9979,1
9979,20
9980,1
9980,18
9980,20
9981,1
9981,16
9982,1
9982,6
9982,16
9983,13
9984,6
9984,13
9984,18
9985,13
9985,18
9985,20
9986,1
9986,14
9986,16
9987,1
9987,6
9987,12
9987,13
9987,18
9987,20
9988,1
9989,1
9989,18
9990,1
9990,6
9990,12
9990,18
9990,20
9991,14
9991,18
9992,13
9992,14
9992,18
9993,6
9993,13
9993,14
9993,18
9994,1
9994,14
9994,18
9994,20
9995,1
9995,13
9995,18
9996,1
9996,14
9996,18
9997,6
9997,12
9997,13
9997,16
9997,18
9998,6
9998,20
9999,1
9999,6
9999,18
10000,1
10000,20
10001,1
10001,18
10002,1
10002,6
10002,18
10003,1
10003,6
10003,14
10003,18
10004,1
10004,18
10005,1
10005,18
10005,20
10006,1
10007,6
10007,12
10007,18
10008,1
10008,18
10008,20
10009,1
10010,1
10010,16
10010,18
10010,20
10011,6
10011,18
10012,1
10013,1
10013,18
10014,6
10014,13
10014,16
10014,18
10015,1
10015,18
10016,1
10016,16
10016,18
10017,1
10018,1
10018,18
10019,18
10020,1
10020,14
10020,18
10020,20
10021,1
10021,6
10022,1
10022,14
10022,18
10023,1
10023,18
10024,1
10024,6
10024,12
10024,13
10024,14
10024,18
10024,20
10025,6
10025,18
10027,1
10027,14
10028,6
10028,20
10029,1
10029,16
10029,18
10030,1
10030,6
10030,12
10030,13
10030,14
10030,18
10031,1
10031,20
10032,1
10032,14
10032,18
10033,1
10033,14
10034,1
10034,6
10034,13
10034,18
10035,6
10035,20
10036,1
10036,18
10037,1
10037,9
10037,20
10038,1
10038,14
10038,18
10038,20
10039,14
10039,20
10040,1
10040,14
10041,1
10041,6
10041,18
10041,20
10042,1
10042,18
10042,20
10043,1
10043,18
10044,1
10044,18
10045,1
10045,6
10045,20
10046,1
10046,13
10046,14
10046,18
10047,13
10047,18
10047,20
10048,1
10048,6
10048,12
10048,13
10048,18
10049,1
10049,6
10049,18
10050,1
10050,14
10050,18
10050,20
10051,13
10051,18
10052,1
10052,6
10052,12
10053,1
10053,20
10055,1
10055,15
10056,18
10057,1
10057,18
10058,1
10058,16
10059,1
10059,6
10060,1
10060,18
10060,20
10061,1
10062,1
10062,18
10062,20
10063,1
10063,18
10063,20
10064,1
10064,6
10064,16
10064,20
10065,1
10065,18
10066,1
10066,18
10067,18
10067,20
10068,18
10069,1
10069,18
10070,6
10070,16
10070,20
10071,1
10071,20
10072,1
10072,16
10073,1
10073,9
10073,18
10074,1
10074,6
10074,12
10074,20
10075,1
10075,18
10076,1
10076,18
10077,1
10077,6
10077,12
10077,13
10077,14
10077,16
10077,18
10077,20
10078,1
10078,18
10078,20
10079,1
10080,1
10081,1
10081,6
10081,16
10081,18
10082,14
10082,18
10082,20
10084,1
10084,14
10084,20
10085,1
10085,6
10085,18
10086,6
10086,12
10086,18
10086,20
10087,1
10087,16
10088,18
10089,1
10089,16
10089,18
10090,1
10090,6
10090,13
10090,18
10090,20
10091,16
10091,18
10092,1
10092,6
10092,18
10093,1
10093,13
10093,18
10094,1
10094,6
10094,18
10095,1
10095,6
10095,13
10095,18
10095,20
10096,1
10097,1
10097,18
10097,20
10098,1
10099,1
10099,18
10100,1
10101,1
10101,20
10102,1
10102,6
10103,1
10103,6
10103,12
10103,13
10103,18
10104,18
10106,18
10107,1
10107,6
10107,12
10107,18
10108,1
10108,6
10108,13
10108,18
10109,1
10109,18
10110,1
10110,16
10110,20
10111,1
10111,18
10111,20
10112,1
10112,18
10113,1
10113,18
10114,1
10115,1
10116,1
10116,14
10116,18
10117,6
10117,12
10117,13
10117,18
10118,1
10118,5
10118,14
10119,1
10119,16
10119,20
10120,1
10120,20
10121,1
10121,18
10121,20
10122,1
10123,13
10123,18
10124,1
10124,18
10125,1
10125,12
10125,13
10125,18
10126,1
10126,18
10127,1
10127,18
10128,6
10128,14
10130,1
10130,20
10131,1
10131,6
10131,13
10131,18
10132,1
10132,18
10133,1
10133,6
10133,13
10133,18
10133,20
10134,1
10135,1
10135,20
10136,1
10136,6
10136,16
10136,18
10136,20
10137,1
10137,18
10137,20
10138,1
10138,15
10138,16
10138,18
10139,1
10139,18
10139,20
10140,1
10140,13
10140,18
10141,1
10141,18
10141,20
10142,1
10142,18
10142,20
10143,13
10143,18
10144,1
10144,6
10144,14
10144,18
10144,20
10145,1
10145,14
10145,20
10146,1
10146,20
10147,1
10147,6
10147,20
10148,1
10148,13
10148,20
10149,1
10149,18
10150,1
10151,1
10151,6
10151,18
10151,20
10152,1
10152,18
10153,1
10153,14
10153,18
10154,1
10154,18
10154,20
10155,1
10155,14
10155,18
10155,20
10156,1
10157,1
10157,6
10157,12
10157,18
10157,20
10158,1
10159,1
10159,14
10159,18
10159,20
10160,1
10160,12
10160,13
10160,18
10161,1
10161,18
10162,1
10162,14
10163,1
10164,20
10165,1
10165,14
10165,18
10166,1
10166,6
10166,18
10167,1
10168,1
10169,1
10169,18
10169,20
10170,14
10170,16
10170,18
10171,6
10171,14
10172,1
10172,6
10172,18
10173,6
10173,12
10173,18
10174,6
10174,12
10174,13
10174,18
10175,6
10175,14
10175,18
10176,1
10176,6
10176,18
10177,6
10177,12
10177,18
10178,1
10178,6
10179,1
10179,6
10179,14
10179,20
10180,1
10180,6
10180,14
10180,18
10180,20
10181,1
10181,14
10182,1
10182,18
10183,1
10183,18
10183,20
10184,1
10184,14
10184,18
10184,20
10185,1
10185,18
10185,20
10186,1
10186,13
10186,20
10187,1
10187,16
10187,18
10188,18
10189,1
10190,1
10190,20
10191,1
10191,18
10192,1
10193,14
10193,18
10194,1
10194,6
10195,1
10195,18
10196,1
10196,16
10196,18
10197,1
10197,18
10198,18
10198,20
10199,1
10199,6
10199,18
10199,20
10200,1
10200,6
10200,18
10201,1
10201,14
10202,1
10202,18
10203,1
10203,6
10203,18
10203,20
10204,1
10205,1
10205,18
10206,1
10207,1
10207,13
10207,18
10208,1
10208,18
10209,1
10209,6
10209,18
10209,20
10210,1
10210,6
10210,18
10211,18
10212,1
10213,6
10213,14
10213,18
10214,1
10214,14
10214,18
10214,20
10215,1
10215,16
10215,20
10216,6
10216,13
10217,18
10218,18
10219,1
10219,18
10220,1
10220,16
10220,18
10220,20
10221,1
10221,18
10222,1
10222,20
10223,1
10223,16
10224,6
10224,14
10225,1
10225,14
10225,18
10225,20
10226,1
10226,6
10226,12
10226,13
10226,16
10226,18
10226,20
10227,1
10227,18
10227,20
10228,1
10228,6
10228,12
10228,18
10229,1
10229,14
10229,18
10230,13
10231,6
10231,18
10232,1
10232,14
10232,18
10233,6
10234,1
10234,18
10234,20
10235,1
10235,6
10235,20
10236,6
10236,13
10236,18
10236,20
10237,1
10237,6
10237,14
10237,18
10238,1
10238,20
10239,1
10239,20
10240,6
10240,12
10240,18
10241,1
10242,1
10242,6
10242,12
10242,13
10242,18
10242,20
10243,1
10243,18
10243,20
10244,1
10244,20
10245,1
10245,6
10245,12
10245,16
10245,18
10246,1
10247,1
10247,14
10247,18
10248,1
10248,18
10249,1
10249,16
10249,18
10250,1
10250,6
10250,12
10250,18
10250,20
10251,1
10251,13
10251,18
10252,1
10252,6
10252,13
10252,16
10252,18
10253,1
10253,6
10254,1
10254,18
10254,20
10255,1
10255,18
10256,20
10257,12
10257,13
10258,1
10258,18
10258,20
10259,1
10259,6
10259,13
10259,18
10260,1
10260,6
10260,14
10262,1
10263,1
10263,6
10263,12
10263,13
10263,14
10263,18
10264,1
10264,9
10265,1
10265,14
10265,18
10266,1
10266,20
10267,1
10267,20
10268,1
10269,1
10269,20
10270,1
10270,18
10271,1
10271,6
10271,12
10271,16
10271,18
10272,1
10272,18
10272,20
10273,1
10273,16
10274,1
10274,18
10274,20
10275,1
10275,18
10275,20
10276,1
10276,13
10276,16
10276,18
10277,13
10277,14
10277,16
10278,6
10278,12
10278,13
10278,18
10278,20
10279,18
10280,1
10280,20
10281,6
10281,18
10282,1
10282,18
10282,20
10283,1
10283,18
10284,18
10285,1
10286,13
10286,16
10286,18
10286,20
10287,1
10287,18
10288,1
10288,6
10288,18
10288,20
10289,6
10289,14
10290,1
10290,6
10290,13
10290,16
10290,18
10291,1
10291,20
10292,14
10292,18
10292,20
10293,1
10293,18
10294,13
10294,16
10295,1
10296,1
10296,9
10296,12
10296,18
10297,1
10297,18
10298,1
10298,6
10298,12
10298,18
10299,1
10299,18
10299,20
10300,1
10300,20
10301,1
10301,18
10302,18
10303,1
10303,18
10304,1
10304,6
10304,18
10305,1
10305,18
10306,1
10306,13
10306,16
10306,18
10307,1
10307,18
10308,6
10308,13
10308,16
10308,18
10309,1
10309,18
10309,20
10310,13
10310,18
10311,1
10311,18
10312,6
10312,12
10312,14
10312,18
10312,20
10313,14
10313,18
10314,14
10314,18
10315,1
10315,6
10315,14
10315,16
10315,18
10315,20
10316,1
10316,20
10317,1
10317,18
10317,20
10318,1
10318,18
10319,1
10319,14
10319,18
10320,1
10320,6
10320,9
10320,12
10320,16
10320,18
10321,1
10321,20
10322,1
10322,14
10322,16
10323,1
10323,20
10324,1
10325,1
10325,18
10325,20
10326,1
10326,18
10327,1
10327,18
10327,20
10328,1
10328,13
10329,1
10329,18
10329,20
10330,1
10330,6
10330,14
10330,18
10330,20
10331,6
10332,1
10332,18
10332,20
10333,1
10333,18
10334,1
10334,6
10334,18
10335,1
10335,6
10335,18
10336,1
10336,6
10336,16
10336,18
10336,20
10337,1
10337,6
10337,12
10337,18
10337,20
10338,1
10338,14
10338,18
10339,1
10339,16
10340,1
10340,14
10341,1
10341,18
10342,1
10342,6
10342,18
10343,14
10344,1
10344,6
10344,12
10344,14
10344,18
10345,1
10345,6
10345,12
10345,14
10345,18
10345,20
10346,1
10346,6
10346,14
10346,20
10347,1
10347,6
10347,12
10347,18
10347,20
10348,1
10348,18
10349,1
10349,18
10350,1
10350,13
10350,18
10351,1
10351,6
10351,18
10352,1
10352,14
10353,1
10353,6
10353,14
10353,18
10354,1
10354,16
10355,1
10355,6
10355,12
10355,18
10356,1
10356,18
10357,1
10357,14
10357,18
10358,1
10358,18
10358,20
10359,1
10359,18
10361,1
10361,18
10362,1
10362,16
10362,18
10363,1
10363,14
10363,20
10364,1
10364,6
10365,1
10365,6
10365,13
10365,18
10365,20
10366,6
10366,12
10366,18
10367,1
10367,14
10367,18
10367,20
10368,1
10368,6
10368,18
10369,12
10369,18
10370,1
10370,14
10370,20
10371,1
10372,1
10372,6
10372,18
10373,14
10373,18
10373,20
10374,1
10374,16
10374,20
10375,1
10375,18
10375,20
10376,1
10376,6
10376,18
10376,20
10377,1
10378,1
10378,14
10378,18
10378,20
10379,1
10379,20
10380,18
10381,1
10381,14
10381,20
10382,1
10382,18
10383,1
10383,6
10383,12
10383,13
10383,18
10384,6
10384,14
10384,18
10385,6
10385,12
10385,13
10385,14
10385,20
10386,1
10386,6
10386,12
10386,14
10386,16
10386,18
10386,20
10387,1
10387,6
10387,18
10387,20
10388,6
10389,1
10389,16
10389,18
10389,20
10390,1
10390,18
10391,1
10391,20
10392,1
10393,1
10393,12
10393,16
10393,18
10394,1
10394,18
10395,1
10395,18
10395,20
10396,1
10396,20
10397,1
10397,18
10398,1
10398,14
10398,18
10399,1
10399,18
10400,1
10400,20
10401,1
10401,18
10402,1
10402,20
10403,18
10404,1
10404,18
10405,1
10405,14
10406,1
10407,18
10408,1
10408,13
10408,18
10408,20
10409,1
10409,6
10409,12
10409,18
10409,20
10410,1
10411,1
10411,6
10411,13
10411,18
10412,1
10413,1
10413,6
10413,20
10414,1
10414,18
10414,20
10415,14
10415,18
10416,6
10416,12
10416,18
10417,13
10417,16
10417,18
10418,1
10418,18
10418,20
10419,1
10419,12
10419,14
10419,18
10420,1
10420,18
10421,1
10421,13
10421,18
10421,20
10422,1
10422,18
10423,1
10423,14
10424,6
10424,12
10424,18
10425,1
10425,18
10426,1
10426,6
10426,12
10426,18
10427,1
10428,6
10428,13
10428,18
10429,18
10429,20
10430,1
10430,6
10430,18
10430,20
10431,6
10431,13
10432,1
10432,16
10432,18
10433,1
10433,18
10434,1
10434,18
10435,1
10435,18
10436,1
10436,6
10436,12
10436,18
10437,18
10438,1
10438,6
10439,18
10440,1
10440,13
10440,18
10441,1
10441,6
10441,18
10441,20
10443,13
10443,18
10444,1
10444,14
10444,18
10444,20
10445,1
10445,16
10445,18
10446,1
10446,12
10446,18
10447,1
10447,18
10448,18
10449,1
10449,6
10449,18
10449,20
10450,13
10450,18
10451,1
10451,6
10451,12
10451,18
10451,20
10452,1
10452,12
10452,18
10452,20
10453,6
10453,12
10453,14
10453,18
10454,1
10454,18
10454,20
10455,6
10455,12
10455,13
10455,14
10455,18
10456,1
10456,12
10456,14
10456,18
10456,20
10457,14
10457,18
10458,18
10459,6
10459,12
10459,14
10459,16
10459,18
10459,20
10460,1
10461,18
10462,1
10462,20
10463,1
10463,6
10463,18
10463,20
10464,1
10464,18
10465,1
10465,6
10465,14
10465,16
10465,20
10466,6
10466,18
10467,1
10467,6
10467,14
10467,18
10467,20
10468,6
10468,18
10469,12
10469,14
10469,18
10470,20
10471,1
10471,6
10471,18
10471,20
10472,1
10472,20
10473,1
10473,13
10473,14
10473,18
10474,1
10474,6
10474,18
10475,1
10476,12
10476,18
10477,6
10477,12
10477,18
10477,20
10478,1
10478,18
10478,20
10479,1
10479,18
10480,18
10481,1
10481,14
10481,18
10481,20
10482,1
10482,6
10482,12
10482,18
10483,1
10483,14
10483,18
10483,20
10484,1
10484,6
10484,12
10484,13
10484,18
10484,20
10485,1
10485,12
10485,18
10486,1
10486,6
10486,13
10486,18
10487,6
10487,14
10487,20
10488,1
10488,14
10488,18
10489,6
10489,13
10489,18
10489,20
10490,6
10490,12
10490,18
10491,1
10491,14
10491,18
10492,1
10492,6
10492,12
10492,14
10492,18
10493,1
10493,6
10493,13
10493,18
10494,6
10494,13
10494,16
10494,18
10495,1
10495,18
10496,6
10496,12
10496,18
10497,1
10497,20
10498,1
10498,18
10499,6
10499,14
10499,18
10500,1
10500,6
10500,14
10500,18
10501,6
10501,14
10501,18
10502,1
10502,14
10502,18
10502,20
10503,1
10503,18
10504,1
10504,18
10505,6
10505,14
10505,18
10505,20
10506,14
10506,18
10507,1
10507,6
10507,12
10507,14
10507,18
10507,20
10508,6
10508,12
10508,18
10508,20
10509,1
10510,1
10510,13
10510,18
10511,1
10511,20
10512,6
10512,18
10513,1
10513,18
10513,20
10514,1
10514,6
10514,18
10514,20
10515,18
10515,20
10516,1
10516,20
10517,1
10517,6
10517,12
10517,13
10517,14
10517,18
10518,1
10518,18
10519,6
10519,14
10519,20
10520,1
10520,6
10520,12
10520,18
10520,20
10521,1
10521,6
10521,14
10521,18
10522,1
10522,18
10522,20
10523,1
10524,6
10524,18
10525,1
10525,16
10525,20
10526,1
10526,6
10526,18
10526,20
10527,1
10528,1
10528,20
10529,6
10530,18
10530,20
10531,1
10531,6
10532,20
10533,6
10533,18
10533,20
10534,1
10534,14
10534,16
10534,18
10534,20
10535,1
10535,6
10535,18
10536,1
10536,6
10536,13
10536,18
10536,20
10537,1
10537,6
10537,13
10537,18
10537,19
10537,20
10538,1
10538,4
10538,14
10538,18
10538,19
10538,20
10539,1
10539,13
10539,18
10539,20
10540,1
10540,6
10540,9
10540,13
10540,15
10540,18
10540,20
10541,1
10541,6
10541,13
10541,18
10542,1
10542,6
10542,19
10542,20
10543,1
10543,6
10543,13
10543,18
10543,20
10544,1
10544,6
10544,13
10544,19
10545,1
10545,13
10545,18
10545,20
10546,1
10546,4
10546,6
10546,9
10546,18
10546,19
10546,20
10547,1
10547,6
10547,9
10547,12
10548,1
10548,6
10548,18
10548,19
10548,20
10549,1
10549,6
10549,10
10549,18
10549,19
10549,20
10550,1
10550,6
10550,20
10551,1
10551,6
10551,16
10551,19
10552,1
10552,6
10552,19
10552,20
10553,1
10553,6
10553,13
10553,19
10553,20
10554,1
10554,6
10554,18
10554,19
10555,1
10555,18
10555,19
10555,20
10556,1
10557,1
10557,6
10557,13
10557,14
10557,19
10557,20
10558,1
10558,14
10558,15
10558,16
10558,19
10558,20
10559,1
10560,1
10560,16
10560,18
10560,20
10561,1
10561,18
10562,1
10562,4
10562,6
10562,18
10562,19
10563,1
10563,6
10563,18
10563,19
10563,20
10564,1
10564,6
10564,18
10564,19
10565,1
10565,6
10565,16
10565,19
10565,20
10566,1
10566,6
10566,14
10566,18
10566,19
10566,20
10567,1
10567,18
10567,20
10568,1
10568,18
10568,20
10569,1
10569,10
10569,13
10569,16
10569,18
10569,20
10570,1
10570,6
10570,19
10570,20
10571,1
10571,6
10571,18
10571,19
10572,1
10572,13
10572,20
10573,1
10574,1
10574,14
10575,1
10575,6
10575,12
10575,13
10575,18
10575,20
10576,6
10576,12
10576,18
10576,20
10577,1
10578,6
10578,18
10579,1
10582,6
10582,12
10582,13
10582,20
10583,1
10583,6
10583,16
10583,20
10584,1
10584,18
10585,1
10585,14
10586,9
10586,14
10587,6
10587,12
10587,16
10587,18
10588,1
10589,1
10589,9
10590,1
10590,9
10590,20
10592,1
10592,9
10592,16
10592,20
10593,1
10593,9
10594,1
10595,9
10595,16
10595,20
10596,1
10598,1
10599,6
10599,13
10599,18
10601,18
10602,18
10603,6
10603,16
10603,18
10604,18
10605,1
10605,19
10606,1
10606,18
10606,20
10607,1
10607,4
10607,16
10607,18
10609,1
10609,6
10610,6
10611,1
10611,6
10612,1
10612,6
10613,1
10613,18
10613,19
10614,1
10614,6
10614,16
10614,18
10614,20
10615,6
10616,1
10616,18
10616,20
10617,1
10617,16
10618,1
10618,18
10619,1
10619,18
10619,19
10620,1
10620,9
10621,1
10621,6
10621,19
10622,1
10622,4
10622,18
10622,20
10623,6
10624,1
10624,6
10624,9
10624,18
10624,20
10625,1
10625,6
10625,16
10626,1
10627,6
10628,1
10628,4
10628,9
10628,18
10628,20
10629,1
10629,6
10629,16
10630,1
10630,6
10630,9
10630,19
10631,1
10631,18
10632,6
10633,1
10633,18
10634,1
10634,6
10635,1
10635,6
10635,14
10636,1
10636,6
10636,16
10636,20
10637,1
10637,18
10638,1
10638,6
10638,18
10639,1
10639,18
10640,1
10641,1
10641,9
10642,1
10642,18
10643,1
10643,9
10643,14
10643,20
10644,6
10644,12
10644,16
10645,18
10645,20
10646,1
10646,9
10647,1
10647,9
10647,18
10648,4
10648,14
10648,18
10649,6
10649,16
10649,20
10650,18
10651,1
10652,1
10652,9
10652,14
10652,18
10653,1
10653,14
10653,18
10654,1
10654,18
10654,20
10655,1
10655,9
10656,1
10656,18
10657,1
10657,18
10657,20
10658,1
10658,9
10659,1
10659,13
10659,18
10659,20
10660,1
10660,14
10660,18
10660,20
10661,6
10661,18
10662,1
10662,14
10662,18
10663,1
10663,13
10663,18
10664,1
10664,13
10664,14
10664,16
10664,18
10664,20
10665,1
10666,1
10666,6
10666,16
10666,20
10667,6
10668,18
10669,16
10669,18
10670,1
10670,10
10670,13
10670,18
10670,19
10670,20
10671,1
10671,9
10671,10
10671,18
10671,20
10672,16
10672,18
10673,18
10674,18
10676,18
10676,20
10677,6
10677,18
10677,20
10678,18
10679,6
10679,18
10679,20
10680,6
10680,16
10680,18
10680,20
10681,18
10682,20
10683,14
10683,15
10683,18
10683,19
10684,16
10684,18
10685,6
10685,14
10686,6
10686,13
10686,18
10686,20
10687,13
10687,18
10688,1
10688,6
10688,13
10688,16
10689,6
10689,14
10689,18
10690,1
10690,20
10691,6
10691,12
10691,18
10692,12
10692,16
10692,18
10693,6
10693,12
10693,13
10693,18
10694,18
10695,1
10695,6
10695,12
10696,13
10696,18
10697,13
10697,14
10697,16
10697,18
10698,13
10698,16
10698,18
10698,20
10699,6
10700,6
10700,16
10700,18
10701,6
10701,12
10701,18
10701,20
10702,18
10703,6
10703,13
10703,16
10703,18
10704,6
10704,13
10704,18
10705,1
10706,6
10706,18
10707,1
10707,20
10708,6
10708,13
10708,18
10708,20
10709,1
10709,14
10710,1
10710,6
10710,18
10711,1
10711,6
10711,12
10711,18
10712,6
10712,12
10712,13
10712,16
10712,18
10712,20
10714,6
10714,12
10714,14
10714,18
10715,1
10715,6
10715,12
10715,13
10715,18
10716,6
10716,13
10716,20
10717,6
10717,13
10717,18
10717,20
10718,6
10718,18
10719,6
10719,12
10719,13
10719,14
10719,16
10719,18
10720,1
10720,18
10721,13
10721,14
10721,16
10721,18
10722,15
10722,18
10723,6
10723,18
10723,20
10724,1
10724,18
10725,6
10725,13
10725,14
10725,18
10726,6
10726,18
10727,6
10727,13
10727,18
10728,1
10728,16
10728,18
10729,1
10729,18
10730,1
10730,14
10730,18
10730,20
10731,6
10731,20
10733,20
10734,18
10735,1
10736,1
10736,20
10737,6
10737,12
10737,14
10737,16
10737,18
10737,20
10738,1
10738,13
10738,14
10738,18
10738,20
10739,18
10740,6
10740,16
10740,20
10741,6
10741,13
10741,14
10741,18
10741,20
10742,6
10742,13
10742,18
10743,6
10743,18
10744,1
10744,18
10744,20
10745,18
10746,6
10746,13
10746,16
10746,18
10747,13
10747,16
10747,18
10748,1
10748,13
10749,6
10749,18
10751,18
10752,6
10752,18
10753,1
10753,14
10753,18
10754,6
10754,12
10754,18
10755,18
10756,18
10757,6
10757,14
10758,6
10758,12
10758,13
10758,20
10759,6
10759,18
10759,20
10761,13
10761,14
10761,16
10761,20
10762,13
10762,14
10762,18
10763,18
10764,6
10764,16
10764,18
10764,20
10765,18
10766,6
10766,10
10766,12
10766,13
10766,18
10766,20
10767,6
10767,18
10768,16
10768,18
10769,13
10769,18
10770,6
10770,18
10771,6
10771,13
10771,18
10771,20
10772,6
10772,13
10772,18
10773,13
10773,18
10774,18
10775,1
10775,16
10775,20
10776,18
10777,1
10777,14
10777,18
10777,20
10778,6
10778,18
10779,6
10779,14
10779,16
10779,18
10779,20
10780,18
10781,1
10781,20
10782,6
10782,14
10782,18
10783,1
10783,6
10783,14
10783,15
10783,20
10784,1
10784,6
10784,18
10785,6
10785,13
10785,14
10785,18
10786,6
10786,12
10786,18
10788,18
10789,13
10789,18
10790,6
10790,13
10790,14
10790,18
10790,20
10792,6
10792,14
10792,18
10793,6
10793,14
10793,18
10794,1
10794,18
10795,14
10795,18
10796,1
10797,16
10797,18
10798,6
10800,18
10801,6
10801,13
10801,16
10801,18
10802,1
10802,6
10802,14
10802,18
10803,18
10804,16
10804,18
10805,14
10805,18
10806,1
10806,9
10807,6
10807,13
10807,18
10808,1
10808,18
10808,20
10809,6
10809,12
10809,18
10810,6
10810,12
10810,18
10811,1
10812,1
10812,20
10813,16
10814,6
10814,18
10814,20
10815,18
10816,14
10816,16
10816,18
10817,6
10817,13
10817,18
10818,9
10819,6
10819,12
10819,13
10819,18
10821,6
10821,14
10821,18
10821,20
10822,1
10822,14
10822,18
10822,20
10823,1
10823,18
10824,20
10825,1
10825,13
10825,20
10826,14
10826,20
10827,1
10828,18
10828,20
10829,6
10829,13
10829,14
10829,16
10829,18
10829,20
10830,6
10830,18
10831,1
10831,18
10831,20
10832,1
10832,10
10832,18
10833,6
10833,18
10834,6
10834,18
10835,1
10835,6
10835,13
10835,14
10835,15
10835,16
10835,18
10835,20
10837,6
10837,18
10837,20
10838,16
10838,20
10839,18
10840,18
10840,20
10841,16
10841,18
10842,1
10844,18
10845,1
10845,6
10845,14
10845,18
10846,1
10846,6
10846,12
10846,18
10846,20
10847,6
10847,16
10848,1
10848,6
10848,14
10848,18
10848,20
10849,1
10849,13
10849,14
10849,15
10849,16
10849,18
10850,18
10851,6
10851,13
10851,18
10852,6
10852,18
10852,20
10853,13
10853,18
10853,20
10854,6
10855,16
10856,6
10856,13
10856,14
10856,18
10857,18
10858,13
10858,16
10858,18
10859,6
10859,13
10859,18
10860,1
10861,1
10861,18
10862,6
10862,18
10863,6
10863,14
10863,18
10863,20
10865,14
10865,16
10865,18
10866,6
10867,6
10867,12
10867,18
10868,6
10868,18
10869,6
10869,18
10870,1
10870,6
10870,13
10870,18
10870,20
10871,1
10871,14
10871,18
10871,20
10872,1
10872,9
10872,18
10873,6
10873,18
10874,1
10874,16
10875,15
10875,18
10876,6
10876,14
10876,18
10877,1
10877,13
10877,18
10878,10
10878,18
10879,18
10880,1
10880,6
10880,18
10880,20
10881,18
10882,13
10882,18
10883,6
10883,18
10884,6
10884,16
10884,18
10884,20
10885,16
10885,18
10886,14
10887,6
10887,18
10888,6
10888,18
10889,1
10889,13
10890,14
10890,18
10891,6
10892,1
10892,18
10894,6
10894,18
10895,6
10895,18
10895,20
10896,6
10896,12
10896,13
10896,16
10896,18
10897,16
10898,6
10898,13
10898,18
10899,16
10899,18
10900,1
10900,14
10900,16
10900,18
10900,20
10902,1
10902,18
10903,1
10903,4
10903,13
10903,20
10904,6
10904,18
10905,14
10905,18
10906,18
10906,20
10907,6
10907,14
10907,18
10908,1
10909,6
10909,13
10909,18
10910,18
10911,18
10912,1
10912,18
10912,20
10914,6
10914,13
10914,16
10914,18
10915,6
10915,13
10915,18
10916,18
10917,13
10917,18
10918,6
10918,12
10918,18
10919,6
10919,12
10919,18
10920,6
10920,14
10920,18
10921,6
10921,16
10921,18
10922,1
10922,20
10923,18
10924,6
10924,18
10925,6
10925,14
10925,18
10926,13
10926,18
10927,13
10927,18
10927,20
10928,1
10928,14
10928,18
10928,20
10930,14
10931,1
10931,18
10931,20
10932,1
10932,18
10933,6
10933,13
10933,14
10933,18
10934,18
10934,20
10935,14
10935,18
10936,1
10936,6
10936,12
10936,16
10936,18
10936,20
10937,1
10937,13
10937,14
10937,18
10937,20
10938,6
10938,16
10938,18
10939,1
10939,13
10939,16
10939,18
10940,14
10940,18
10941,1
10941,6
10941,13
10941,18
10942,18
10943,18
10943,20
10944,6
10944,13
10944,14
10944,16
10944,18
10944,20
10945,1
10945,16
10945,18
10945,20
10946,6
10946,13
10946,18
10946,20
10947,18
10948,6
10948,18
10949,1
10949,18
10949,20
10950,13
10950,14
10950,16
10950,18
10951,1
10951,7
10951,9
10952,1
10952,9
10953,1
10953,9
10954,1
10954,9
10955,1
10955,9
10956,1
10956,9
10957,1
10958,1
10958,9
10959,1
10959,20
10960,1
10960,9
10961,1
10961,20
10962,1
10962,9
10963,1
10964,1
10964,9
10965,1
10965,9
10966,1
10966,9
10967,1
10968,1
10968,9
10969,1
10970,1
10971,1
10971,9
10972,1
10972,9
10973,1
10973,6
10974,1
10975,1
10975,6
10975,19
10975,20
10976,1
10976,9
10977,1
10977,9
10978,1
10979,1
10979,9
10980,1
10980,7
10981,1
10981,9
10982,1
10983,1
10983,9
10983,14
10984,1
10984,9
10985,1
10985,9
10986,1
10986,9
10987,1
10987,9
10988,1
10988,9
10989,1
10989,9
10989,10
10989,17
10990,1
10990,9
10990,15
10991,1
10991,10
10992,1
10992,6
10992,13
10992,14
10993,1
10993,9
10994,1
10994,9
10995,1
10995,14
10996,1
10996,14
10997,1
10997,9
10998,1
10998,9
10999,1
10999,9
11000,1
11001,1
11002,1
11002,9
11003,1
11003,9
11004,1
11004,9
11004,14
11005,1
11005,18
11005,20
11006,1
11006,9
11007,1
11007,9
11008,1
11008,9
11009,1
11009,9
11010,1
11011,1
11011,9
11012,1
11012,9
11013,1
11013,9
11013,15
11014,1
11014,9
11015,1
11015,6
11015,13
11015,14
11015,20
11016,1
11016,20
11017,1
11017,9
11018,1
11018,9
11019,1
11020,1
11021,1
11021,9
11022,1
11022,9
11023,1
11024,1
11024,9
11025,1
11025,6
11025,9
11026,1
11026,9
11027,1
11027,9
11028,1
11029,1
11029,9
11030,1
11030,9
11031,1
11031,9
11032,1
11032,9
11033,1
11033,9
11034,1
11034,9
11035,1
11035,9
11036,1
11036,9
11037,1
11037,9
11038,9
11039,1
11039,9
11040,1
11040,9
11041,1
11041,9
11042,1
11042,9
11043,1
11043,9
11044,1
11044,9
11045,1
11045,9
11046,1
11047,1
11047,9
11048,1
11048,9
11049,1
11049,14
11050,1
11051,1
11051,9
11052,1
11053,1
11053,9
11053,14
11054,1
11054,9
11055,1
11055,9
11056,1
11056,9
11057,1
11057,9
11057,16
11058,1
11059,1
11059,9
11060,1
11060,9
11061,1
11061,9
11061,16
11062,1
11063,1
11063,9
11064,1
11065,1
11066,1
11066,9
11066,20
11067,1
11067,9
11068,1
11068,9
11069,1
11069,9
11070,1
11070,14
11070,20
11071,1
11071,7
11071,17
11072,1
11072,15
11072,17
11073,1
11073,9
11074,1
11075,1
11075,9
11076,1
11076,9
11077,1
11078,1
11078,9
11079,1
11079,9
11080,1
11080,9
11081,1
11081,9
11082,1
11082,9
11083,1
11083,9
11084,1
11084,9
11085,1
11085,9
11086,1
11087,1
11087,9
11088,1
11088,9
11089,1
11089,9
11090,1
11090,9
11091,1
11092,1
11092,14
11093,1
11093,9
11094,1
11094,9
11095,1
11096,1
11097,1
11097,4
11097,9
11098,1
11099,1
11099,9
11100,1
11100,9
11101,1
11101,7
11101,9
11102,1
11102,9
11103,1
11103,9
11104,1
11104,16
11104,20
11105,1
11105,9
11106,1
11106,9
11107,1
11107,9
11108,1
11108,9
11109,1
11109,9
11110,1
11110,9
11111,1
11111,9
11112,1
11112,9
11113,1
11113,9
11113,14
11114,1
11114,9
11115,1
11115,9
11116,1
11116,6
11116,9
11116,13
11116,20
11117,1
11117,9
11118,1
11118,9
11119,1
11119,9
11120,1
11121,1
11121,9
11122,1
11122,9
11123,1
11124,1
11124,9
11125,1
11125,6
11125,9
11125,18
11125,20
11126,1
11126,9
11127,1
11127,9
11128,1
11128,9
11129,1
11129,9
11130,1
11131,1
11131,9
11132,1
11132,9
11133,1
11133,9
11134,1
11134,9
11135,1
11135,9
11136,1
11136,14
11137,1
11137,9
11138,1
11138,9
11139,1
11140,1
11141,1
11141,9
11142,1
11142,9
11143,1
11143,9
11144,1
11144,9
11145,1
11145,9
11146,1
11147,1
11147,6
11147,13
11147,14
11147,20
11148,1
11148,9
11149,1
11149,9
11150,1
11150,9
11151,1
11151,6
11151,9
11152,1
11152,9
11153,1
11154,1
11154,9
11155,1
11155,9
11156,1
11157,1
11157,9
11158,1
11159,1
11160,1
11160,9
11160,14
11161,1
11161,6
11161,13
11161,20
11162,1
11163,1
11163,8
11163,9
11164,1
11165,1
11165,20
11166,1
11166,9
11167,1
11167,9
11168,1
11168,9
11169,1
11169,9
11170,1
11170,9
11171,1
11171,9
11172,1
11173,1
11174,1
11174,9
11175,1
11175,9
11176,1
11176,9
11177,1
11177,6
11177,11
11178,1
11178,6
11178,18
11178,20
11179,1
11179,6
11179,20
11180,1
11180,6
11181,1
11181,6
11182,1
11182,6
11182,11
11182,19
11183,1
11183,6
11183,20
11184,1
11184,6
11184,14
11184,19
11184,20
11185,1
11185,6
11185,19
11185,20
11186,1
11186,6
11186,11
11187,1
11187,7
11188,1
11188,6
11188,14
11188,18
11188,20
11189,1
11189,6
11189,20
11190,1
11190,6
11190,11
11191,1
11192,1
11192,6
11192,9
11192,18
11192,20
11193,1
11193,6
11193,20
11194,1
11194,6
11194,18
11194,20
11195,1
11195,6
11195,14
11195,19
11195,20
11196,1
11196,20
11197,1
11197,6
11197,9
11197,14
11197,20
11198,1
11198,6
11199,1
11199,6
11199,18
11199,20
11200,1
11200,6
11200,13
11200,18
11200,20
11201,1
11201,6
11201,18
11201,20
11202,1
11202,7
11203,1
11203,6
11203,9
11203,14
11203,18
11203,19
11203,20
11204,1
11204,6
11205,19
11206,1
11206,11
11207,1
11207,20
11208,1
11208,6
11208,14
11208,19
11208,20
11209,1
11209,18
11209,19
11210,1
11210,6
11210,9
11210,11
11210,18
11211,1
11211,6
11211,11
11211,20
11212,1
11212,6
11212,11
11212,19
11212,20
11213,1
11213,7
11214,1
11214,6
11214,11
11215,1
11215,6
11215,20
11216,1
11216,4
11216,6
11216,13
11216,16
11216,18
11216,20
11217,1
11217,6
11218,1
11218,6
11218,13
11218,18
11218,20
11219,1
11219,6
11219,9
11219,11
11219,20
11220,6
11220,20
11221,1
11221,7
11222,1
11222,6
11222,14
11223,1
11223,4
11223,6
11223,19
11223,20
11224,18
11225,18
11226,1
11226,18
11227,1
11228,9
11228,13
11228,18
11229,6
11229,18
11230,6
11230,18
11230,20
11231,9
11232,9
11232,14
11233,1
11233,16
11233,18
11233,20
11234,1
11235,14
11236,9
11237,1
11237,9
11237,18
11239,18
11240,1
11240,6
11240,12
11240,16
11240,18
11242,18
11243,6
11243,12
11243,18
11244,9
11244,16
11244,20
11245,1
11245,6
11245,12
11245,13
11245,18
11246,6
11246,16
11246,18
11246,20
11247,16
11248,6
11248,18
11249,1
11249,16
11249,18
11250,1
11250,6
11250,18
11251,18
11252,16
11252,18
11253,1
11253,18
11254,14
11255,6
11255,16
11255,18
11255,20
11256,6
11256,16
11256,18
11257,1
11257,6
11257,13
11257,16
11258,16
11258,18
11259,14
11259,16
11259,18
11260,13
11260,18
11261,1
11261,18
11262,9
11262,18
11263,1
11263,9
11263,18
11264,1
11264,6
11264,18
11264,20
11265,18
11265,20
11266,14
11266,16
11266,18
11266,20
11267,6
11267,12
11267,16
11267,18
11267,20
11268,6
11268,13
11268,18
11269,12
11269,13
11269,16
11269,18
11270,6
11270,18
11271,6
11271,18
11272,9
11273,16
11273,18
11274,16
11274,18
11275,6
11275,18
11276,1
11277,1
11277,20
11279,6
11279,16
11279,18
11280,6
11280,18
11281,16
11281,18
11282,6
11282,13
11282,16
11282,18
11283,18
11284,6
11284,16
11284,18
11285,16
11285,18
11286,1
11286,9
11286,18
11287,1
11287,18
11288,1
11288,6
11288,13
11288,16
11288,18
11289,1
11290,1
11290,14
11290,16
11290,18
11290,19
11290,20
11291,1
11291,16
11291,18
11292,18
11293,9
11293,16
11295,1
11296,1
11296,18
11297,1
11298,18
11299,1
11299,6
11299,16
11299,18
11300,16
11300,18
11301,1
11302,1
11302,18
11302,20
11303,1
11303,18
11304,18
11305,9
11305,16
11306,9
11306,18
11306,20
11307,6
11308,9
11309,6
11309,9
11311,1
11311,13
11311,20
11312,6
11314,6
11314,18
11315,1
11315,16
11316,10
11318,16
11318,18
11319,18
11320,16
11320,18
11322,18
11323,6
11323,18
11324,9
11324,18
11325,6
11325,16
11325,18
11325,20
11327,1
11327,14
11327,18
11328,18
11329,1
11329,6
11329,16
11329,18
11329,20
11330,18
11331,6
11331,13
11331,16
11331,18
11332,1
11332,14
11332,16
11332,18
11333,16
11333,18
11334,1
11334,18
11335,1
11335,6
11335,16
11335,18
11336,1
11336,14
11336,16
11336,18
11337,6
11337,13
11337,16
11337,18
11337,20
11338,16
11338,18
11339,1
11339,16
11340,18
11341,1
11341,6
11341,13
11341,16
11341,18
11341,20
11342,6
11342,12
11342,13
11342,16
11342,18
11342,20
11344,6
11344,18
11345,1
11345,15
11345,16
11346,1
11346,6
11346,16
11346,18
11347,1
11347,6
11347,16
11347,18
11347,20
11348,1
11348,6
11348,13
11348,18
11349,1
11349,9
11349,18
11349,20
11350,16
11350,18
11351,6
11351,16
11351,18
11352,1
11352,6
11352,12
11352,16
11352,18
11352,20
11353,1
11353,6
11353,16
11353,18
11354,6
11354,13
11354,18
11355,6
11355,13
11355,16
11355,18
11356,6
11356,16
11356,18
11357,1
11357,16
11357,18
11358,1
11358,14
11358,16
11358,18
11359,1
11359,16
11359,18
11360,15
11360,16
11361,18
11362,18
11363,13
11363,18
11364,1
11364,9
11364,18
11365,1
11365,16
11365,18
11366,16
11366,18
11367,6
11367,13
11367,18
11368,1
11368,16
11369,1
11369,14
11369,16
11370,6
11370,16
11370,18
11372,6
11372,13
11372,16
11372,18
11374,14
11374,18
11375,14
11375,18
11376,1
11376,16
11376,18
11376,20
11377,6
11377,18
11378,18
11379,6
11379,18
11379,20
11380,1
11380,6
11380,18
11380,20
11381,1
11381,4
11381,6
11381,14
11381,16
11381,19
11381,20
11382,6
11382,12
11382,18
11382,20
11383,18
11384,18
11385,6
11385,12
11385,16
11385,18
11386,1
11386,13
11386,18
11386,20
11387,1
11388,16
11388,18
11389,6
11389,18
11390,1
11390,13
11390,16
11390,18
11390,20
11391,1
11391,16
11392,10
11394,18
11395,1
11395,16
11395,18
11396,1
11396,13
11396,16
11397,1
11397,9
11398,1
11398,6
11398,9
11398,18
11399,1
11399,18
11400,1
11400,6
11400,18
11401,6
11401,12
11401,16
11401,18
11402,1
11402,14
11403,1
11403,9
11403,13
11403,18
11405,9
11405,18
11407,13
11407,16
11408,18
11409,1
11410,1
11410,16
11410,18
11411,18
11412,16
11413,18
11414,1
11414,6
11414,10
11414,18
11415,1
11415,14
11415,16
11415,18
11416,1
11417,1
11417,6
11417,9
11417,16
11418,1
11418,16
11418,18
11419,18
11421,18
11422,1
11422,18
11423,1
11423,6
11423,16
11423,18
11424,1
11424,16
11424,18
11425,18
11425,20
11426,1
11426,6
11426,10
11426,12
11426,13
11426,16
11426,18
11426,20
11427,1
11427,16
11428,1
11428,6
11428,16
11428,18
11428,20
11429,16
11430,6
11430,16
11430,18
11431,6
11431,18
11432,14
11432,18
11433,12
11433,16
11434,1
11434,6
11434,18
11435,16
11435,18
11436,1
11436,6
11436,16
11436,18
11437,6
11437,13
11437,18
11438,13
11438,16
11438,18
11439,1
11439,6
11440,1
11440,16
11440,18
11442,1
11442,6
11442,13
11442,18
11442,20
11443,1
11443,13
11443,18
11444,1
11445,1
11445,16
11445,18
11446,1
11446,16
11449,16
11449,18
11450,1
11450,6
11450,13
11450,18
11451,6
11451,13
11451,16
11451,18
11452,1
11452,12
11452,16
11452,18
11452,20
11453,1
11453,16
11453,18
11454,6
11454,16
11454,18
11455,1
11455,6
11455,16
11455,18
11455,20
11456,6
11456,14
11456,16
11456,18
11457,16
11457,18
11458,16
11459,18
11460,6
11460,12
11460,18
11461,13
11461,18
11462,16
11462,18
11463,1
11463,6
11463,13
11463,18
11464,16
11464,18
11465,16
11465,18
11467,13
11467,16
11467,18
11468,1
11468,13
11468,20
11469,14
11469,16
11469,18
11470,18
11471,6
11471,12
11471,16
11471,18
11472,18
11473,1
11473,18
11474,6
11474,12
11474,16
11474,18
11475,6
11475,12
11475,13
11475,14
11475,18
11475,20
11476,16
11476,18
11477,9
11477,18
11478,1
11478,16
11479,1
11479,10
11479,13
11479,18
11479,20
11480,14
11480,18
11481,6
11481,13
11481,16
11481,18
11482,1
11483,1
11483,18
11483,19
11484,1
11484,6
11484,16
11484,20
11485,9
11485,18
11486,18
11487,1
11487,6
11487,13
11487,14
11487,18
11487,20
11488,1
11488,16
11488,18
11489,1
11489,9
11489,18
11490,1
11490,18
11491,14
11492,6
11492,16
11492,18
11493,1
11493,16
11495,1
11495,16
11495,18
11496,1
11496,6
11496,9
11496,18
11497,1
11497,9
11498,14
11498,18
11499,6
11499,18
11500,18
11501,6
11501,12
11501,14
11501,16
11501,18
11502,16
11502,18
11503,6
11503,13
11503,18
11504,18
11505,18
11506,6
11506,16
11507,14
11508,18
11509,18
11510,6
11510,18
11511,1
11512,14
11512,18
11513,1
11513,6
11513,14
11514,1
11514,6
11514,18
11514,20
11515,1
11515,9
11517,1
11517,18
11517,20
11518,1
11518,9
11518,19
11518,20
11519,1
11519,20
11520,1
11520,9
11520,15
11521,1
11521,14
11521,18
11521,19
11521,20
11522,1
11522,19
11522,20
11523,1
11523,4
11523,18
11523,20
11524,1
11524,9
11525,1
11525,18
11525,19
11525,20
11526,1
11526,4
11526,20
11527,1
11527,14
11527,19
11527,20
11528,1
11528,18
11528,20
11529,1
11529,14
11530,1
11530,6
11530,20
11531,1
11531,4
11531,20
11532,1
11532,20
11533,1
11533,14
11534,1
11535,1
11535,9
11535,18
11535,20
11536,1
11536,4
11536,14
11536,16
11536,18
11536,19
11536,20
11537,1
11537,19
11538,1
11538,18
11539,1
11539,9
11539,18
11539,20
11540,1
11540,4
11540,14
11540,20
11541,1
11541,18
11542,1
11542,18
11542,20
11543,1
11543,4
11543,13
11543,14
11543,18
11543,20
11544,1
11544,20
11545,1
11546,1
11546,9
11547,1
11547,20
11548,1
11548,14
11549,1
11549,14
11549,20
11551,1
11551,4
11551,20
11552,1
11552,4
11552,14
11552,18
11552,20
11553,1
11553,20
11554,1
11554,14
11554,20
11555,1
11555,14
11555,20
11556,1
11556,10
11556,16
11557,1
11558,1
11558,6
11558,20
11560,1
11561,1
11561,4
11562,1
11562,4
11562,9
11562,13
11562,18
11562,19
11562,20
11563,1
11563,20
11564,6
11564,16
11564,18
11564,20
11565,20
11566,18
11567,1
11567,20
11568,6
11568,18
11568,20
11569,18
11569,20
11570,1
11570,18
11570,20
11571,14
11572,1
11572,20
11573,6
11573,12
11573,13
11573,14
11573,20
11574,1
11574,20
11575,1
11575,6
11575,12
11575,13
11575,18
11576,18
11576,20
11577,1
11577,18
11577,20
11578,1
11578,6
11578,18
11578,20
11579,1
11579,6
11579,14
11579,18
11579,20
11580,1
11580,18
11581,18
11581,20
11582,1
11582,9
11583,1
11583,6
11584,1
11584,9
11584,18
11586,9
11587,1
11587,16
11588,6
11588,12
11589,1
11589,14
11589,18
11590,1
11590,9
11590,18
11591,6
11591,12
11591,18
11591,20
11592,1
11592,9
11592,15
11593,1
11593,12
11593,18
11593,20
11594,1
11594,4
11594,18
11594,20
11595,6
11595,12
11595,20
11596,1
11597,1
11597,18
11599,18
11601,1
11602,18
11605,18
11606,1
11606,18
11607,1
11607,14
11609,1
11609,18
11610,1
11611,1
11611,18
11612,1
11613,1
11614,1
11614,18
11615,1
11615,4
11615,16
11616,1
11616,9
11617,1
11617,9
11617,16
11617,20
11618,1
11618,4
11619,1
11620,1
11620,18
11621,1
11621,13
11621,16
11621,19
11621,20
11622,1
11623,1
11623,9
11624,1
11624,14
11625,4
11625,9
11625,18
11626,1
11626,16
11627,1
11628,1
11630,1
11630,10
11631,1
11631,16
11632,1
11633,1
11633,13
11633,20
11634,1
11634,10
11635,1
11635,16
11636,1
11636,16
11637,1
11637,14
11637,18
11638,1
11638,18
11639,1
11640,1
11641,1
11642,1
11642,9
11643,1
11643,18
11644,1
11645,1
11647,1
11647,6
11648,1
11649,1
11649,4
11649,16
11649,18
11650,18
11651,1
11651,9
11652,1
11653,1
11654,1
11654,12
11654,14
11654,18
11654,19
11655,1
11655,9
11656,1
11657,1
11657,18
11658,1
11658,18
11659,1
11660,9
11661,1
11661,9
11661,18
11662,1
11662,4
11663,1
11664,1
11665,1
11665,9
11666,1
11666,9
11667,1
11667,9
11668,1
11669,1
11669,9
11670,1
11670,9
11671,1
11671,9
11672,1
11672,9
11672,17
11673,1
11673,9
11674,1
11674,9
11675,1
11675,9
11676,1
11676,7
11676,17
11677,1
11679,14
11681,1
11681,4
11681,20
11682,1
11682,4
11682,6
11682,18
11682,20
11683,1
11683,4
11683,6
11683,9
11683,18
11683,20
11687,1
11687,4
11687,6
11687,16
11687,19
11687,20
11689,1
11689,9
11690,1
11690,20
11691,6
11691,14
11694,1
11695,1
11695,18
11696,1
11696,4
11696,13
11696,14
11696,18
11696,19
11696,20
11697,1
11697,12
11697,18
11697,20
11699,14
11700,1
11700,20
11703,1
11703,14
11703,20
11704,1
11704,9
11704,14
11704,18
11704,19
11704,20
11705,1
11705,18
11705,20
11706,1
11706,4
11706,14
11706,20
11707,1
11707,6
11707,9
11707,16
11708,1
11708,14
11709,18
11709,20
11710,9
11711,1
11711,9
11711,14
11711,15
11711,19
11711,20
11712,1
11712,16
11713,6
11713,12
11713,18
11714,1
11715,9
11716,13
11716,14
11716,18
11717,6
11717,13
11717,18
11718,18
11719,1
11719,14
11721,1
11721,13
11721,18
11722,1
11722,13
11722,18
11722,19
11722,20
11723,18
11724,1
11724,18
11724,20
11726,1
11726,6
11726,20
11727,1
11727,6
11727,11
11727,12
11727,13
11727,18
11727,19
11727,20
11728,1
11728,6
11728,9
11729,1
11729,11
11730,7
11731,1
11731,6
11731,18
11731,20
11732,1
11732,6
11732,11
11732,14
11732,18
11733,1
11733,6
11733,11
11733,18
11734,1
11734,6
11734,14
11735,1
11735,6
11735,11
11735,19
11736,1
11736,6
11736,18
11736,20
11737,1
11737,7
11738,1
11738,6
11738,11
11739,1
11739,6
11739,20
11740,1
11740,7
11741,1
11741,6
11741,11
11742,1
11742,6
11742,13
11743,1
11743,6
11743,11
11743,20
11744,1
11744,6
11745,1
11745,6
11745,13
11745,16
11745,18
11745,20
11746,1
11746,6
11746,11
11746,18
11746,19
11747,1
11747,6
11747,13
11747,14
11747,18
11747,20
11748,1
11748,6
11748,18
11748,20
11749,10
11750,1
11750,6
11751,1
11751,6
11751,11
11751,18
11752,1
11752,6
11752,11
11753,7
11754,1
11754,6
11754,18
11754,19
11756,1
11756,6
11756,11
11756,18
11756,20
11757,1
11757,6
11757,18
11757,19
11757,20
11758,1
11758,6
11758,19
11758,20
11759,1
11759,6
11759,13
11759,20
11760,1
11760,6
11760,11
11760,18
11761,1
11761,6
11761,11
11761,18
11761,20
11762,1
11762,20
11763,9
11764,1
11764,14
11764,18
11765,6
11765,18
11765,20
11766,1
11766,9
11766,18
11767,1
11767,9
11767,18
11767,20
11768,1
11768,9
11768,18
11769,1
11769,9
11769,14
11770,6
11770,18
11771,13
11771,18
11773,1
11773,6
11774,1
11774,18
11775,18
11776,1
11778,1
11778,9
11780,1
11780,9
11781,1
11781,9
11781,16
11782,1
11783,1
11783,9
11784,1
11785,1
11785,9
11785,19
11786,1
11786,9
11786,19
11787,1
11787,6
11788,1
11788,9
11789,1
11790,1
11790,9
11791,1
11791,16
11791,20
11792,1
11792,7
11793,1
11793,9
11793,20
11794,1
11794,6
11795,7
11796,1
11796,6
11797,1
11797,6
11797,9
11797,20
11798,1
11798,6
11798,20
11799,1
11799,6
11799,13
11799,19
11799,20
11800,1
11800,6
11801,1
11801,6
11801,20
11802,7
11803,1
11803,6
11804,1
11804,5
11804,7
11805,1
11806,1
11806,18
11807,1
11807,6
11807,9
11807,14
11807,19
11807,20
11808,1
11808,6
11809,7
11810,1
11810,6
11811,1
11811,6
11811,9
11811,20
11812,7
11813,1
11813,6
11813,20
11814,1
11815,1
11815,9
11816,1
11817,1
11817,6
11817,9
11818,1
11818,7
11819,1
11819,6
11819,9
11820,1
11821,1
11821,7
11822,7
11823,1
11823,7
11824,1
11825,1
11825,9
11825,19
11826,7
11827,1
11827,6
11827,9
11827,13
11827,20
11828,1
11828,7
11829,1
11830,1
11830,9
11831,1
11832,1
11833,1
11834,1
11834,9
11835,1
11835,6
11835,19
11835,20
11836,1
11836,6
11837,1
11837,6
11837,9
11837,18
11837,20
11838,1
11838,6
11838,13
11838,18
11838,20
11839,1
11839,6
11840,7
11841,1
11841,20
11842,1
11842,6
11842,20
11843,1
11843,18
11844,1
11844,6
11844,20
11845,1
11845,9
11846,1
11846,9
11847,1
11847,6
11848,1
11848,6
11848,7
11848,20
11849,1
11849,6
11849,7
11850,1
11850,6
11850,20
11851,1
11851,6
11851,16
11851,19
11852,1
11853,1
11853,6
11853,20
11854,1
11854,7
11855,1
11855,7
11856,1
11857,1
11857,7
11858,1
11859,1
11859,9
11860,1
11860,9
11861,7
11862,1
11862,6
11862,20
11863,1
11863,20
11864,1
11864,6
11864,14
11864,20
11865,1
11865,6
11866,7
11867,1
11867,6
11867,19
11867,20
11868,1
11868,7
11869,1
11870,1
11870,9
11870,18
11870,20
11871,1
11871,9
11872,1
11872,9
11873,1
11873,20
11874,1
11874,9
11875,1
11876,1
11876,18
11876,20
11877,1
11877,6
11877,20
11878,1
11878,9
11878,20
11879,1
11879,6
11879,19
11879,20
11880,1
11880,6
11880,20
11881,1
11881,7
11881,9
11882,1
11882,9
11883,6
11883,7
11884,1
11885,1
11885,9
11886,1
11886,9
11887,1
11887,7
11888,1
11888,6
11888,9
11888,14
11889,1
11889,7
11890,1
11891,1
11891,6
11891,19
11891,20
11892,1
11892,20
11893,1
11893,9
11894,1
11894,7
11894,20
11895,1
11895,7
11895,9
11896,1
11896,6
11897,7
11897,19
11898,1
11899,1
11899,7
11900,1
11901,1
11901,6
11901,14
11901,20
11902,1
11902,20
11903,1
11903,6
11903,9
11903,20
11904,1
11904,7
11905,1
11905,9
11905,15
11905,20
11906,1
11907,1
11907,6
11907,19
11907,20
11908,1
11908,7
11909,1
11909,6
11909,20
11910,1
11910,7
11910,9
11910,18
11911,1
11912,1
11912,7
11913,1
11913,6
11913,19
11913,20
11914,1
11914,9
11915,1
11915,6
11915,13
11916,1
11916,20
11917,1
11917,6
11917,7
11918,1
11918,6
11918,14
11918,19
11919,1
11919,6
11919,19
11919,20
11920,1
11920,7
11921,1
11921,7
11922,1
11922,7
11923,1
11923,6
11923,9
11924,1
11925,1
11925,7
11926,1
11926,9
11927,1
11927,6
11928,1
11928,7
11928,9
11929,7
11930,7
11931,1
11931,7
11932,6
11932,9
11933,1
11933,7
11934,1
11934,14
11935,1
11936,1
11936,6
11936,7
11936,20
11937,1
11937,6
11938,1
11938,20
11939,1
11939,6
11939,13
11939,20
11940,1
11940,6
11941,6
11941,7
11942,1
11942,6
11942,19
11942,20
11943,1
11943,19
11944,1
11944,6
11944,9
11945,7
11946,1
11946,7
11946,9
11947,1
11947,7
11948,1
11948,6
11948,7
11949,14
11949,19
11950,1
11950,6
11950,18
11950,20
11951,1
11952,1
11952,6
11953,1
11953,7
11953,18
11954,1
11955,1
11955,7
11956,1
11957,1
11957,6
11957,19
11958,1
11958,18
11958,20
11959,1
11959,6
11959,13
11959,14
11959,19
11959,20
11960,1
11960,6
11962,1
11962,18
11962,20
11963,13
11963,20
11964,1
11964,6
11964,13
11964,14
11964,18
11964,19
11964,20
11965,1
11965,20
11966,6
11966,12
11966,13
11966,18
11967,1
11967,20
11968,1
11968,13
11968,18
11969,1
11969,20
11970,6
11970,14
11970,19
11970,20
11971,1
11971,6
11971,18
11971,20
11972,1
11972,20
11973,1
11973,20
11974,20
11975,20
11977,18
11977,20
11978,1
11978,18
11979,1
11979,18
11979,20
11980,1
11980,4
11980,6
11980,13
11980,16
11980,18
11980,19
11980,20
11981,1
11981,19
11981,20
11982,1
11982,14
11982,18
11982,20
11983,1
11983,20
11984,1
11984,9
11984,18
11984,20
11985,1
11985,19
11986,1
11986,6
11986,13
11986,18
11986,20
11987,1
11987,9
11987,18
11987,20
11990,1
11990,18
11990,20
11992,14
11993,1
11994,14
11994,19
11994,20
11995,4
11995,18
11995,19
11995,20
11996,1
11996,4
11996,16
11996,18
11996,20
11997,1
11997,6
11997,20
11998,1
11998,19
11998,20
11999,1
11999,14
11999,19
11999,20
12000,4
12000,18
12000,20
12001,1
12001,4
12001,18
12001,20
12002,1
12002,18
12002,20
12003,1
12003,18
12003,20
12004,1
12004,6
12004,13
12004,14
12004,18
12004,19
12004,20
12005,1
12005,20
12006,1
12007,1
12007,4
12007,6
12007,12
12007,18
12007,19
12008,10
12008,18
12008,20
12010,1
12010,20
12011,1
12011,18
12011,20
12012,1
12012,18
12012,20
12013,1
12013,16
12013,18
12014,1
12014,4
12014,6
12014,12
12014,13
12014,14
12014,18
12014,19
12014,20
12015,1
12015,14
12015,18
12015,20
12016,1
12016,18
12016,19
12016,20
12017,1
12017,4
12017,14
12017,18
12017,19
12017,20
12018,1
12018,6
12018,18
12018,20
12019,1
12019,9
12019,16
12019,18
12019,20
12020,1
12020,9
12020,14
12020,18
12021,1
12021,6
12021,14
12021,18
12021,20
12022,1
12022,14
12022,20
12023,1
12023,18
12023,20
12024,1
12024,9
12024,14
12024,18
12024,19
12025,1
12025,20
12026,4
12026,18
12027,1
12028,1
12028,6
12028,18
12028,20
12029,1
12029,18
12029,20
12031,1
12031,9
12032,20
12033,1
12033,14
12033,18
12033,19
12033,20
12034,1
12034,10
12034,16
12034,18
12036,1
12036,16
12037,1
12037,14
12037,19
12037,20
12038,1
12038,4
12038,6
12038,20
12039,1
12039,20
12040,18
12040,19
12040,20
12041,1
12041,16
12041,18
12042,1
12042,18
12042,20
12043,1
12043,6
12043,9
12043,18
12043,19
12044,1
12045,1
12045,4
12045,18
12045,20
12046,1
12046,14
12046,20
12047,1
12047,18
12048,1
12048,4
12048,6
12048,12
12048,13
12048,14
12048,18
12048,19
12048,20
12049,1
12049,4
12049,14
12049,19
12049,20
12050,1
12050,16
12050,20
12051,4
12051,20
12052,18
12052,19
12053,1
12053,6
12053,9
12053,15
12053,20
12054,18
12054,20
12055,6
12055,18
12055,20
12056,1
12056,16
12057,1
12057,18
12057,20
12058,1
12058,4
12058,14
12058,18
12058,19
12058,20
12059,1
12059,18
12059,20
12060,4
12060,20
12061,4
12061,18
12061,20
12062,1
12062,9
12062,15
12062,20
12063,1
12063,9
12063,18
12063,19
12063,20
12064,1
12064,14
12064,18
12064,19
12064,20
12065,1
12065,4
12065,18
12065,20
12066,1
12066,18
12066,19
12066,20
12067,1
12067,4
12067,18
12067,19
12067,20
12068,1
12068,9
12068,10
12068,14
12069,1
12069,14
12069,18
12069,19
12070,1
12071,1
12071,6
12071,18
12072,1
12072,6
12072,14
12072,18
12072,20
12073,1
12074,14
12074,19
12074,20
12075,1
12075,20
12076,1
12076,9
12076,20
12077,1
12077,4
12077,14
12078,1
12078,18
12078,20
12079,1
12079,14
12079,16
12080,1
12080,9
12081,1
12081,9
12081,18
12081,20
12082,20
12085,1
12085,19
12086,1
12086,4
12086,9
12086,18
12086,20
12087,1
12087,6
12087,13
12088,18
12088,20
12089,1
12089,9
12089,15
12090,1
12090,6
12090,9
12090,19
12091,1
12091,15
12091,18
12091,19
12091,20
12092,1
12092,4
12092,18
12092,20
12093,1
12093,14
12093,18
12094,6
12094,20
12095,1
12095,4
12095,6
12095,13
12095,18
12095,19
12095,20
12096,10
12097,1
12097,9
12097,16
12097,18
12097,19
12098,1
12098,13
12098,18
12098,20
12099,1
12099,9
12099,18
12099,20
12100,1
12100,15
12101,1
12101,4
12101,18
12101,20
12102,6
12103,1
12103,20
12104,18
12104,19
12104,20
12105,1
12105,9
12105,20
12106,1
12108,1
12109,1
12109,6
12109,18
12109,20
12110,1
12110,9
12111,1
12111,6
12111,18
12111,20
12112,1
12112,18
12112,19
12112,20
12113,1
12113,20
12114,1
12114,9
12115,1
12115,4
12115,18
12115,20
12116,4
12116,10
12116,18
12116,19
12116,20
12118,1
12118,14
12118,18
12118,20
12119,1
12119,9
12119,18
12120,1
12120,6
12120,18
12121,20
12122,1
12122,6
12122,16
12123,1
12123,18
12124,18
12124,20
12125,1
12125,6
12125,20
12126,1
12126,14
12126,20
12127,1
12127,20
12128,4
12128,18
12128,20
12129,1
12129,4
12129,20
12130,1
12130,4
12130,18
12130,20
12131,1
12131,14
12131,18
12131,19
12131,20
12132,1
12132,18
12133,1
12133,18
12133,19
12133,20
12134,1
12135,1
12137,1
12137,14
12137,18
12137,19
12138,6
12138,18
12138,20
12139,1
12139,6
12139,9
12139,18
12139,19
12139,20
12140,1
12140,18
12140,19
12140,20
12141,1
12141,6
12141,9
12141,18
12141,19
12141,20
12142,1
12142,16
12142,20
12143,1
12143,9
12143,15
12144,9
12145,1
12145,9
12146,1
12146,10
12146,18
12146,19
12146,20
12147,1
12147,18
12148,1
12148,6
12148,13
12148,14
12148,18
12148,20
12149,1
12149,4
12149,14
12149,18
12149,19
12149,20
12150,1
12150,6
12150,20
12151,1
12151,6
12152,1
12152,4
12152,14
12152,18
12153,1
12153,9
12154,4
12154,20
12155,1
12155,4
12155,13
12155,18
12156,1
12156,19
12156,20
12157,1
12157,4
12157,18
12157,20
12158,1
12158,4
12158,18
12158,19
12158,20
12159,1
12159,9
12160,1
12160,9
12160,20
12161,1
12161,4
12161,10
12161,18
12161,20
12162,1
12162,6
12162,20
12163,1
12163,20
12164,1
12164,6
12164,20
12165,1
12165,4
12165,18
12165,20
12166,1
12166,4
12166,14
12166,18
12166,20
12168,1
12168,4
12168,6
12168,18
12168,20
12169,1
12169,4
12169,18
12169,20
12170,1
12170,4
12170,18
12171,20
12172,1
12172,4
12172,13
12172,18
12172,19
12172,20
12173,1
12174,1
12174,14
12174,16
12174,18
12175,10
12177,1
12177,20
12178,1
12178,18
12180,1
12180,14
12180,18
12180,19
12180,20
12181,1
12181,6
12181,9
12181,20
12182,1
12182,20
12183,1
12183,6
12183,9
12183,15
12183,19
12183,20
12184,1
12184,9
12184,18
12185,18
12185,20
12186,1
12186,9
12186,15
12186,20
12187,1
12187,4
12187,6
12187,14
12187,18
12187,19
12187,20
12188,1
12188,4
12188,18
12188,20
12189,1
12189,9
12190,1
12190,6
12190,20
12191,1
12191,18
12191,19
12192,1
12192,4
12192,6
12192,18
12192,19
12193,20
12194,1
12194,6
12195,1
12195,18
12196,1
12196,16
12196,18
12197,1
12197,20
12198,18
12199,1
12199,6
12199,14
12199,18
12199,20
12200,1
12200,4
12200,18
12201,1
12201,9
12201,20
12203,1
12203,9
12205,4
12205,18
12205,20
12206,1
12206,20
12207,1
12207,9
12207,18
12207,19
12208,1
12208,6
12208,14
12208,18
12208,19
12208,20
12209,1
12209,4
12209,18
12209,20
12210,1
12210,18
12210,20
12211,1
12211,14
12211,18
12211,19
12211,20
12212,1
12212,6
12212,9
12213,1
12213,4
12213,18
12213,20
12214,1
12214,14
12214,18
12214,19
12214,20
12215,1
12215,20
12216,1
12216,14
12216,20
12217,1
12217,18
12217,20
12218,1
12218,6
12218,14
12218,18
12218,20
12219,1
12219,4
12219,14
12219,18
12219,19
12219,20
12220,1
12220,14
12220,20
12221,4
12221,14
12221,18
12221,20
12222,1
12222,18
12222,19
12223,1
12223,6
12223,9
12223,18
12223,19
12225,1
12225,15
12225,18
12225,20
12226,1
12228,1
12228,20
12229,1
12229,19
12229,20
12230,1
12230,4
12230,16
12230,18
12230,20
12231,1
12231,6
12231,9
12231,20
12232,1
12232,6
12232,20
12233,20
12234,4
12234,18
12234,19
12234,20
12235,1
12235,16
12235,18
12235,19
12235,20
12236,1
12236,20
12237,14
12237,20
12238,1
12238,20
12239,1
12239,18
12239,20
12240,1
12240,4
12240,18
12240,19
12240,20
12241,1
12241,9
12241,16
12241,20
12243,1
12243,14
12243,20
12244,1
12244,14
12244,20
12245,1
12245,6
12245,12
12245,13
12245,18
12245,19
12245,20
12246,18
12246,20
12247,18
12247,20
12248,1
12248,4
12248,18
12248,19
12248,20
12249,1
12249,18
12249,20
12250,1
12250,4
12250,20
12251,1
12251,6
12251,12
12251,13
12251,14
12251,18
12251,19
12251,20
12252,15
12252,18
12252,19
12252,20
12253,1
12253,14
12253,18
12254,1
12255,1
12255,7
12255,9
12256,1
12256,20
12257,1
12257,18
12258,1
12258,16
12258,18
12258,20
12259,1
12259,4
12259,6
12259,18
12260,1
12260,4
12260,18
12260,19
12260,20
12261,1
12261,18
12263,1
12263,6
12263,9
12264,1
12264,4
12264,14
12264,18
12264,20
12266,1
12266,6
12266,9
12266,20
12267,10
12268,1
12268,9
12269,1
12271,6
12272,1
12272,20
12273,1
12273,18
12273,20
12274,4
12274,18
12274,20
12275,1
12275,13
12275,19
12275,20
12276,1
12276,4
12276,18
12276,20
12277,1
12277,4
12277,6
12277,18
12277,20
12278,1
12278,19
12279,1
12279,20
12280,1
12280,9
12280,15
12281,4
12281,16
12281,18
12281,20
12282,1
12282,4
12282,19
12282,20
12283,1
12283,14
12283,18
12283,20
12284,1
12284,18
12285,1
12285,4
12285,20
12286,1
12286,14
12286,20
12287,1
12287,18
12288,1
12288,6
12288,9
12288,18
12288,19
12289,1
12290,1
12291,20
12293,1
12293,9
12293,16
12293,20
12294,1
12294,16
12294,18
12294,20
12295,1
12295,6
12295,20
12296,1
12297,20
12298,1
12298,6
12298,14
12298,16
12298,19
12298,20
12299,1
12299,6
12299,18
12299,20
12300,1
12301,1
12301,9
12302,1
12302,18
12302,20
12303,1
12303,14
12304,1
12304,9
12304,20
12305,1
12305,14
12305,20
12306,1
12306,18
12307,1
12307,14
12307,19
12307,20
12308,1
12308,18
12308,20
12309,1
12309,6
12309,9
12309,15
12309,20
12310,1
12310,20
12311,20
12312,1
12312,18
12312,19
12313,1
12313,19
12313,20
12314,1
12314,6
12314,18
12314,20
12315,4
12315,18
12316,20
12317,1
12317,9
12317,14
12317,16
12317,19
12318,1
12318,19
12318,20
12320,1
12320,13
12320,18
12321,1
12321,14
12321,18
12321,20
12322,1
12322,12
12322,18
12322,20
12323,1
12323,19
12324,1
12324,4
12324,18
12324,19
12324,20
12325,1
12325,6
12326,1
12326,4
12326,20
12327,4
12327,18
12327,20
12328,1
12328,18
12329,1
12329,6
12330,1
12330,6
12330,9
12330,18
12330,19
12330,20
12331,14
12331,20
12332,1
12332,16
12333,1
12333,18
12333,20
12334,1
12334,9
12334,14
12335,6
12335,16
12337,1
12337,9
12337,14
12338,1
12338,18
12339,1
12339,9
12340,18
12340,20
12341,1
12341,18
12341,20
12342,1
12342,6
12342,13
12342,19
12343,1
12343,6
12343,18
12343,20
12344,1
12344,9
12344,18
12344,19
12344,20
12345,1
12345,13
12345,18
12345,19
12345,20
12346,1
12346,15
12346,20
12347,1
12347,18
12347,19
12347,20
12348,1
12348,4
12348,13
12348,15
12348,18
12348,19
12349,1
12349,6
12349,18
12349,19
12349,20
12350,1
12350,4
12350,13
12350,18
12350,19
12350,20
12351,1
12351,9
12351,18
12351,19
12351,20
12352,1
12352,4
12352,6
12352,9
12352,18
12352,19
12352,20
12353,1
12353,18
12353,19
12353,20
12354,1
12354,13
12354,16
12354,18
12354,20
12355,1
12356,1
12356,19
12356,20
12357,1
12357,13
12357,18
12358,1
12358,6
12358,12
12358,13
12358,18
12358,19
12358,20
12359,1
12359,10
12359,16
12360,1
12360,9
12360,19
12361,1
12361,18
12361,19
12362,1
12362,14
12363,1
12363,9
12363,15
12363,18
12364,1
12364,4
12364,15
12364,18
12364,19
12365,1
12365,14
12365,18
12365,20
12366,1
12366,13
12366,18
12366,19
12366,20
12367,1
12367,18
12367,19
12368,1
12368,9
12368,14
12368,18
12368,19
12368,20
12369,1
12369,6
12370,1
12370,9
12370,13
12370,14
12370,15
12370,18
12370,19
12370,20
12371,1
12371,13
12371,18
12372,1
12372,4
12372,20
12373,1
12373,14
12373,19
12373,20
12374,1
12374,16
12374,19
12375,1
12375,9
12375,18
12375,19
12375,20
12376,1
12376,4
12376,10
12376,15
12376,19
12376,20
12377,1
12377,4
12377,18
12377,19
12378,1
12378,20
12379,1
12379,9
12379,18
12379,19
12379,20
12380,1
12380,13
12380,18
12380,19
12380,20
12381,1
12381,6
12381,18
12381,19
12381,20
12382,1
12382,4
12382,10
12382,18
12382,19
12383,1
12383,6
12383,19
12383,20
12384,1
12384,4
12384,14
12384,15
12384,19
12385,1
12385,4
12385,13
12385,18
12385,19
12386,1
12386,6
12386,13
12386,18
12386,19
12386,20
12387,1
12387,18
12387,20
12388,1
12388,18
12388,20
12389,1
12389,9
12389,14
12389,18
12389,20
12390,1
12390,13
12390,14
12390,16
12390,19
12390,20
12391,1
12391,18
12392,1
12392,6
12392,14
12392,15
12392,16
12392,19
12392,20
12393,1
12393,6
12393,13
12393,14
12393,15
12393,18
12393,20
12394,1
12394,13
12394,18
12395,1
12395,9
12396,1
12396,6
12396,12
12396,16
12396,18
12396,19
12396,20
12397,1
12397,18
12398,1
12398,13
12398,18
12398,19
12398,20
12399,1
12399,13
12399,18
12400,1
12400,9
12400,14
12400,15
12400,18
12400,19
12400,20
12401,1
12401,6
12401,13
12401,18
12401,19
12401,20
12402,1
12402,18
12403,1
12403,18
12403,19
12403,20
12404,1
12405,1
12405,4
12405,9
12405,16
12405,18
12405,19
12406,1
12406,10
12406,14
12406,18
12406,19
12407,1
12407,6
12407,18
12409,1
12410,1
12410,16
12410,18
12411,6
12411,18
12411,20
12413,1
12414,1
12414,18
12414,20
12416,18
12416,20
12417,1
12417,18
12417,20
12418,18
12419,18
12420,18
12420,20
12421,13
12421,18
12421,20
12422,1
12422,6
12422,20
12423,1
12423,9
12423,14
12423,18
12424,7
12425,1
12425,20
12426,6
12427,7
12428,1
12428,19
12429,1
12429,13
12429,18
12430,1
12431,1
12431,6
12431,9
12431,18
12431,19
12432,1
12432,6
12432,18
12433,1
12434,1
12434,16
12435,7
12436,1
12436,6
12436,9
12436,14
12436,19
12437,14
12437,18
12438,1
12439,1
12439,6
12440,16
12440,18
12441,1
12441,14
12441,20
12442,7
12443,7
12444,7
12445,1
12446,7
12447,7
12448,1
12448,6
12448,14
12448,18
12449,18
12449,19
12450,7
12451,1
12451,6
12452,1
12452,6
12452,20
12453,1
12453,6
12453,19
12454,7
12455,1
12455,6
12457,6
12457,18
12458,7
12459,1
12459,6
12459,9
12459,18
12460,18
12461,1
12461,6
12461,9
12461,14
12462,1
12462,6
12463,6
12463,7
12463,19
12464,1
12464,4
12464,6
12464,9
12464,16
12464,20
12465,1
12467,7
12468,1
12469,1
12469,6
12469,18
12470,6
12470,18
12471,7
12472,1
12472,6
12472,9
12472,19
12473,16
12473,19
12474,1
12474,6
12475,7
12476,9
12477,1
12477,18
12478,1
12478,6
12479,7
12479,19
12480,1
12480,6
12480,9
12480,20
12481,1
12481,19
12482,1
12482,6
12482,9
12482,13
12482,14
12484,1
12484,9
12484,14
12485,1
12485,6
12485,20
12486,1
12486,6
12486,7
12487,6
12487,9
12487,16
12487,18
12487,19
12488,6
12488,14
12488,18
12489,7
12490,1
12490,6
12490,9
12490,14
12490,19
12491,1
12491,6
12491,19
12492,1
12492,6
12492,9
12492,15
12492,19
12492,20
12493,7
12494,13
12495,1
12495,6
12495,16
12495,18
12496,1
12496,20
12497,1
12497,6
12497,19
12498,6
12498,19
12500,1
12500,6
12501,1
12501,6
12501,18
12501,19
12502,1
12502,16
12503,1
12504,1
12504,6
12504,9
12505,7
12506,7
12507,1
12507,6
12507,14
12507,20
12508,1
12509,1
12509,18
12510,1
12510,12
12510,16
12510,18
12511,1
12511,6
12512,7
12513,7
12514,1
12514,7
12515,7
12516,1
12517,6
12517,18
12518,1
12518,6
12518,18
12519,1
12519,6
12519,9
12520,1
12520,13
12520,19
12521,1
12521,6
12522,1
12522,18
12522,20
12523,1
12523,6
12523,12
12523,14
12523,18
12524,1
12524,6
12524,14
12524,20
12525,1
12525,12
12525,13
12525,18
12526,1
12527,1
12527,14
12527,18
12527,20
12528,1
12528,18
12528,20
12529,1
12529,20
12530,1
12531,13
12531,18
12532,18
12533,13
12533,18
12534,9
12534,16
12534,18
12535,1
12535,18
12536,1
12536,6
12536,18
12537,1
12537,13
12537,18
12538,18
12539,1
12539,18
12540,1
12540,6
12540,12
12540,20
12541,1
12541,13
12541,18
12541,20
12542,1
12542,6
12542,18
12543,1
12543,13
12543,18
12544,6
12544,18
12545,6
12545,12
12545,14
12545,18
12546,18
12547,1
12547,6
12547,18
12549,1
12549,18
12549,20
12551,18
12552,1
12552,6
12553,1
12553,6
12553,13
12553,20
12554,1
12554,18
12554,20
12555,18
12556,1
12556,18
12557,1
12557,16
12558,1
12558,18
12558,20
12559,1
12559,6
12559,12
12559,13
12559,18
12560,1
12560,12
12560,13
12560,18
12561,1
12561,6
12561,18
12562,1
12562,13
12562,18
12563,1
12563,18
12564,1
12564,18
12565,1
12565,12
12566,1
12566,6
12566,12
12566,18
12567,1
12568,1
12568,13
12568,18
12569,1
12569,18
12569,20
12570,1
12570,12
12570,13
12570,14
12571,1
12571,13
12571,18
12571,20
12573,1
12573,18
12574,1
12574,18
12574,20
12575,1
12575,6
12575,12
12575,13
12575,18
12576,1
12576,18
12577,1
12577,6
12577,10
12577,13
12577,18
12578,1
12578,6
12578,13
12578,18
12579,1
12579,18
12580,1
12580,18
12581,18
12582,13
12582,18
12583,18
12584,1
12584,18
12585,16
12585,18
12586,1
12586,6
12586,14
12586,18
12586,20
12587,1
12587,18
12588,1
12588,6
12588,18
12589,1
12589,18
12590,1
12590,6
12590,13
12590,18
12591,18
12592,6
12592,12
12592,13
12592,18
12593,1
12593,6
12593,18
12593,20
12594,1
12594,14
12594,18
12595,1
12595,9
12595,18
12595,20
12596,12
12596,13
12596,18
12597,16
12598,1
12598,9
12598,20
12599,1
12599,18
12600,6
12600,12
12600,14
12601,18
12602,6
12602,12
12602,13
12602,18
12604,18
12605,1
12605,6
12605,12
12607,1
12607,16
12607,19
12607,20
12608,9
12608,18
12609,1
12609,18
12610,7
12611,1
12611,4
12611,9
12611,18
12612,7
12613,1
12613,16
12614,1
12614,6
12614,13
12614,14
12614,16
12614,18
12614,20
12615,7
12616,1
12616,6
12616,14
12616,18
12616,19
12618,7
12619,7
12620,1
12620,6
12621,1
12621,6
12621,9
12622,7
12624,1
12624,14
12624,16
12624,20
12625,1
12625,9
12626,1
12626,6
12626,9
12627,1
12627,6
12627,9
12627,14
12627,15
12627,18
12628,7
12629,7
12630,1
12630,4
12630,6
12630,9
12630,14
12630,16
12630,19
12630,20
12635,7
12636,10
12641,7
12648,1
12648,6
12648,14
12648,16
12648,18
12648,19
12648,20
12649,1
12649,6
12649,16
12649,20
12651,1
12651,9
12651,16
12652,7
12654,1
12654,9
12655,1
12655,9
12655,19
12657,7
12658,1
12658,4
12658,6
12658,16
12658,18
12658,20
12659,1
12659,18
12660,1
12660,6
12660,16
12660,18
12660,20
12661,1
12661,6
12661,9
12661,14
12661,20
12662,1
12663,1
12663,6
12666,1
12666,6
12666,9
12666,14
12666,18
12666,19
12666,20
12667,1
12667,6
12667,16
12667,19
12668,1
12669,1
12669,20
12672,1
12672,9
12672,20
12673,1
12673,6
12673,12
12673,18
12673,19
12673,20
12674,7
12675,1
12675,6
12675,9
12676,6
12677,1
12677,6
12677,20
12678,7
12679,7
12680,7
12681,1
12681,6
12682,7
12684,1
12684,6
12684,16
12684,19
12684,20
12686,7
12689,7
12692,1
12692,6
12692,9
12692,16
12692,20
12693,1
12693,9
12693,18
12693,20
12694,1
12694,6
12694,14
12695,1
12695,6
12695,16
12695,18
12695,20
12696,1
12696,4
12696,6
12696,18
12696,20
12697,1
12697,6
12697,20
12698,1
12698,9
12698,20
12699,1
12699,6
12699,9
12699,14
12699,16
12699,18
12704,1
12704,9
12704,15
12707,1
12707,14
12707,16
12707,19
12707,20
12708,1
12708,9
12708,14
12709,7
12712,7
12713,7
12714,1
12714,6
12714,14
12714,16
12714,19
12714,20
12715,1
12715,6
12716,7
12717,1
12717,6
12717,18
12717,20
12720,1
12720,6
12720,16
12720,19
12720,20
12721,7
12722,7
12723,1
12723,6
12723,9
12723,20
12724,1
12724,6
12724,9
12724,14
12724,15
12724,19
12724,20
12725,1
12725,9
12727,1
12727,6
12727,9
12727,13
12727,14
12727,16
12727,18
12727,19
12727,20
12730,1
12730,6
12730,16
12730,19
12730,20
12731,1
12731,6
12731,7
12731,9
12732,1
12732,9
12732,16
12732,20
12733,1
12734,1
12734,6
12734,20
12735,1
12735,9
12735,16
12736,1
12736,6
12736,19
12736,20
12737,1
12737,6
12737,16
12738,1
12738,6
12738,16
12738,20
12745,20
12746,1
12747,1
12747,14
12747,18
12747,19
12748,1
12749,1
12749,6
12749,20
12750,1
12750,6
12750,9
12750,20
12751,7
12752,1
12752,4
12752,6
12752,14
12753,1
12753,9
12753,20
12754,1
12754,6
12754,16
12754,19
12754,20
12755,1
12755,9
12755,16
12755,20
12756,7
12757,7
12759,7
12760,1
12760,14
12760,19
12761,1
12763,1
12763,14
12764,20
12765,1
12766,1
12766,16
12766,18
12766,20
12767,1
12767,18
12768,1
12768,14
12769,1
12769,18
12770,1
12770,6
12770,18
12771,18
12772,1
12772,14
12772,16
12772,18
12773,1
12774,18
12775,1
12775,6
12776,1
12776,16
12777,14
12777,18
12778,1
12778,16
12778,18
12779,1
12779,18
12779,20
12780,1
12780,6
12780,20
12781,1
12781,16
12781,18
12782,1
12782,18
12782,20
12783,1
12783,18
12784,1
12784,9
12784,15
12785,1
12785,6
12785,12
12785,18
12785,20
12786,1
12786,18
12787,1
12787,6
12787,14
12787,18
12788,1
12788,18
12788,20
12789,1
12789,20
12790,9
12790,18
12791,1
12792,18
12793,1
12793,18
12794,18
12795,1
12795,14
12795,20
12796,1
12797,1
12797,18
12797,20
12798,1
12800,1
12801,1
12801,6
12801,9
12801,18
12801,20
12802,1
12803,1
12803,18
12804,1
12805,18
12806,1
12806,18
12808,1
12809,1
12809,18
12810,1
12811,1
12812,1
12813,1
12813,9
12813,14
12814,1
12815,6
12815,12
12815,18
12816,1
12816,13
12816,18
12816,20
12817,1
12817,6
12817,12
12817,18
12818,1
12818,6
12818,12
12818,18
12819,6
12820,13
12820,16
12820,18
12820,20
12821,6
12821,13
12821,18
12821,20
12822,1
12823,1
12823,18
12824,1
12825,18
12826,6
12828,1
12828,18
12829,16
12830,1
12830,18
12830,20
12831,6
12831,18
12832,1
12832,18
12833,6
12833,18
12833,20
12834,1
12834,18
12835,18
12836,1
12836,6
12837,18
12837,20
12838,16
12839,1
12840,6
12840,18
12840,20
12841,1
12841,6
12841,12
12841,18
12841,20
12842,1
12842,6
12842,13
12842,14
12842,18
12842,20
12843,1
12843,6
12843,14
12843,18
12844,1
12844,18
12845,14
12846,1
12846,6
12846,18
12847,6
12847,20
12848,14
12848,18
12849,1
12849,6
12849,13
12849,18
12850,1
12850,6
12850,18
12851,6
12851,18
12852,1
12852,18
12852,20
12853,1
12853,12
12853,18
12854,1
12854,6
12854,18
12855,1
12856,1
12856,6
12856,12
12856,14
12856,18
12857,18
12858,1
12858,18
12859,1
12859,18
12860,6
12860,14
12860,20
12861,1
12861,6
12861,13
12861,18
12861,20
12862,1
12862,18
12863,1
12863,18
12864,18
12866,18
12867,1
12867,18
12868,1
12868,6
12868,12
12868,20
12869,1
12870,1
12870,14
12871,1
12871,14
12871,18
12871,20
12873,6
12873,18
12874,20
12875,1
12875,14
12875,18
12875,20
12877,1
12877,18
12878,1
12878,14
12878,18
12879,1
12880,12
12880,18
12881,1
12881,18
12883,6
12883,18
12883,20
12884,20
12885,1
12885,18
12885,20
12886,16
12887,18
12889,18
12891,1
12891,18
12891,20
12893,1
12893,14
12894,1
12894,6
12894,9
12895,1
12895,6
12895,18
12896,1
12897,1
12897,6
12897,14
12898,1
12898,6
12899,1
12899,7
12900,1
12900,6
12900,13
12900,20
12901,1
12901,6
12901,20
12902,1
12903,1
12903,6
12903,13
12903,14
12903,20
12904,1
12904,6
12904,16
12905,1
12905,6
12905,11
12906,1
12906,6
12906,11
12906,18
12907,1
12908,1
12908,6
12908,11
12909,1
12909,6
12909,11
12909,20
12910,1
12910,6
12910,11
12910,20
12911,1
12911,6
12911,19
12911,20
12912,1
12912,18
12913,1
12913,6
12913,18
12914,1
12914,6
12914,13
12914,16
12914,20
12915,1
12915,6
12915,11
12916,1
12916,6
12917,1
12917,6
12917,11
12918,7
12919,1
12919,6
12919,20
12920,1
12920,6
12921,1
12921,6
12922,6
12922,18
12922,19
12922,20
12923,1
12923,6
12923,12
12924,1
12924,6
12925,1
12925,6
12925,13
12925,14
12925,18
12925,20
12926,1
12926,6
12926,13
12926,19
12926,20
12927,1
12927,6
12927,9
12927,20
12928,1
12928,6
12929,1
12929,6
12929,18
12930,1
12930,6
12930,9
12930,13
12930,18
12930,19
12930,20
12931,1
12931,6
12931,16
12931,18
12931,20
12932,1
12932,6
12932,13
12932,20
12933,1
12933,6
12933,9
12934,1
12934,6
12934,18
12934,19
12934,20
12935,1
12935,6
12935,13
12935,16
12935,19
12935,20
12936,1
12936,6
12936,18
12937,7
12938,16
12939,1
12940,1
12941,6
12941,18
12941,20
12942,9
12943,1
12943,20
12945,1
12946,6
12946,18
12947,18
12948,14
12948,18
12949,6
12949,18
12950,1
12950,6
12950,18
12951,6
12951,18
12952,1
12952,19
12953,1
12953,9
12954,1
12954,9
12954,19
12955,1
12955,9
12955,19
12956,1
12956,9
12956,15
12957,1
12957,9
12957,19
12958,1
12958,9
12958,15
12958,19
12959,1
12959,9
12960,1
12960,13
12960,20
12961,1
12961,14
12961,20
12962,1
12962,13
12962,16
12962,20
12963,1
12963,20
12964,9
12964,14
12966,6
12966,12
12966,13
12966,18
12967,1
12967,15
12967,16
12967,18
12967,20
12969,9
12969,20
12970,1
12971,1
12971,18
12971,20
12972,1
12972,18
12973,1
12973,16
12973,18
12973,20
12975,1
12975,14
12975,18
12975,20
12976,1
12976,14
12976,18
12978,13
12979,1
12979,14
12980,1
12980,18
12981,13
12981,14
12981,18
12982,14
12983,1
12984,9
12984,14
12985,16
12987,18
12988,6
12988,9
12988,14
12988,18
12989,16
12990,1
12990,14
12990,16
12991,9
12991,14
12991,18
12992,1
12994,1
12994,20
12996,14
12997,1
12997,20
12999,1
12999,20
13001,1
13001,18
13002,1
13002,13
13002,18
13002,20
13003,1
13003,16
13003,18
13004,16
13005,18
13006,1
13006,18
13006,20
13007,1
13007,18
13008,14
13009,18
13010,1
13010,16
13010,20
13011,14
13012,1
13012,14
13013,1
13013,14
13014,1
13015,1
13015,18
13016,14
13016,18
13017,6
13017,13
13017,14
13017,18
13017,20
13018,1
13018,6
13019,6
13019,12
13019,16
13019,18
13019,20
13021,9
13022,18
13023,1
13023,9
13023,16
13023,20
13024,1
13024,14
13024,18
13024,20
13025,1
13025,20
13026,1
13026,10
13026,20
13027,14
13027,20
13028,6
13028,12
13028,14
13029,1
13029,9
13029,20
13030,1
13031,1
13031,20
13032,12
13032,18
13033,13
13033,18
13033,20
13034,14
13034,18
13035,6
13035,13
13035,14
13035,18
13036,18
13037,1
13037,16
13038,1
13038,9
13038,16
13038,18
13040,1
13040,9
13040,20
13041,15
13042,1
13042,9
13042,18
13044,4
13045,1
13045,18
13046,18
13047,1
13047,9
13047,20
13048,1
13048,16
13048,18
13048,20
13049,1
13049,9
13051,1
13051,16
13052,1
13052,14
13053,1
13053,13
13053,14
13053,18
13053,20
13054,1
13054,4
13054,9
13054,14
13054,18
13055,1
13056,6
13056,16
13056,20
13057,1
13058,1
13058,15
13058,20
13059,18
13060,6
13060,12
13060,14
13061,1
13061,18
13061,20
13062,1
13062,13
13062,14
13062,18
13063,1
13063,16
13063,18
13063,20
13064,14
13065,1
13066,6
13066,13
13066,18
13068,1
13069,14
13069,16
13070,1
13071,16
13072,14
13073,9
13074,9
13074,18
13075,14
13075,18
13077,1
13077,9
13078,12
13078,18
13079,1
13079,18
13080,1
13080,9
13081,1
13082,1
13082,13
13082,18
13082,20
13083,9
13085,9
13085,16
13086,1
13086,9
13086,18
13087,14
13087,18
13088,9
13088,15
13091,9
13092,16
13094,9
13094,14
13094,20
13095,1
13095,13
13095,20
13096,16
13096,18
13097,1
13097,18
13098,1
13098,6
13098,12
13098,13
13098,18
13098,20
13099,1
13099,18
13099,20
13102,18
13102,20
13103,12
13103,14
13103,16
13103,18
13104,1
13105,1
13105,4
13105,9
13105,13
13105,14
13105,18
13105,20
13106,1
13106,16
13106,18
13106,20
13107,18
13107,20
13108,1
13108,18
13109,1
13109,14
13110,6
13110,10
13110,12
13111,12
13111,18
13112,6
13112,12
13112,13
13112,19
13113,1
13113,6
13113,12
13114,1
13114,13
13115,6
13115,18
13116,1
13116,18
13117,1
13117,18
13118,4
13118,18
13118,20
13119,1
13119,18
13120,1
13120,6
13120,10
13120,13
13120,18
13120,20
13121,1
13121,18
13122,1
13122,6
13122,12
13122,18
13123,6
13123,12
13123,18
13124,1
13124,9
13124,18
13124,20
13125,1
13125,5
13125,9
13125,19
13126,1
13126,18
13127,1
13127,18
13127,20
13128,1
13129,1
13129,18
13129,20
13130,1
13131,1
13131,19
13131,20
13132,1
13132,9
13132,15
13132,19
13133,1
13133,19
13133,20
13134,1
13134,19
13134,20
13135,1
13135,18
13135,20
13136,1
13136,18
13136,19
13136,20
13137,1
13137,18
13138,1
13139,1
13140,1
13140,6
13140,13
13140,16
13141,1
13141,6
13141,13
13141,19
13142,1
13142,14
13142,18
13142,19
13143,1
13144,1
13144,14
13144,19
13145,1
13145,14
13145,19
13145,20
13146,1
13146,18
13146,19
13146,20
13147,1
13147,13
13147,14
13147,18
13147,19
13148,1
13148,18
13149,9
13150,1
13150,18
13151,1
13151,18
13151,19
13152,1
13152,9
13152,15
13152,19
13153,1
13153,18
13153,19
13154,1
13154,20
13155,1
13155,19
13156,1
13156,16
13157,12
13157,18
13157,19
13158,1
13158,18
13159,1
13159,18
13160,18
13161,1
13161,18
13162,1
13162,16
13162,19
13163,1
13163,18
13164,1
13164,18
13164,19
13165,1
13165,9
13165,18
13165,20
13166,1
13166,13
13166,18
13166,20
13167,1
13167,13
13167,14
13167,18
13167,19
13167,20
13168,1
13168,20
13169,1
13169,19
13169,20
13170,1
13170,19
13170,20
13171,1
13171,20
13172,1
13172,19
13172,20
13173,1
13173,19
13174,1
13174,19
13175,1
13175,14
13175,18
13175,20
13176,1
13176,14
13176,19
13176,20
13177,1
13177,14
13177,18
13177,19
13178,1
13179,1
13179,15
13179,19
13180,1
13180,6
13180,18
13180,19
13181,1
13182,1
13182,18
13182,19
13183,1
13183,18
13184,1
13184,9
13184,19
13184,20
13185,1
13185,9
13185,14
13185,19
13185,20
13186,1
13186,18
13187,1
13187,14
13188,1
13188,15
13189,1
13189,14
13189,19
13189,20
13190,18
13191,1
13191,9
13191,18
13192,1
13192,19
13193,1
13193,19
13194,1
13194,15
13194,19
13195,1
13195,13
13195,20
13196,1
13196,15
13196,18
13196,20
13197,1
13197,18
13197,20
13198,1
13198,18
13198,19
13198,20
13199,1
13199,4
13199,19
13200,1
13200,14
13200,19
13200,20
13201,1
13201,14
13201,19
13201,20
13202,1
13202,9
13202,18
13203,1
13203,9
13204,1
13204,18
13204,20
13207,18
13207,20
13209,1
13211,6
13211,10
13211,12
13211,13
13211,18
13212,6
13212,12
13212,18
13213,1
13213,18
13213,20
13214,1
13216,1
13220,18
13221,1
13222,9
13222,18
13223,18
13225,1
13226,1
13226,18
13230,12
13230,18
13231,1
13231,18
13232,1
13233,9
13235,1
13235,18
13237,4
13238,4
13238,9
13238,18
13240,13
13241,4
13243,1
13243,6
13244,18
13246,10
13247,9
13247,18
13248,18
13249,18
13250,9
13250,18
13253,1
13253,6
13253,13
13253,20
13254,9
13258,1
13259,14
13260,13
13260,14
13267,6
13267,18
13268,1
13268,13
13268,14
13268,19
13269,6
13269,18
13270,18
13271,18
13272,14
13273,1
13273,6
13275,1
13275,18
13276,1
13276,6
13276,16
13276,18
13279,14
13280,18
13285,18
13286,18
13288,6
13288,13
13288,18
13289,1
13289,9
13290,18
13291,6
13291,18
13293,1
13293,13
13293,18
13295,14
13298,6
13298,9
13298,18
13299,6
13299,18
13300,6
13300,18
13301,13
13301,18
13302,6
13302,18
13303,1
13303,6
13303,18
13304,1
13304,6
13304,12
13304,14
13304,18
13304,20
13307,1
13307,18
13307,19
13308,6
13311,18
13313,14
13313,18
13314,1
13314,9
13315,1
13315,6
13316,1
13316,9
13316,17
13317,1
13317,9
13318,1
13318,9
13319,1
13319,17
13320,1
13321,1
13321,9
13321,17
13322,1
13322,6
13322,13
13323,1
13323,6
13323,10
13323,16
13323,17
13324,1
13324,9
13325,1
13326,1
13326,6
13326,13
13326,17
13327,1
13327,6
13328,1
13328,6
13328,7
13328,9
13329,1
13329,9
13330,1
13330,9
13331,6
13331,7
13331,16
13332,1
13332,6
13332,9
13333,1
13333,6
13334,1
13334,9
13335,1
13335,6
13335,17
13336,1
13336,6
13337,1
13337,8
13337,9
13338,1
13338,6
13338,9
13339,1
13339,9
13340,1
13340,6
13340,17
13341,1
13341,9
13341,17
13342,1
13342,9
13343,1
13343,6
13343,9
13343,15
13344,1
13344,7
13344,15
13344,17
13345,1
13345,6
13345,9
13346,1
13346,6
13347,1
13347,9
13347,14
13348,1
13348,9
13349,1
13349,14
13350,1
13350,9
13351,1
13351,9
13352,1
13352,6
13352,7
13352,9
13352,17
13353,1
13353,6
13354,1
13354,9
13355,1
13355,9
13356,1
13356,6
13356,16
13357,1
13357,9
13358,1
13358,6
13358,16
13359,1
13359,6
13359,11
13359,19
13360,7
13361,1
13361,6
13361,14
13361,20
13362,6
13362,13
13362,20
13364,1
13364,6
13364,18
13364,20
13365,7
13366,7
13367,1
13367,6
13367,20
13368,10
13369,1
13369,6
13369,13
13369,18
13369,20
13370,1
13370,6
13370,13
13370,20
13371,1
13371,6
13372,6
13372,18
13373,1
13374,16
13375,1
13375,6
13375,12
13375,14
13375,19
13376,1
13376,6
13376,20
13377,1
13377,6
13377,13
13377,20
13378,7
13380,1
13380,6
13381,1
13381,6
13381,13
13381,18
13382,7
13383,1
13383,6
13383,13
13383,14
13383,19
13384,1
13384,6
13385,6
13385,7
13385,18
13386,1
13386,11
13387,1
13387,7
13388,6
13388,7
13388,20
13389,1
13389,6
13389,9
13389,18
13390,1
13390,6
13390,13
13390,18
13391,6
13392,6
13393,7
13394,6
13394,10
13395,7
13396,1
13396,14
13396,20
13397,1
13397,6
13397,13
13397,16
13397,20
13398,1
13399,14
13400,1
13400,9
13400,20
13401,1
13401,9
13402,9
13402,16
13403,1
13403,20
13404,1
13405,1
13405,18
13405,20
13406,1
13406,16
13406,18
13406,19
13407,1
13407,14
13407,18
13407,19
13408,1
13408,6
13408,18
13408,20
13409,1
13409,6
13409,18
13409,19
13410,1
13411,1
13411,6
13411,9
13411,20
13412,1
13412,9
13413,1
13413,19
13413,20
13414,1
13414,18
13414,20
13415,1
13416,1
13416,6
13416,14
13416,20
13417,20
13418,1
13419,1
13419,6
13419,9
13420,1
13420,6
13420,20
13421,1
13421,9
13422,1
13423,16
13423,18
13424,1
13424,18
13425,1
13426,1
13426,4
13426,14
13426,16
13426,18
13426,19
13426,20
13427,1
13427,4
13427,6
13428,1
13429,1
13429,18
13430,1
13431,1
13431,6
13431,18
13432,1
13432,14
13432,18
13432,19
13433,1
13434,1
13434,4
13434,6
13434,18
13434,19
13434,20
13435,1
13435,6
13436,1
13436,18
13437,1
13437,18
13437,19
13438,1
13438,18
13438,20
13439,1
13439,9
13439,19
13440,1
13441,1
13441,6
13441,13
13441,19
13442,1
13442,10
13442,20
13443,1
13443,20
13444,1
13444,10
13444,16
13444,18
13444,19
13445,1
13445,6
13446,1
13446,6
13446,18
13446,20
13447,1
13447,6
13447,9
13447,20
13448,1
13448,13
13448,18
13448,19
13449,1
13449,18
13449,19
13450,1
13450,6
13451,1
13451,6
13451,19
13452,1
13452,6
13452,20
13454,1
13454,18
13455,1
13456,4
13456,9
13456,18
13457,1
13457,18
13457,19
13458,1
13458,6
13458,19
13458,20
13459,1
13459,20
13460,1
13460,6
13461,1
13461,19
13462,1
13462,6
13462,19
13462,20
13463,1
13463,18
13463,19
13464,1
13464,10
13464,18
13465,1
13465,6
13465,19
13465,20
13466,1
13466,19
13466,20
13467,6
13467,14
13467,19
13467,20
13468,1
13468,6
13468,20
13469,6
13469,19
13469,20
13470,1
13470,6
13470,20
13471,1
13471,20
13472,1
13474,1
13474,6
13475,1
13475,6
13475,9
13476,1
13476,6
13476,19
13477,1
13477,6
13477,9
13478,1
13478,4
13478,6
13478,18
13479,1
13479,18
13480,6
13480,18
13481,1
13482,1
13482,6
13483,1
13483,18
13484,1
13485,1
13485,18
13486,1
13487,1
13487,9
13487,18
13488,16
13489,9
13489,18
13490,1
13490,18
13491,1
13491,6
13491,12
13491,18
13491,20
13492,18
13493,6
13493,18
13494,1
13494,6
13494,14
13494,18
13495,1
13495,9
13496,1
13496,9
13497,1
13497,9
13498,1
13498,9
13499,1
13499,7
13500,1
13500,9
13501,1
13501,9
13502,1
13503,1
13503,8
13503,9
13504,1
13504,18
13504,20
13505,1
13505,20
13506,1
13506,9
13507,1
13507,9
13508,1
13508,9
13509,1
13509,9
13510,1
13510,7
13510,9
13511,1
13511,7
13511,9
13512,1
13512,9
13513,1
13513,7
13513,9
13514,1
13514,9
13515,1
13515,9
13516,1
13516,17
13517,1
13517,9
13518,1
13518,9
13519,1
13520,1
13520,9
13521,7
13521,9
13522,1
13522,9
13523,1
13523,9
13524,1
13524,6
13524,9
13524,14
13524,15
13524,20
13525,1
13525,7
13526,1
13526,9
13527,1
13527,9
13528,1
13528,9
13529,1
13529,9
13530,1
13530,9
13531,1
13531,9
13532,1
13532,9
13533,1
13533,9
13534,1
13535,1
13535,9
13535,14
13536,1
13536,9
13537,1
13537,9
13538,1
13538,7
13538,9
13539,1
13539,9
13540,1
13540,9
13541,1
13541,9
13542,1
13542,9
13543,1
13543,9
13544,1
13544,9
13545,1
13545,9
13546,1
13546,7
13546,9
13546,15
13547,1
13547,9
13548,1
13548,9
13549,1
13549,6
13549,18
13550,1
13550,9
13551,1
13551,9
13552,1
13552,7
13552,9
13553,1
13553,7
13553,9
13554,1
13554,9
13555,1
13555,9
13556,1
13556,9
13557,1
13557,9
13558,1
13558,9
13558,15
13559,1
13559,9
13560,1
13560,7
13560,9
13561,1
13561,9
13561,17
13562,1
13562,7
13562,9
13563,1
13564,1
13564,9
13565,1
13565,9
13566,1
13566,8
13566,9
13567,1
13567,9
13568,1
13569,1
13569,9
13570,1
13570,9
13571,1
13571,9
13572,1
13572,9
13572,17
13573,1
13573,9
13574,1
13574,9
13575,1
13576,1
13576,9
13577,1
13577,9
13578,1
13578,9
13578,14
13578,18
13578,20
13579,1
13579,9
13580,1
13580,9
13581,1
13582,1
13582,9
13583,1
13583,9
13584,1
13585,9
13586,1
13586,9
13587,1
13588,1
13588,9
13589,1
13589,9
13590,1
13590,9
13590,17
13591,1
13591,9
13592,1
13592,9
13593,1
13593,9
13593,10
13594,1
13594,9
13595,1
13595,9
13596,1
13596,9
13597,1
13597,9
13597,17
13598,1
13598,9
13599,1
13599,14
13600,1
13600,9
13600,15
13601,1
13601,9
13602,1
13602,9
13603,1
13603,8
13603,9
13604,1
13604,7
13604,9
13605,1
13605,6
13605,9
13605,14
13605,20
13606,1
13606,9
13607,1
13607,20
13608,1
13608,9
13608,14
13609,1
13609,9
13610,1
13610,9
13611,1
13611,9
13612,1
13612,8
13612,9
13613,1
13613,9
13614,1
13614,9
13615,1
13615,14
13616,1
13616,7
13616,9
13617,1
13617,9
13618,1
13618,6
13618,9
13618,14
13618,20
13619,1
13619,9
13620,1
13620,9
13621,1
13621,9
13622,1
13622,9
13623,1
13623,9
13624,1
13624,9
13625,1
13625,9
13626,1
13626,9
13626,20
13627,1
13627,9
13628,1
13628,9
13629,1
13629,6
13629,7
13629,9
13630,1
13631,18
13632,1
13632,18
13633,1
13633,13
13633,18
13634,1
13634,18
13634,20
13635,1
13635,16
13636,1
13636,18
13637,1
13637,18
13638,1
13638,18
13639,1
13639,6
13639,13
13639,18
13640,1
13640,13
13640,18
13641,1
13641,18
13642,1
13642,14
13643,1
13644,1
13644,6
13644,18
13644,20
13645,1
13645,20
13646,1
13646,16
13647,1
13647,18
13648,13
13648,18
13649,1
13649,18
13650,1
13650,9
13651,1
13652,1
13652,13
13652,18
13653,1
13654,1
13654,6
13654,13
13654,14
13654,18
13655,1
13655,18
13656,1
13656,18
13657,1
13657,13
13657,18
13657,20
13658,6
13658,18
13659,18
13660,1
13660,6
13660,18
13661,1
13661,6
13661,16
13661,18
13661,20
13663,14
13663,18
13664,6
13664,13
13664,16
13664,18
13665,16
13665,18
13666,18
13667,1
13667,18
13667,20
13668,18
13669,6
13669,18
13670,12
13671,6
13671,18
13672,6
13672,18
13673,18
13674,16
13674,18
13676,6
13676,14
13676,18
13677,6
13678,6
13678,18
13678,20
13679,1
13679,6
13679,18
13680,1
13680,18
13681,10
13681,18
13682,6
13682,12
13682,14
13682,18
13683,6
13683,12
13683,18
13684,1
13684,6
13684,18
13685,6
13685,18
13686,1
13686,6
13686,16
13686,18
13686,20
13687,1
13687,13
13687,16
13687,20
13688,9
13688,18
13689,6
13689,10
13689,18
13690,6
13690,18
13691,6
13691,18
13692,6
13692,16
13692,18
13694,20
13695,18
13696,18
13697,6
13697,18
13697,20
13698,6
13698,18
13698,20
13699,1
13699,18
13699,20
13700,6
13700,10
13700,14
13700,18
13701,18
13702,18
13703,6
13703,12
13703,18
13703,20
13704,1
13704,6
13704,18
13704,20
13705,6
13705,18
13706,1
13706,16
13706,18
13707,6
13707,10
13707,18
13707,20
13708,1
13709,6
13709,18
13710,6
13710,18
13711,14
13711,16
13711,18
13712,6
13712,13
13712,18
13713,18
13714,1
13714,14
13714,20
13715,1
13715,20
13717,6
13717,13
13717,18
13717,20
13718,1
13718,16
13718,18
13719,16
13719,18
13720,6
13720,18
13721,6
13721,18
13722,6
13722,13
13722,18
13722,20
13723,14
13723,16
13723,18
13724,18
13725,18
13725,20
13726,15
13727,18
13727,20
13728,18
13728,20
13729,18
13730,6
13730,18
13730,20
13731,6
13731,12
13731,18
13732,6
13732,18
13732,20
13733,1
13733,6
13733,18
13734,1
13734,6
13734,12
13734,14
13734,16
13734,18
13735,1
13735,13
13735,16
13735,18
13735,20
13736,1
13736,16
13736,18
13736,20
13737,1
13737,6
13737,12
13738,1
13738,6
13738,18
13738,20
13739,18
13740,6
13740,18
13741,6
13741,16
13741,18
13742,1
13742,18
13742,20
13743,6
13743,18
13744,1
13744,6
13744,16
13745,6
13745,18
13746,14
13746,18
13747,6
13747,18
13747,20
13748,6
13748,18
13749,18
13750,1
13750,6
13750,18
13750,20
13751,6
13751,18
13751,20
13752,1
13752,18
13753,6
13753,18
13754,18
13755,16
13755,18
13756,1
13756,6
13756,14
13756,18
13757,6
13757,18
13758,6
13758,18
13759,18
13760,18
13761,1
13761,6
13761,12
13761,13
13761,16
13761,18
13761,20
13762,18
13763,16
13763,18
13764,6
13764,12
13764,16
13764,18
13765,12
13765,16
13765,18
13766,1
13766,6
13766,12
13766,18
13766,20
13767,6
13767,10
13767,16
13767,18
13768,6
13768,16
13768,18
13769,1
13769,14
13770,1
13770,18
13771,18
13772,6
13772,12
13772,18
13772,20
13773,16
13773,18
13775,6
13775,18
13777,1
13777,18
13778,1
13778,6
13778,18
13778,20
13779,1
13779,18
13780,6
13780,12
13780,13
13780,18
13780,20
13781,1
13781,6
13781,13
13781,18
13782,18
13783,6
13783,14
13783,18
13785,1
13785,18
13786,18
13787,6
13787,12
13787,13
13787,18
13787,20
13788,6
13788,16
13788,18
13789,6
13789,18
13789,20
13790,6
13790,12
13790,18
13790,20
13791,14
13792,6
13792,12
13792,18
13793,6
13793,18
13793,20
13794,6
13794,15
13794,18
13794,20
13795,6
13795,12
13795,18
13796,18
13797,18
13798,1
13798,18
13799,1
13799,16
13799,20
13800,1
13800,6
13800,16
13800,20
13801,6
13801,18
13802,14
13802,18
13803,18
13804,1
13804,6
13804,13
13804,18
13804,20
13805,18
13805,20
13806,6
13806,18
13807,6
13807,18
13808,1
13808,6
13808,18
13808,20
13809,1
13809,18
13810,6
13810,10
13810,18
13811,18
13812,6
13812,18
13813,6
13813,18
13814,6
13814,16
13814,18
13815,1
13815,18
13815,20
13816,13
13816,16
13816,18
13816,20
13817,6
13817,18
13817,20
13818,1
13818,6
13818,12
13818,16
13818,18
13819,16
13820,18
13820,20
13822,6
13822,7
13822,18
13823,6
13823,18
13824,6
13824,18
13825,6
13825,14
13826,10
13826,18
13827,14
13827,16
13827,18
13828,6
13828,13
13828,18
13829,6
13829,18
13829,20
13831,18
13832,14
13832,18
13833,6
13833,18
13835,18
13836,14
13836,18
13837,18
13839,1
13839,6
13839,18
13840,6
13840,13
13840,16
13840,18
13841,18
13842,1
13842,6
13842,18
13843,1
13844,6
13844,18
13845,6
13845,12
13845,18
13846,6
13846,18
13847,1
13848,6
13848,18
13849,1
13849,6
13849,18
13850,14
13850,18
13851,1
13851,20
13852,14
13852,18
13853,13
13853,18
13854,6
13854,18
13855,6
13855,16
13855,18
13856,6
13856,18
13857,1
13857,6
13857,18
13857,20
13858,1
13858,14
13858,18
13858,20
13859,1
13859,6
13859,12
13859,14
13859,18
13859,20
13860,18
13860,20
13861,6
13861,18
13862,6
13862,14
13862,16
13862,18
13863,1
13863,18
13863,20
13864,18
13864,20
13865,1
13865,18
13865,20
13866,18
13867,18
13868,9
13868,16
13868,18
13869,18
13870,6
13870,14
13870,18
13871,6
13871,18
13872,6
13872,18
13872,20
13873,6
13873,12
13873,18
13874,18
13875,13
13875,14
13875,16
13876,6
13876,10
13876,18
13877,6
13877,18
13878,6
13878,18
13879,1
13879,6
13879,18
13879,20
13880,6
13880,10
13880,18
13880,20
13881,6
13881,10
13881,18
13882,6
13882,18
13884,16
13884,18
13885,6
13885,18
13885,20
13886,6
13886,18
13887,10
13887,18
13888,6
13888,18
13889,6
13889,18
13890,6
13890,16
13890,18
13891,6
13891,13
13891,18
13892,18
13893,6
13893,10
13893,18
13894,18
13895,18
13896,18
13897,1
13897,18
13898,1
13898,18
13899,18
13900,6
13900,12
13900,18
13901,16
13901,18
13902,18
13903,18
13904,1
13904,6
13905,1
13905,6
13905,14
13905,16
13905,18
13906,14
13906,18
13907,18
13908,14
13909,1
13909,13
13909,20
13910,6
13910,16
13910,18
13911,18
13912,6
13912,16
13912,18
13913,14
13913,18
13914,6
13914,18
13915,18
13916,6
13916,18
13917,1
13917,18
13918,1
13919,6
13919,18
13920,6
13920,14
13920,18
13921,6
13921,10
13921,18
13922,6
13922,12
13922,18
13923,6
13923,18
13924,6
13924,18
13925,13
13926,18
13927,16
13927,18
13928,13
13928,18
13929,18
13930,6
13930,18
13931,1
13931,18
13932,6
13932,16
13932,18
13933,1
13933,18
13934,18
13934,20
13935,18
13936,6
13936,12
13936,18
13937,18
13938,1
13938,20
13939,18
13940,6
13940,18
13940,20
13941,4
13941,9
13941,18
13942,18
13943,1
13943,6
13943,13
13943,20
13944,6
13944,13
13944,18
13945,18
13946,1
13946,18
13947,1
13947,18
13948,18
13949,6
13949,18
13950,1
13950,13
13950,18
13950,20
13951,6
13951,18
13952,6
13952,18
13954,18
13955,6
13955,18
13956,1
13956,6
13956,14
13956,18
13956,20
13958,18
13959,15
13959,18
13960,18
13961,18
13961,20
13962,6
13962,9
13962,18
13963,16
13963,18
13964,6
13964,12
13964,16
13964,18
13965,6
13965,18
13966,1
13966,9
13966,18
13967,1
13967,18
13968,1
13968,16
13968,18
13969,16
13970,9
13970,16
13970,18
13971,18
13972,6
13972,18
13973,16
13973,18
13974,6
13974,18
13976,6
13976,10
13977,1
13977,20
13978,6
13978,18
13978,20
13979,6
13979,16
13979,18
13980,10
13980,12
13980,18
13981,16
13981,20
13982,9
13982,18
13983,6
13983,14
13984,6
13985,6
13985,18
13986,18
13987,1
13987,16
13988,16
13988,18
13989,6
13990,6
13990,14
13990,18
13991,1
13991,6
13991,13
13991,18
13991,20
13992,6
13992,13
13992,14
13992,18
13993,1
13993,18
13993,20
13994,10
13994,18
13995,16
13996,1
13996,16
13996,18
13997,6
13997,12
13997,13
13998,18
13999,18
14000,6
14000,10
14000,18
14001,6
14001,18
14002,6
14002,12
14002,18
14002,20
14003,6
14003,18
14004,1
14004,6
14004,14
14004,16
14004,20
14005,6
14005,18
14005,20
14006,1
14006,13
14006,18
14007,1
14007,6
14007,12
14007,13
14007,18
14008,1
14008,9
14008,16
14008,18
14009,6
14009,16
14009,18
14010,6
14010,16
14010,18
14010,20
14011,18
14012,6
14013,6
14013,18
14014,1
14014,6
14014,18
14014,20
14015,18
14016,6
14016,13
14016,18
14017,6
14017,14
14017,18
14017,20
14018,14
14018,16
14018,18
14018,20
14019,1
14019,9
14019,20
14020,18
14021,6
14021,13
14021,18
14022,6
14022,18
14023,1
14023,14
14023,20
14024,6
14024,18
14025,1
14025,13
14025,20
14026,6
14026,18
14027,16
14027,18
14028,6
14028,16
14028,18
14029,6
14029,18
14030,6
14030,18
14031,6
14031,13
14031,16
14031,18
14032,6
14032,18
14033,6
14033,10
14033,12
14034,14
14034,18
14034,20
14035,1
14035,16
14036,18
14037,6
14037,18
14038,6
14038,12
14038,16
14038,18
14039,6
14039,12
14039,13
14039,18
14039,20
14040,18
14041,6
14041,12
14041,18
14041,20
14042,18
14043,18
14044,6
14044,10
14044,18
14044,20
14045,6
14045,10
14045,18
14046,18
14047,6
14047,12
14047,16
14048,6
14048,18
14049,10
14049,12
14049,18
14050,6
14050,18
14051,6
14051,10
14051,12
14051,13
14051,14
14052,6
14052,10
14052,18
14053,6
14053,18
14054,6
14054,18
14055,6
14055,16
14055,18
14055,20
14056,6
14056,18
14057,6
14057,10
14057,18
14059,18
14060,14
14060,18
14061,6
14061,18
14061,20
14062,6
14062,16
14062,18
14063,1
14063,14
14063,18
14064,18
14065,18
14066,6
14066,14
14066,18
14066,20
14067,13
14067,18
14068,18
14069,6
14069,12
14069,13
14069,18
14069,20
14070,1
14070,6
14070,14
14070,18
14071,16
14071,18
14071,20
14072,1
14072,6
14072,20
14073,1
14073,16
14073,18
14074,6
14074,12
14074,13
14074,18
14074,20
14075,18
14076,6
14076,18
14076,20
14077,6
14077,14
14077,16
14077,18
14077,20
14078,6
14078,18
14079,16
14079,18
14080,18
14081,1
14081,14
14081,18
14082,18
14083,18
14084,6
14084,13
14084,14
14084,18
14085,1
14085,6
14085,18
14087,14
14087,16
14087,18
14088,1
14088,13
14088,18
14089,6
14089,12
14089,16
14089,18
14090,1
14090,9
14090,18
14091,18
14092,18
14094,1
14094,6
14094,16
14094,18
14095,6
14095,12
14095,16
14095,18
14095,20
14096,6
14096,16
14096,18
14097,18
14098,18
14099,18
14100,1
14100,18
14100,20
14101,1
14101,18
14102,6
14102,16
14102,18
14103,18
14104,1
14104,6
14104,16
14105,15
14105,18
14106,16
14107,6
14107,16
14107,18
14107,20
14108,1
14108,18
14109,1
14109,18
14110,6
14110,18
14110,20
14111,18
14112,6
14112,18
14112,20
14113,6
14113,18
14114,6
14114,13
14114,16
14114,18
14115,1
14115,18
14115,20
14116,6
14116,13
14117,16
14118,16
14118,18
14119,18
14120,6
14120,18
14120,20
14121,1
14121,18
14122,16
14123,16
14123,18
14124,6
14124,10
14124,18
14125,6
14125,18
14125,20
14126,16
14126,18
14127,16
14128,18
14128,20
14129,6
14129,18
14130,16
14130,18
14131,6
14131,12
14131,16
14131,18
14132,14
14132,18
14133,16
14133,18
14134,1
14134,6
14134,18
14135,6
14135,16
14135,18
14136,6
14136,16
14136,18
14136,20
14137,14
14137,18
14138,6
14138,13
14138,18
14139,18
14140,16
14141,10
14141,18
14142,6
14142,18
14143,16
14143,18
14144,6
14144,13
14144,16
14144,18
14144,20
14145,18
14146,18
14147,18
14147,20
14148,1
14148,6
14148,13
14148,18
14148,20
14149,1
14149,9
14149,13
14149,20
14150,6
14150,14
14150,16
14150,18
14151,6
14151,14
14151,18
14152,14
14152,16
14153,6
14153,18
14154,6
14154,18
14155,18
14156,6
14156,10
14156,12
14156,13
14156,14
14156,18
14157,6
14157,12
14157,13
14157,18
14158,14
14158,18
14159,18
14160,1
14160,6
14161,6
14161,18
14162,16
14162,18
14162,20
14163,18
14164,6
14164,18
14164,20
14165,6
14165,18
14166,6
14166,14
14166,18
14167,6
14167,18
14168,6
14168,10
14168,13
14168,16
14168,18
14169,6
14169,16
14169,18
14170,1
14170,18
14171,6
14171,16
14171,18
14172,6
14172,16
14172,18
14172,20
14173,6
14173,18
14174,1
14174,6
14174,18
14175,6
14175,18
14176,6
14176,18
14177,1
14177,16
14178,6
14178,16
14178,18
14179,6
14179,13
14179,14
14179,18
14180,13
14180,18
14181,6
14181,18
14182,1
14182,18
14183,18
14184,20
14185,1
14185,6
14185,12
14186,18
14186,20
14187,16
14187,18
14188,6
14188,18
14189,18
14190,1
14190,6
14190,12
14190,18
14190,20
14191,16
14192,18
14193,6
14193,16
14193,18
14193,20
14194,1
14195,14
14195,18
14195,20
14196,18
14197,18
14197,20
14198,6
14198,16
14198,18
14199,18
14200,1
14200,6
14200,10
14201,18
14202,6
14202,12
14202,16
14203,18
14204,6
14204,10
14204,18
14206,1
14206,4
14206,9
14207,18
14208,1
14208,18
14208,20
14209,18
14210,6
14210,18
14211,18
14212,6
14212,16
14212,18
14213,6
14214,12
14214,18
14215,18
14216,1
14216,6
14216,13
14216,16
14216,20
14217,1
14217,10
14217,14
14217,18
14218,16
14218,18
14219,16
14219,18
14219,20
14221,6
14221,20
14222,6
14223,1
14223,18
14224,1
14224,14
14224,18
14224,19
14224,20
14225,6
14225,18
14226,18
14226,20
14227,1
14228,18
14228,20
14229,1
14229,6
14229,12
14229,18
14230,1
14230,16
14231,6
14231,18
14231,20
14232,1
14233,16
14233,18
14234,1
14235,6
14235,16
14235,20
14236,1
14236,16
14237,6
14237,18
14237,20
14238,16
14239,18
14240,1
14240,9
14240,15
14241,1
14241,6
14241,16
14241,20
14242,6
14243,6
14243,14
14243,18
14243,20
14244,18
14245,6
14245,12
14245,16
14245,18
14245,20
14246,18
14247,6
14247,12
14247,16
14247,18
14248,6
14248,14
14248,18
14249,6
14249,13
14249,18
14250,1
14250,6
14250,18
14250,20
14251,18
14252,6
14252,16
14252,18
14253,6
14253,16
14253,18
14254,16
14254,18
14255,16
14255,18
14256,16
14256,18
14257,6
14257,14
14257,18
14257,20
14258,6
14258,10
14259,6
14259,13
14259,18
14260,1
14260,18
14262,6
14262,12
14262,18
14263,9
14264,6
14264,12
14264,14
14264,18
14264,20
14265,1
14265,15
14266,1
14267,4
14267,6
14267,18
14268,6
14268,13
14268,16
14268,18
14269,16
14269,18
14271,6
14271,16
14271,18
14272,10
14272,16
14272,18
14273,6
14273,16
14273,18
14274,6
14274,18
14274,20
14275,6
14275,18
14276,1
14276,6
14276,18
14276,20
14277,6
14277,12
14277,14
14277,18
14278,6
14278,18
14279,18
14280,6
14280,18
14281,18
14282,18
14283,18
14284,6
14284,18
14285,6
14285,16
14285,18
14286,1
14286,6
14286,12
14286,18
14286,20
14287,6
14287,18
14288,10
14289,6
14289,18
14289,20
14290,14
14290,16
14291,6
14291,12
14291,18
14292,6
14292,18
14293,6
14293,18
14294,6
14294,18
14295,6
14295,18
14295,20
14296,6
14296,10
14296,18
14298,6
14298,14
14298,18
14299,6
14299,12
14299,16
14299,18
14300,6
14300,12
14300,18
14300,20
14301,6
14301,12
14301,16
14301,18
14302,1
14302,18
14302,20
14303,1
14303,18
14303,20
14304,6
14304,16
14304,18
14305,10
14305,16
14306,1
14306,16
14306,18
14306,20
14307,1
14307,6
14307,18
14307,20
14308,6
14308,18
14309,6
14309,12
14309,13
14309,18
14310,14
14311,6
14311,16
14311,18
14312,6
14312,18
14312,20
14313,6
14313,7
14313,18
14314,6
14314,14
14314,18
14315,6
14315,14
14315,18
14316,6
14316,16
14316,18
14317,6
14317,10
14317,18
14318,6
14318,18
14319,6
14319,10
14319,18
14320,6
14320,18
14321,6
14321,12
14321,18
14322,16
14322,18
14323,18
14324,18
14325,6
14325,12
14325,16
14325,18
14325,20
14327,14
14327,16
14327,18
14328,18
14329,6
14329,18
14330,6
14330,18
14331,18
14332,18
14333,6
14333,18
14334,1
14334,18
14334,20
14335,1
14335,16
14336,6
14336,18
14337,18
14338,10
14338,16
14339,6
14339,16
14339,18
14339,20
14340,4
14340,18
14341,14
14341,18
14342,1
14342,18
14343,18
14344,18
14345,1
14345,6
14345,20
14346,13
14346,18
14346,20
14347,9
14347,18
14348,14
14348,18
14349,18
14350,6
14350,18
14351,6
14351,18
14353,6
14353,12
14353,18
14356,1
14356,6
14356,12
14356,14
14356,18
14356,20
14357,18
14358,1
14358,14
14358,19
14358,20
14359,1
14359,9
14360,6
14360,12
14360,18
14360,20
14361,1
14361,18
14361,20
14362,18
14362,20
14363,6
14363,12
14363,13
14363,20
14364,18
14364,19
14364,20
14365,1
14365,20
14366,1
14366,20
14368,1
14368,12
14368,18
14368,20
14369,12
14370,1
14370,16
14370,20
14371,18
14372,20
14373,1
14373,18
14373,20
14375,18
14376,1
14376,18
14376,20
14377,1
14377,14
14377,18
14377,19
14377,20
14378,6
14378,18
14379,14
14380,1
14380,20
14381,1
14381,20
14382,1
14382,6
14382,18
14382,20
14383,18
14383,20
14384,18
14384,20
14385,18
14387,6
14387,18
14387,20
14388,1
14388,6
14388,12
14388,18
14388,20
14389,6
14389,12
14390,18
14390,20
14391,1
14392,14
14392,18
14393,1
14393,18
14393,20
14394,1
14394,18
14394,20
14395,1
14395,20
14397,18
14398,1
14398,18
14398,20
14399,1
14399,20
14400,6
14400,18
14400,20
14401,1
14401,6
14401,18
14401,20
14402,1
14402,18
14402,20
14403,12
14403,18
14404,13
14404,18
14404,20
14405,6
14406,1
14406,6
14406,12
14406,18
14406,20
14407,1
14407,18
14407,20
14408,1
14408,14
14409,16
14409,18
14410,6
14410,16
14410,18
14410,20
14411,18
14412,1
14412,6
14412,13
14412,18
14413,1
14413,18
14415,1
14415,9
14416,6
14416,12
14416,18
14416,20
14417,1
14417,13
14417,18
14419,6
14419,12
14419,18
14419,20
14420,6
14420,12
14420,13
14420,18
14420,20
14421,1
14421,6
14421,18
14421,20
14422,18
14423,6
14423,13
14423,20
14424,1
14424,14
14424,16
14425,1
14425,18
14426,6
14426,12
14426,13
14426,20
14427,18
14427,20
14428,20
14429,1
14429,13
14429,18
14429,20
14430,9
14430,18
14430,20
14432,16
14432,18
14432,20
14433,1
14433,13
14433,18
14433,19
14433,20
14434,1
14434,18
14434,20
14435,6
14435,18
14436,1
14436,18
14436,20
14437,1
14437,18
14438,18
14439,1
14439,18
14440,1
14442,20
14443,1
14444,1
14444,18
14444,20
14445,1
14446,18
14448,1
14448,16
14448,20
14449,18
14449,20
14450,20
14451,1
14451,18
14452,18
14452,20
14453,1
14453,20
14454,1
14454,18
14454,20
14455,18
14456,1
14456,14
14456,20
14457,1
14457,18
14459,1
14460,6
14460,12
14460,18
14460,20
14461,20
14462,6
14462,12
14462,18
14462,20
14463,14
14463,18
14463,20
14464,20
14465,1
14466,6
14466,12
14466,18
14467,1
14467,20
14468,6
14468,12
14468,13
14468,14
14468,16
14469,1
14469,20
14470,1
14470,20
14471,1
14471,6
14471,20
14472,20
14473,1
14473,18
14474,6
14474,12
14474,14
14474,18
14475,1
14475,14
14476,18
14476,19
14477,6
14477,12
14477,18
14479,1
14479,16
14479,18
14480,12
14480,14
14480,18
14481,1
14481,18
14481,20
14482,6
14482,13
14482,18
14482,20
14483,6
14483,12
14483,18
14484,1
14484,18
14484,20
14486,1
14486,20
14487,1
14487,13
14487,18
14488,14
14488,18
14488,19
14488,20
14489,1
14489,14
14489,20
14490,1
14491,6
14491,13
14491,18
14491,20
14492,1
14492,4
14492,18
14492,20
14493,18
14493,20
14494,1
14494,6
14494,18
14494,20
14495,1
14495,18
14495,20
14497,18
14498,1
14498,18
14499,1
14499,18
14499,20
14500,18
14500,20
14501,16
14501,18
14501,20
14502,18
14503,6
14503,12
14503,20
14504,1
14504,20
14505,18
14505,20
14506,18
14506,20
14507,1
14507,14
14507,18
14507,20
14508,18
14508,20
14509,6
14509,18
14509,20
14510,6
14510,12
14510,18
14510,20
14511,1
14511,18
14511,20
14512,1
14512,18
14512,20
14513,6
14513,18
14513,20
14515,1
14515,13
14515,18
14515,20
14516,1
14517,1
14517,6
14517,12
14517,18
14517,20
14518,1
14518,13
14518,18
14518,19
14518,20
14519,9
14520,19
14520,20
14521,20
14522,1
14523,19
14523,20
14524,18
14526,1
14526,18
14527,1
14527,18
14527,20
14528,1
14528,18
14528,20
14529,16
14529,18
14530,1
14530,6
14530,18
14531,6
14531,18
14531,20
14532,1
14532,20
14533,1
14533,16
14534,1
14534,20
14535,18
14536,1
14536,13
14536,18
14536,20
14537,6
14537,12
14538,6
14538,16
14538,18
14540,18
14541,1
14541,6
14541,18
14541,20
14544,18
14546,20
14547,1
14547,18
14548,1
14549,6
14549,13
14549,20
14550,18
14552,18
14553,1
14553,9
14553,15
14554,1
14554,20
14555,6
14555,9
14555,12
14555,13
14555,18
14555,19
14555,20
14556,18
14557,1
14557,14
14558,1
14558,6
14558,12
14558,20
14559,13
14559,20
14560,1
14560,4
14560,6
14560,12
14560,13
14560,18
14560,20
14561,6
14561,12
14561,14
14561,20
14562,18
14562,20
14563,6
14564,14
14564,18
14565,16
14565,20
14568,1
14568,20
14569,1
14569,6
14569,12
14569,18
14569,20
14570,20
14571,1
14571,6
14571,12
14571,13
14571,14
14571,18
14571,20
14572,6
14572,12
14572,13
14572,18
14573,1
14573,18
14574,6
14574,12
14574,18
14574,20
14575,6
14575,12
14575,18
14576,20
14577,18
14577,20
14578,20
14579,1
14579,18
14579,20
14580,1
14580,6
14580,14
14581,1
14581,16
14581,18
14581,20
14582,6
14582,18
14582,20
14583,1
14584,1
14584,6
14585,14
14585,18
14585,20
14586,14
14586,16
14587,1
14587,13
14587,18
14587,20
14588,1
14588,6
14588,18
14588,20
14589,6
14589,13
14589,16
14589,20
14591,1
14591,15
14592,1
14592,20
14593,1
14593,19
14594,1
14594,6
14594,16
14594,18
14594,20
14596,1
14596,6
14596,20
14597,1
14597,18
14597,20
14598,1
14598,6
14598,18
14599,1
14599,6
14599,13
14599,18
14599,19
14599,20
14600,6
14600,14
14600,18
14600,20
14601,18
14602,18
14603,1
14603,6
14603,12
14603,18
14603,20
14604,1
14604,14
14604,16
14604,20
14605,1
14605,18
14605,20
14606,16
14606,18
14606,20
14608,1
14608,20
14609,1
14609,14
14610,1
14610,18
14611,1
14611,18
14611,20
14612,1
14612,18
14612,20
14613,1
14614,1
14614,20
14615,1
14615,6
14615,18
14615,20
14616,13
14616,18
14616,19
14617,6
14617,14
14617,18
14617,20
14618,6
14618,12
14618,16
14618,18
14619,20
14620,13
14620,18
14620,20
14621,1
14621,12
14621,18
14621,20
14622,14
14622,18
14622,20
14623,1
14624,1
14624,20
14625,1
14625,20
14626,1
14626,14
14626,20
14627,1
14627,18
14627,20
14628,1
14628,6
14628,16
14628,18
14628,20
14629,1
14629,14
14630,1
14630,18
14630,20
14631,1
14631,14
14631,16
14632,1
14632,18
14632,20
14633,18
14634,1
14634,13
14634,18
14634,20
14635,1
14635,13
14635,18
14635,20
14636,1
14636,20
14637,1
14637,4
14637,18
14637,20
14638,1
14638,6
14638,12
14638,14
14638,16
14638,18
14639,14
14640,14
14641,1
14641,6
14641,12
14641,18
14641,20
14642,1
14643,6
14643,12
14643,18
14643,20
14644,1
14644,14
14644,18
14644,20
14645,1
14645,6
14645,12
14645,18
14645,19
14645,20
14646,1
14646,6
14646,18
14646,20
14647,6
14647,18
14647,20
14648,6
14648,14
14648,16
14649,1
14649,6
14649,12
14649,16
14651,1
14651,14
14651,16
14651,18
14651,20
14652,6
14652,18
14652,20
14653,1
14654,19
14654,20
14655,1
14655,12
14655,20
14656,1
14656,12
14656,13
14656,18
14656,20
14657,1
14657,13
14657,14
14657,20
14658,1
14658,18
14659,6
14659,13
14659,18
14659,20
14660,6
14662,1
14662,18
14662,20
14663,1
14664,6
14664,12
14664,18
14666,1
14666,18
14667,6
14667,12
14667,20
14669,1
14670,1
14670,14
14671,18
14673,14
14673,18
14673,20
14674,1
14674,18
14675,1
14676,1
14676,18
14678,1
14678,14
14678,18
14678,20
14679,1
14679,9
14679,15
14679,20
14680,18
14681,1
14681,6
14681,12
14681,13
14681,20
14682,1
14682,20
14683,6
14683,12
14683,13
14683,14
14683,18
14683,20
14684,1
14684,6
14684,13
14684,18
14684,20
14685,1
14685,16
14685,18
14687,6
14687,12
14687,16
14687,18
14687,20
14688,13
14688,16
14688,18
14689,1
14689,13
14690,1
14690,9
14690,18
14692,14
14692,18
14693,1
14693,9
14693,18
14693,19
14693,20
14694,1
14694,14
14694,20
14695,1
14695,18
14695,20
14696,6
14696,18
14696,20
14697,1
14697,20
14698,6
14698,12
14698,13
14698,18
14698,20
14699,13
14699,18
14699,20
14700,18
14702,18
14702,20
14703,1
14703,14
14703,18
14703,20
14704,1
14704,18
14705,6
14705,12
14705,13
14705,18
14706,1
14706,19
14706,20
14708,1
14708,4
14708,14
14708,20
14712,1
14714,1
14714,20
14716,1
14716,18
14716,20
14717,1
14717,13
14717,18
14718,6
14718,13
14718,18
14718,20
14719,1
14719,18
14719,20
14720,18
14720,20
14721,1
14721,18
14721,20
14722,1
14722,6
14722,12
14722,14
14722,16
14722,18
14722,20
14723,1
14723,14
14723,16
14723,18
14724,6
14724,13
14724,16
14724,18
14724,20
14727,1
14728,1
14728,6
14728,12
14728,13
14728,18
14728,20
14729,1
14730,6
14730,14
14730,16
14730,18
14731,6
14731,13
14731,18
14731,19
14731,20
14732,1
14732,18
14732,20
14733,1
14733,6
14733,18
14734,18
14734,20
14735,18
14736,14
14736,16
14736,20
14737,18
14738,1
14738,6
14738,14
14738,18
14739,6
14739,12
14739,16
14739,18
14739,20
14740,20
14741,1
14741,6
14741,14
14741,20
14742,20
14743,6
14743,13
14743,16
14743,20
14745,12
14745,18
14745,20
14746,1
14746,14
14746,18
14747,6
14747,12
14747,16
14747,18
14748,1
14748,13
14748,18
14748,20
14750,20
14751,1
14751,6
14751,18
14751,20
14752,1
14752,6
14752,18
14752,20
14753,1
14753,20
14754,1
14754,13
14754,20
14755,1
14755,18
14756,1
14756,18
14756,20
14757,1
14757,13
14757,16
14757,18
14757,19
14757,20
14758,18
14759,1
14759,18
14760,1
14760,6
14760,18
14760,20
14761,1
14761,18
14762,1
14763,1
14763,13
14763,19
14764,6
14764,12
14764,14
14764,16
14764,18
14764,20
14765,1
14765,14
14765,20
14766,1
14766,6
14766,18
14766,20
14768,1
14768,18
14768,20
14769,1
14769,16
14769,18
14769,20
14770,1
14770,18
14770,20
14771,16
14771,18
14772,6
14772,18
14773,1
14774,6
14774,13
14774,18
14774,19
14774,20
14775,1
14775,6
14775,12
14775,13
14775,14
14775,20
14776,1
14776,6
14776,12
14776,18
14776,20
14777,1
14777,6
14777,13
14777,18
14777,20
14778,18
14778,20
14779,18
14780,1
14780,20
14781,1
14781,18
14782,18
14783,16
14783,18
14783,20
14784,1
14784,12
14784,18
14784,20
14785,6
14785,18
14785,20
14786,6
14786,18
14787,1
14787,18
14787,20
14788,1
14788,18
14788,20
14789,1
14789,12
14789,14
14789,16
14789,18
14790,1
14790,18
14790,20
14792,13
14792,16
14792,18
14793,1
14793,6
14793,12
14793,16
14793,18
14793,20
14794,1
14794,6
14794,12
14794,14
14794,18
14794,20
14795,18
14795,20
14797,18
14798,6
14798,12
14798,13
14798,16
14798,18
14798,20
14799,1
14799,14
14799,16
14800,1
14801,1
14801,20
14802,1
14802,18
14804,18
14805,6
14805,18
14805,20
14806,1
14806,14
14806,18
14807,1
14808,1
14808,6
14808,14
14808,16
14808,18
14808,20
14809,1
14809,20
14810,6
14810,18
14810,20
14811,1
14811,6
14811,12
14811,14
14811,16
14811,18
14811,20
14812,1
14812,6
14812,18
14812,20
14813,18
14814,1
14814,18
14815,18
14816,16
14816,20
14818,1
14818,6
14818,12
14818,18
14818,20
14819,1
14819,19
14819,20
14820,13
14820,18
14821,1
14822,1
14822,6
14822,12
14822,14
14822,16
14822,18
14823,1
14823,18
14823,20
14824,1
14824,6
14824,12
14824,14
14824,18
14824,20
14826,1
14826,20
14827,14
14827,20
14828,6
14828,13
14828,20
14829,18
14830,6
14830,13
14830,18
14830,20
14831,1
14831,18
14832,18
14832,20
14833,12
14833,13
14833,20
14834,12
14834,16
14834,18
14834,20
14835,1
14835,14
14835,16
14835,20
14836,1
14836,14
14837,6
14837,13
14837,18
14837,20
14838,18
14838,20
14839,1
14840,1
14840,16
14840,18
14840,20
14841,6
14841,12
14841,18
14841,20
14842,1
14842,6
14842,12
14842,16
14842,18
14842,20
14843,1
14843,6
14843,18
14844,1
14844,6
14844,12
14844,14
14844,18
14844,20
14845,1
14845,16
14845,20
14846,6
14846,18
14847,6
14847,12
14847,18
14848,18
14848,20
14849,1
14849,20
14850,20
14851,1
14851,6
14851,12
14851,14
14851,18
14851,20
14852,1
14852,9
14853,9
14854,1
14855,6
14855,18
14855,20
14856,1
14856,18
14856,20
14857,14
14857,18
14857,20
14858,14
14858,18
14858,19
14860,1
14860,6
14860,18
14860,20
14861,1
14862,6
14862,16
14862,18
14863,18
14864,1
14864,19
14864,20
14865,18
14865,20
14866,1
14866,6
14866,12
14866,18
14866,20
14867,1
14867,18
14868,16
14869,1
14869,6
14869,18
14870,1
14870,18
14871,1
14871,18
14871,20
14872,12
14872,18
14872,20
14873,1
14873,6
14873,12
14873,18
14873,20
14874,1
14874,6
14874,12
14874,18
14875,1
14875,4
14875,19
14875,20
14876,6
14876,13
14876,18
14877,16
14877,20
14878,18
14879,1
14879,6
14879,12
14879,18
14879,20
14881,18
14882,12
14882,13
14882,16
14882,18
14883,1
14883,18
14884,6
14884,18
14885,1
14885,18
14888,1
14888,18
14890,1
14890,20
14891,14
14891,18
14892,1
14892,6
14892,18
14892,20
14893,1
14893,14
14893,18
14894,1
14894,18
14895,1
14895,6
14895,13
14895,16
14895,18
14895,20
14896,6
14896,12
14896,18
14896,20
14898,12
14898,16
14898,18
14899,1
14899,6
14899,12
14899,13
14899,14
14899,16
14899,18
14900,1
14900,14
14900,16
14901,6
14901,18
14901,20
14903,18
14904,6
14904,12
14904,13
14904,16
14904,18
14904,20
14905,1
14905,6
14905,12
14905,18
14905,20
14906,6
14906,12
14906,16
14906,18
14907,1
14907,6
14907,14
14907,16
14907,18
14907,20
14908,1
14908,6
14908,12
14908,18
14908,19
14909,1
14909,18
14909,20
14910,1
14910,14
14910,18
14911,1
14911,14
14911,18
14912,1
14913,1
14913,6
14913,12
14913,18
14913,20
14914,1
14914,6
14914,12
14914,18
14914,20
14915,6
14915,12
14915,18
14916,1
14916,9
14916,16
14917,16
14917,18
14917,20
14918,6
14918,12
14918,13
14918,14
14918,18
14920,18
14920,20
14921,18
14922,18
14923,1
14923,6
14923,18
14923,20
14924,1
14924,6
14924,14
14924,16
14924,18
14925,1
14925,6
14925,12
14925,20
14926,18
14927,18
14927,20
14928,6
14928,12
14928,18
14929,18
14930,6
14930,12
14930,18
14931,6
14931,20
14932,6
14932,12
14932,18
14933,1
14933,6
14933,13
14933,14
14933,18
14933,20
14934,16
14934,18
14934,20
14935,1
14935,6
14935,18
14935,20
14937,18
14937,20
14938,1
14938,14
14938,18
14939,1
14939,20
14940,1
14941,18
14941,20
14942,1
14942,6
14942,18
14942,20
14943,1
14943,6
14943,12
14943,16
14943,18
14944,1
14944,14
14944,20
14945,6
14945,12
14945,13
14945,20
14946,6
14946,12
14946,14
14946,18
14947,1
14947,20
14948,18
14948,20
14949,1
14949,18
14949,20
14950,12
14950,16
14950,18
14951,1
14951,16
14951,18
14951,20
14952,1
14952,20
14953,1
14953,18
14953,20
14954,18
14954,20
14955,1
14956,16
14956,18
14956,20
14957,6
14957,12
14957,14
14957,18
14958,20
14959,14
14959,18
14960,1
14960,16
14960,18
14961,6
14961,12
14961,18
14961,20
14962,16
14962,20
14963,6
14963,18
14964,20
14965,18
14965,20
14966,1
14966,6
14966,12
14966,20
14967,1
14967,18
14967,20
14968,1
14968,6
14968,12
14968,13
14968,18
14968,19
14968,20
14969,14
14969,18
14969,20
14970,18
14971,6
14971,12
14971,13
14971,18
14971,20
14972,6
14972,18
14972,20
14974,1
14974,6
14974,12
14974,13
14976,1
14976,20
14977,1
14977,18
14977,20
14978,18
14979,1
14980,1
14981,1
14981,14
14981,18
14982,1
14982,18
14982,20
14983,18
14983,20
14984,1
14984,6
14984,20
14985,6
14985,12
14985,14
14985,18
14985,20
14986,14
14986,18
14987,1
14987,6
14987,18
14988,1
14988,18
14989,1
14989,18
14990,1
14990,6
14990,12
14990,14
14990,18
14990,20
14991,18
14992,12
14992,18
14992,20
14993,1
14993,18
14993,20
14994,1
14994,6
14994,18
14994,20
14995,1
14995,18
14995,20
14996,1
14996,13
14996,18
14996,20
14997,1
14997,13
14997,18
14999,15
15000,1
15000,18
15001,1
15002,1
15003,1
15003,20
15004,1
15004,14
15004,16
15004,18
15004,20
15005,1
15006,1
15006,14
15006,16
15006,18
15006,20
15007,1
15007,18
15008,1
15008,14
15008,18
15009,18
15009,20
15010,1
15010,20
15011,1
15011,6
15011,18
15012,9
15012,16
15013,6
15013,12
15013,18
15013,20
15014,13
15014,14
15014,18
15014,20
15016,1
15019,1
15019,18
15019,20
15020,1
15021,16
15021,18
15021,20
15022,16
15022,18
15022,20
15023,1
15023,18
15023,20
15024,1
15025,1
15025,4
15025,16
15026,4
15026,16
15026,18
15026,20
15027,1
15028,1
15028,20
15029,1
15029,15
15030,1
15031,1
15031,14
15032,6
15032,14
15032,18
15032,20
15033,18
15033,20
15034,1
15035,1
15036,1
15036,19
15037,1
15038,1
15038,9
15038,20
15040,1
15041,1
15041,16
15042,1
15043,18
15043,20
15044,6
15044,16
15044,18
15044,20
15045,1
15045,13
15045,18
15045,20
15046,1
15046,18
15046,20
15047,1
15047,18
15047,20
15048,6
15048,14
15048,18
15049,18
15050,6
15050,12
15050,18
15050,20
15051,14
15051,18
15052,1
15052,6
15052,12
15052,18
15052,20
15053,18
15053,20
15054,12
15054,16
15054,18
15054,20
15055,6
15055,13
15055,14
15055,18
15056,1
15056,6
15056,13
15056,16
15056,18
15056,19
15056,20
15057,6
15057,12
15057,18
15058,1
15058,16
15058,20
15059,6
15059,12
15059,13
15059,18
15059,20
15060,18
15060,20
15061,6
15061,13
15061,14
15061,18
15061,20
15062,6
15062,18
15063,1
15064,1
15064,13
15064,14
15064,18
15065,1
15066,18
15067,1
15067,14
15068,6
15068,12
15068,14
15068,16
15068,18
15068,20
15069,1
15069,6
15069,16
15069,18
15069,20
15070,1
15070,16
15070,18
15070,20
15071,6
15071,18
15071,20
15072,1
15074,1
15074,13
15074,14
15074,18
15075,1
15075,18
15075,20
15076,1
15076,13
15076,18
15077,1
15077,18
15077,20
15078,1
15078,6
15078,12
15078,14
15078,16
15078,18
15078,20
15079,1
15079,14
15079,18
15080,6
15080,18
15080,20
15081,1
15081,18
15081,20
15082,14
15082,16
15083,14
15083,18
15084,6
15084,18
15084,20
15085,6
15085,12
15085,13
15085,14
15085,18
15085,20
15086,1
15086,6
15086,12
15086,13
15086,14
15086,18
15086,20
15087,1
15088,14
15088,18
15088,20
15089,6
15089,12
15089,13
15089,18
15090,1
15090,9
15090,20
15091,1
15092,6
15092,12
15092,14
15092,18
15092,20
15093,1
15093,20
15094,6
15094,12
15094,14
15094,18
15094,20
15095,6
15095,16
15095,18
15095,20
15096,6
15096,16
15096,18
15096,20
15097,1
15097,20
15098,1
15098,19
15098,20
15099,1
15099,14
15099,16
15100,1
15100,20
15101,1
15101,14
15102,1
15102,14
15102,16
15102,19
15103,1
15103,14
15103,16
15103,18
15103,19
15105,12
15105,18
15106,18
15106,20
15107,1
15107,18
15108,1
15108,9
15109,1
15109,20
15110,1
15110,14
15110,20
15111,1
15111,18
15112,14
15112,18
15112,20
15113,1
15113,16
15113,20
15114,1
15114,16
15115,1
15115,20
15116,1
15117,20
15118,1
15118,18
15118,20
15119,20
15120,1
15120,6
15120,13
15120,14
15120,18
15120,20
15121,16
15121,18
15121,20
15122,1
15123,1
15123,13
15123,18
15123,20
15124,1
15124,20
15125,1
15125,20
15126,1
15126,16
15126,18
15127,1
15127,6
15127,18
15127,20
15128,1
15128,18
15129,13
15129,18
15131,1
15131,6
15131,12
15131,13
15131,18
15131,20
15132,1
15133,1
15134,1
15134,16
15135,1
15135,20
15136,18
15136,20
15137,1
15137,14
15137,18
15137,19
15138,1
15138,16
15139,1
15139,18
15139,19
15140,1
15140,14
15141,1
15141,6
15141,14
15142,1
15142,6
15142,16
15142,18
15142,20
15143,16
15143,18
15144,6
15144,16
15144,18
15146,20
15148,1
15148,18
15148,20
15149,1
15150,6
15150,18
15151,14
15152,1
15153,1
15153,10
15154,1
15154,14
15154,19
15155,6
15155,12
15155,16
15155,18
15156,1
15157,1
15158,1
15158,19
15159,6
15159,13
15159,16
15159,18
15162,1
15163,1
15163,14
15163,20
15164,1
15164,16
15164,18
15165,18
15166,6
15166,12
15166,16
15166,18
15166,20
15167,1
15167,18
15167,20
15168,1
15168,14
15168,16
15169,1
15169,20
15170,6
15170,16
15171,1
15171,18
15172,6
15172,12
15173,1
15173,20
15174,16
15174,18
15174,20
15175,6
15175,12
15175,18
15175,20
15176,1
15176,6
15176,13
15176,14
15176,18
15176,20
15177,18
15177,20
15178,6
15178,12
15178,13
15178,18
15178,20
15179,6
15179,18
15180,1
15180,18
15180,20
15181,18
15181,20
15182,1
15182,6
15182,13
15182,20
15183,1
15183,18
15183,20
15184,1
15184,18
15185,1
15185,4
15185,14
15185,16
15185,18
15185,20
15186,18
15186,20
15187,1
15187,6
15187,12
15187,14
15187,16
15187,18
15187,20
15188,1
15188,6
15188,12
15188,16
15188,18
15188,20
15189,1
15190,20
15191,18
15192,1
15192,6
15192,18
15192,20
15193,1
15193,16
15194,1
15194,18
15195,1
15195,6
15195,18
15195,20
15196,6
15196,12
15196,14
15196,16
15196,18
15197,6
15197,12
15197,13
15197,18
15198,1
15198,6
15198,12
15198,13
15198,18
15198,19
15198,20
15199,1
15199,6
15199,18
15200,1
15200,12
15200,16
15200,18
15200,20
15201,1
15201,20
15202,1
15202,18
15203,1
15203,6
15203,14
15203,18
15203,20
15204,1
15205,1
15205,16
15205,20
15207,6
15207,12
15207,13
15207,14
15207,16
15207,18
15207,20
15209,1
15209,18
15210,18
15210,20
15211,12
15211,18
15211,20
15212,6
15212,16
15212,18
15212,20
15213,18
15213,20
15214,18
15215,18
15216,1
15216,12
15216,18
15216,20
15217,1
15217,6
15217,12
15217,14
15217,16
15217,18
15217,20
15218,1
15218,18
15219,1
15220,1
15220,6
15220,18
15221,1
15222,1
15222,14
15223,1
15223,18
15223,20
15224,18
15224,20
15225,1
15225,18
15225,20
15226,6
15226,12
15226,14
15226,18
15226,20
15227,18
15227,20
15229,1
15231,6
15231,12
15231,20
15232,12
15232,18
15232,20
15233,18
15234,1
15234,6
15234,12
15234,13
15234,14
15234,18
15234,20
15235,14
15235,18
15236,18
15237,13
15237,18
15238,1
15238,18
15238,20
15239,1
15239,18
15239,20
15240,4
15240,9
15241,1
15241,6
15241,12
15241,13
15241,18
15241,20
15242,18
15242,20
15243,1
15243,6
15243,18
15243,20
15244,1
15244,6
15244,12
15244,18
15244,20
15245,20
15246,1
15246,18
15247,9
15247,18
15248,1
15248,16
15248,18
15248,20
15249,1
15250,1
15250,14
15251,1
15251,18
15251,20
15252,1
15252,14
15253,1
15255,1
15255,18
15256,1
15257,1
15257,14
15257,18
15258,6
15258,20
15259,1
15259,6
15259,18
15259,20
15260,1
15260,6
15260,18
15260,20
15261,6
15261,13
15261,18
15262,18
15263,1
15263,14
15263,20
15264,1
15264,6
15264,18
15264,20
15265,1
15265,9
15266,1
15266,6
15266,13
15266,20
15267,1
15267,6
15267,12
15267,14
15267,18
15270,1
15271,18
15272,1
15273,1
15273,18
15273,20
15274,1
15274,6
15274,12
15274,18
15274,20
15275,18
15275,20
15276,1
15276,18
15277,1
15277,20
15278,18
15279,18
15279,20
15280,1
15281,1
15281,6
15281,12
15281,18
15281,20
15282,1
15282,18
15282,20
15284,20
15285,1
15285,18
15286,1
15286,16
15287,1
15287,16
15287,18
15288,1
15288,20
15289,14
15290,1
15290,19
15291,6
15291,18
15291,20
15292,1
15292,20
15293,1
15294,1
15294,6
15294,16
15294,18
15294,20
15295,1
15295,6
15295,12
15295,13
15295,18
15295,19
15295,20
15296,14
15296,18
15296,20
15297,1
15297,13
15297,16
15297,18
15298,1
15299,1
15299,14
15299,20
15300,16
15302,1
15302,18
15303,1
15303,6
15303,14
15304,1
15304,13
15304,20
15305,1
15305,20
15306,1
15306,16
15306,20
15307,1
15308,1
15308,6
15308,14
15308,16
15308,20
15309,1
15309,14
15309,20
15310,1
15310,6
15310,18
15310,20
15311,1
15311,18
15312,1
15312,6
15312,13
15312,18
15312,20
15313,16
15313,18
15313,20
15314,14
15314,18
15314,20
15315,6
15315,12
15315,13
15315,18
15315,20
15316,1
15316,18
15317,1
15317,19
15318,16
15319,1
15319,18
15319,20
15320,1
15320,16
15321,1
15321,6
15321,12
15321,13
15321,18
15321,20
15322,1
15322,6
15322,13
15322,18
15322,20
15323,1
15323,6
15323,18
15323,20
15324,18
15324,20
15325,1
15325,6
15325,12
15325,18
15325,20
15326,6
15326,12
15326,13
15326,18
15327,18
15328,18
15329,6
15329,18
15329,20
15330,1
15330,6
15330,13
15330,18
15330,20
15331,18
15332,18
15333,18
15334,18
15334,20
15335,14
15335,20
15336,1
15336,18
15337,14
15337,18
15338,1
15338,18
15339,1
15339,14
15339,16
15339,18
15339,20
15340,18
15340,20
15341,6
15341,12
15341,13
15341,18
15341,20
15342,1
15342,14
15343,1
15343,18
15343,20
15344,6
15344,18
15344,20
15345,1
15346,18
15346,20
15347,14
15347,18
15348,1
15348,18
15348,20
15349,6
15349,12
15349,13
15349,18
15349,20
15350,6
15350,12
15350,18
15351,6
15351,12
15351,14
15351,18
15351,20
15352,1
15352,12
15352,18
15353,6
15353,12
15353,18
15353,20
15356,6
15356,12
15356,13
15356,18
15357,18
15358,18
15358,20
15359,1
15359,20
15360,18
15360,20
15361,6
15361,12
15361,14
15361,18
15363,1
15363,6
15363,12
15363,18
15363,20
15364,1
15364,20
15365,18
15366,1
15366,18
15366,20
15367,1
15367,18
15367,20
15368,6
15368,12
15368,18
15368,20
15369,18
15369,20
15370,1
15370,18
15371,6
15371,18
15372,1
15372,12
15372,14
15372,20
15373,1
15373,14
15374,1
15374,6
15374,12
15374,18
15374,20
15376,18
15377,1
15377,14
15377,18
15378,1
15378,6
15378,18
15378,20
15380,1
15380,6
15380,12
15380,14
15380,20
15381,18
15382,1
15382,20
15384,1
15384,13
15384,18
15384,20
15385,6
15385,12
15385,18
15386,1
15386,13
15386,18
15386,20
15387,1
15388,1
15388,20
15389,14
15389,18
15390,1
15390,6
15390,12
15392,1
15392,18
15392,19
15392,20
15393,16
15393,18
15393,20
15394,1
15394,6
15394,18
15394,20
15395,6
15395,12
15395,18
15395,20
15396,6
15396,18
15396,20
15397,1
15397,6
15397,18
15398,1
15398,14
15398,18
15398,20
15399,18
15401,6
15401,12
15401,18
15402,13
15402,14
15402,18
15403,1
15403,18
15403,20
15404,1
15404,13
15404,18
15404,20
15405,1
15405,18
15405,20
15406,6
15406,16
15406,20
15407,6
15407,12
15407,18
15407,20
15408,1
15408,6
15408,18
15408,20
15409,1
15409,18
15410,1
15410,6
15410,12
15410,13
15410,18
15410,20
15411,18
15412,6
15412,12
15412,14
15412,20
15414,1
15414,16
15414,18
15414,19
15414,20
15415,1
15415,18
15415,20
15416,1
15416,4
15416,19
15417,1
15417,16
15418,1
15418,6
15418,18
15418,20
15419,1
15419,6
15419,12
15419,14
15419,18
15419,20
15420,18
15421,20
15422,4
15422,6
15422,16
15422,18
15423,1
15423,13
15423,18
15423,20
15424,1
15424,18
15424,20
15425,18
15426,18
15426,20
15427,1
15427,6
15427,12
15427,14
15427,18
15428,6
15428,20
15429,1
15429,6
15429,13
15429,16
15429,18
15430,6
15430,12
15431,12
15431,14
15431,18
15431,20
15432,1
15432,14
15432,20
15433,14
15433,18
15434,12
15434,20
15435,20
15437,1
15437,6
15437,12
15437,18
15437,20
15438,18
15438,20
15440,9
15441,1
15442,6
15442,14
15442,18
15442,20
15443,6
15443,12
15443,18
15443,20
15444,18
15445,1
15445,6
15445,12
15445,14
15445,20
15446,14
15447,1
15447,14
15447,16
15448,1
15449,1
15449,6
15449,13
15449,16
15449,18
15449,20
15450,6
15450,12
15450,14
15450,18
15450,20
15451,6
15451,18
15451,20
15452,6
15452,12
15452,18
15453,1
15453,20
15454,18
15455,1
15456,1
15456,10
15456,16
15456,20
15457,1
15457,14
15458,1
15458,16
15459,1
15459,14
15460,1
15460,20
15461,14
15461,18
15461,20
15462,6
15462,18
15463,1
15463,6
15463,12
15463,13
15463,14
15463,18
15463,20
15464,1
15464,18
15464,20
15465,1
15465,9
15465,20
15466,1
15466,6
15466,12
15466,18
15467,18
15467,20
15468,18
15469,1
15470,6
15470,18
15471,6
15471,12
15471,18
15472,1
15472,6
15472,12
15472,18
15472,20
15473,1
15474,6
15474,12
15474,13
15474,18
15474,19
15475,18
15475,20
15476,1
15476,6
15476,12
15476,13
15476,14
15476,16
15476,18
15476,20
15477,6
15477,12
15477,13
15477,16
15478,1
15478,6
15478,18
15478,20
15479,1
15479,6
15479,12
15479,14
15479,18
15479,20
15480,1
15480,6
15480,12
15480,14
15480,18
15480,20
15481,18
15482,1
15482,20
15483,18
15484,1
15484,6
15484,16
15484,18
15484,20
15485,1
15485,6
15485,12
15485,16
15485,18
15487,1
15487,6
15487,12
15487,16
15487,18
15487,20
15488,1
15489,6
15489,13
15489,18
15489,20
15490,18
15491,14
15491,18
15492,1
15492,16
15493,1
15493,12
15493,18
15494,1
15494,20
15495,1
15495,18
15495,20
15496,18
15497,20
15498,1
15498,6
15498,12
15498,20
15499,1
15500,1
15500,20
15501,14
15501,18
15501,20
15502,1
15502,18
15502,20
15503,1
15503,20
15504,1
15505,14
15505,18
15506,6
15506,12
15506,20
15507,1
15507,6
15507,12
15507,18
15507,20
15508,6
15508,13
15508,18
15508,20
15509,6
15509,12
15509,18
15509,20
15510,1
15510,6
15510,18
15510,20
15511,1
15511,16
15511,18
15511,20
15512,1
15512,6
15512,18
15512,20
15513,1
15513,13
15513,18
15514,1
15515,1
15516,18
15517,1
15517,6
15517,18
15517,20
15518,1
15518,6
15518,12
15518,18
15518,20
15519,1
15519,18
15519,19
15519,20
15520,6
15520,18
15520,20
15521,1
15521,18
15522,13
15522,18
15523,1
15523,12
15523,16
15523,18
15524,6
15524,12
15524,14
15524,18
15525,18
15525,19
15525,20
15526,1
15526,20
15527,1
15527,18
15528,1
15528,18
15529,6
15529,12
15529,13
15529,16
15529,18
15529,20
15530,18
15531,1
15531,20
15532,18
15533,1
15533,18
15533,20
15534,14
15534,18
15535,1
15535,6
15535,14
15535,20
15536,18
15536,20
15537,6
15537,12
15537,13
15537,18
15538,1
15538,18
15539,1
15539,6
15539,18
15540,1
15540,9
15541,1
15541,20
15543,1
15543,18
15543,20
15544,1
15544,18
15545,18
15546,1
15547,6
15547,10
15547,12
15547,18
15547,20
15548,1
15548,6
15548,13
15548,18
15549,12
15549,18
15549,20
15550,1
15552,1
15552,9
15552,14
15552,19
15552,20
15553,1
15553,18
15554,16
15554,20
15555,18
15556,1
15556,6
15556,12
15556,14
15556,20
15557,6
15557,18
15557,20
15558,1
15558,6
15558,12
15558,13
15558,14
15558,18
15560,13
15560,16
15561,1
15561,6
15561,18
15562,14
15563,1
15563,13
15563,16
15563,18
15564,1
15565,18
15567,1
15567,18
15568,14
15569,18
15569,20
15570,1
15570,18
15571,1
15571,4
15571,6
15571,13
15571,18
15571,19
15571,20
15572,1
15572,6
15572,12
15572,14
15572,18
15572,20
15574,6
15574,12
15574,16
15574,18
15574,20
15575,14
15575,16
15575,18
15575,20
15576,6
15576,12
15576,13
15576,16
15577,1
15577,18
15577,20
15578,6
15578,12
15578,18
15579,1
15579,18
15579,20
15580,6
15580,13
15580,16
15580,18
15580,20
15581,1
15581,10
15581,20
15583,1
15583,6
15583,18
15583,20
15584,6
15584,18
15584,20
15585,6
15585,20
15586,1
15586,14
15587,18
15588,14
15588,18
15589,1
15589,14
15590,1
15590,14
15590,18
15591,18
15591,20
15592,1
15593,20
15594,14
15595,1
15596,1
15596,18
15596,19
15597,14
15597,16
15597,18
15597,20
15598,1
15598,16
15598,20
15599,6
15599,14
15599,18
15599,20
15600,1
15601,1
15601,20
15602,6
15602,13
15602,18
15602,20
15603,1
15603,14
15603,18
15604,6
15604,13
15604,20
15605,12
15605,18
15606,6
15606,12
15606,16
15606,18
15607,1
15608,1
15608,6
15608,12
15608,13
15608,14
15608,18
15608,20
15609,1
15609,18
15609,20
15610,1
15611,1
15611,18
15612,18
15613,18
15614,14
15614,18
15614,20
15615,16
15615,18
15615,20
15616,1
15616,6
15616,12
15616,13
15616,14
15617,20
15618,6
15618,18
15618,20
15619,1
15619,18
15619,20
15620,1
15620,6
15620,14
15620,20
15621,1
15621,6
15621,14
15621,16
15621,18
15621,20
15623,1
15623,18
15624,1
15624,6
15624,18
15624,20
15625,1
15625,18
15625,20
15626,6
15626,13
15626,18
15627,1
15627,6
15627,12
15629,6
15629,12
15629,13
15630,1
15630,14
15632,6
15632,16
15632,18
15632,20
15633,6
15633,12
15633,13
15633,18
15633,20
15634,1
15634,4
15634,20
15635,1
15635,14
15635,18
15636,6
15636,12
15636,13
15636,18
15636,20
15637,18
15638,1
15638,6
15638,13
15638,18
15639,1
15639,6
15639,12
15639,18
15640,1
15640,6
15640,12
15640,16
15640,18
15640,20
15641,6
15641,12
15641,18
15641,20
15642,6
15642,13
15642,20
15643,1
15643,18
15643,20
15644,6
15644,18
15645,1
15645,14
15645,18
15645,20
15646,6
15646,18
15646,20
15647,1
15647,18
15647,20
15648,1
15648,14
15648,18
15648,20
15649,14
15649,18
15650,1
15650,18
15650,20
15653,1
15653,6
15653,12
15653,13
15653,20
15654,1
15654,6
15654,12
15654,18
15657,18
15658,1
15658,6
15658,12
15659,6
15659,12
15659,18
15659,20
15660,18
15661,18
15662,1
15662,6
15662,16
15662,20
15663,1
15663,14
15663,18
15664,18
15665,12
15665,18
15666,16
15666,18
15666,20
15667,6
15667,18
15667,20
15668,1
15669,1
15670,18
15671,1
15671,18
15672,1
15672,13
15672,19
15673,18
15673,20
15674,1
15674,18
15674,20
15675,1
15675,18
15676,6
15676,18
15676,20
15677,1
15677,6
15677,18
15677,20
15678,1
15680,18
15681,1
15681,6
15681,13
15681,18
15681,19
15681,20
15682,6
15682,12
15682,13
15682,18
15682,20
15683,1
15683,16
15683,18
15683,20
15684,1
15684,9
15686,1
15686,6
15686,18
15686,20
15687,1
15687,18
15688,1
15688,18
15688,20
15689,1
15689,14
15689,16
15689,18
15690,1
15690,18
15690,20
15691,18
15691,20
15692,6
15692,18
15692,20
15693,18
15694,1
15695,18
15696,18
15696,20
15697,6
15697,12
15697,18
15697,20
15698,18
15698,20
15699,1
15699,14
15699,20
15700,1
15700,6
15700,18
15700,20
15701,1
15701,6
15701,12
15701,18
15701,20
15702,6
15702,18
15703,1
15703,6
15703,13
15703,18
15703,20
15704,1
15704,20
15705,20
15706,6
15706,12
15706,13
15706,20
15707,1
15707,20
15708,6
15708,13
15708,16
15708,18
15708,20
15709,1
15709,18
15709,20
15710,1
15712,1
15712,14
15712,18
15712,20
15713,1
15713,6
15713,16
15713,18
15714,1
15714,18
15715,16
15715,18
15715,20
15717,1
15717,18
15717,20
15718,1
15719,9
15720,18
15720,20
15721,1
15721,9
15721,15
15722,1
15722,14
15722,16
15722,18
15722,19
15722,20
15723,1
15724,1
15724,14
15724,18
15725,1
15725,6
15725,12
15725,13
15725,16
15725,18
15725,19
15725,20
15726,1
15727,1
15727,14
15727,20
15728,1
15728,14
15728,18
15728,20
15730,20
15731,1
15731,6
15731,13
15731,14
15731,16
15731,18
15731,20
15732,1
15733,1
15733,6
15733,12
15733,13
15733,20
15734,1
15734,18
15735,1
15735,6
15735,18
15735,19
15736,6
15736,13
15736,16
15736,18
15736,20
15737,16
15738,1
15738,13
15738,16
15738,18
15738,19
15738,20
15739,1
15739,14
15739,19
15740,1
15740,19
15740,20
15741,6
15741,12
15741,14
15741,16
15743,1
15743,6
15743,12
15743,16
15743,18
15744,6
15744,12
15744,18
15745,1
15745,18
15746,6
15746,14
15746,18
15746,20
15747,6
15747,12
15747,18
15748,1
15748,6
15748,12
15748,18
15748,20
15749,1
15749,18
15749,20
15750,13
15750,18
15751,1
15751,13
15751,20
15752,1
15752,18
15753,18
15754,18
15754,20
15756,1
15757,6
15757,18
15757,20
15758,18
15759,1
15759,18
15760,14
15760,16
15760,20
15761,20
15762,1
15763,1
15763,18
15763,20
15764,13
15764,20
15765,1
15765,6
15765,16
15765,18
15765,20
15766,6
15766,14
15766,18
15766,20
15767,1
15767,6
15767,12
15767,13
15767,14
15767,16
15767,18
15767,20
15769,20
15770,16
15770,20
15771,13
15771,18
15772,1
15772,18
15773,6
15773,13
15773,18
15774,1
15774,6
15774,12
15774,13
15774,18
15775,6
15775,13
15775,18
15775,20
15776,1
15776,6
15776,16
15776,18
15776,20
15777,6
15777,18
15777,20
15778,18
15778,20
15779,1
15779,13
15779,14
15779,16
15779,18
15780,18
15782,1
15782,6
15782,12
15782,13
15782,18
15782,20
15783,1
15783,18
15784,20
15785,1
15785,6
15785,16
15785,18
15785,20
15786,1
15786,6
15786,12
15786,18
15786,20
15787,1
15787,12
15787,13
15787,14
15787,18
15787,20
15788,12
15788,13
15788,14
15788,16
15788,18
15789,14
15790,18
15791,20
15792,13
15792,16
15792,18
15792,20
15793,1
15793,18
15793,20
15794,14
15795,14
15795,18
15795,20
15796,1
15796,6
15796,16
15796,18
15796,20
15797,6
15797,13
15797,18
15798,16
15798,18
15799,6
15799,12
15799,18
15799,20
15800,1
15800,6
15800,14
15800,16
15801,1
15801,20
15803,1
15803,14
15803,20
15804,1
15804,6
15804,12
15804,14
15804,18
15804,20
15805,6
15805,12
15805,16
15805,18
15805,20
15806,6
15806,12
15806,13
15806,16
15806,18
15807,1
15807,6
15807,12
15807,18
15808,1
15808,6
15808,12
15808,14
15808,20
15809,1
15809,14
15809,16
15809,18
15809,20
15810,1
15810,20
15812,1
15812,18
15812,20
15813,6
15815,1
15816,1
15816,18
15816,20
15817,1
15817,13
15817,14
15817,16
15817,20
15818,1
15819,13
15819,20
15820,1
15821,1
15821,16
15821,18
15821,20
15822,18
15823,1
15824,20
15825,6
15825,12
15825,13
15825,18
15825,20
15826,1
15826,6
15826,12
15826,20
15827,6
15827,13
15827,14
15827,18
15828,1
15828,6
15828,13
15828,18
15828,20
15829,6
15829,12
15829,16
15829,18
15830,1
15830,20
15831,1
15831,16
15831,20
15832,1
15832,6
15832,12
15832,13
15832,14
15832,18
15832,20
15833,1
15833,6
15833,12
15833,18
15833,20
15834,1
15834,13
15834,14
15834,18
15835,1
15835,6
15835,18
15835,20
15836,1
15836,18
15837,1
15837,18
15837,20
15838,6
15838,16
15838,20
15839,6
15839,16
15839,18
15839,20
15840,19
15841,1
15841,18
15842,14
15843,1
15843,6
15843,12
15843,13
15843,18
15843,20
15844,1
15845,18
15846,1
15846,14
15846,18
15847,16
15847,18
15848,1
15848,6
15848,14
15848,18
15848,20
15849,18
15851,14
15851,18
15852,1
15853,1
15853,18
15853,20
15854,1
15854,18
15854,20
15855,14
15855,16
15855,18
15856,1
15856,14
15856,20
15857,1
15857,13
15857,18
15857,19
15857,20
15858,16
15858,18
15858,20
15859,1
15859,18
15860,1
15860,6
15860,12
15860,18
15860,20
15861,20
15862,1
15862,18
15863,1
15864,20
15865,1
15865,20
15866,18
15866,20
15867,18
15867,20
15868,1
15868,20
15869,1
15870,6
15870,14
15870,18
15870,20
15872,6
15872,13
15872,18
15872,19
15873,20
15874,1
15874,20
15875,18
15875,20
15878,1
15878,16
15879,1
15879,20
15880,1
15880,20
15881,20
15882,1
15882,16
15882,18
15882,20
15883,1
15883,18
15883,20
15884,1
15884,12
15884,13
15884,14
15884,18
15884,20
15885,1
15887,18
15887,20
15888,1
15888,6
15888,14
15888,20
15889,20
15890,6
15890,12
15890,18
15890,20
15891,1
15891,6
15891,12
15891,13
15891,18
15891,20
15892,14
15892,18
15893,18
15894,1
15894,16
15895,6
15895,12
15895,18
15895,20
15896,1
15896,20
15897,20
15898,1
15899,1
15899,18
15899,20
15900,1
15900,18
15900,20
15901,1
15901,6
15901,12
15901,16
15901,18
15901,20
15902,20
15903,1
15903,18
15903,20
15904,1
15904,20
15905,1
15905,16
15905,19
15905,20
15906,1
15906,18
15907,1
15907,6
15907,14
15907,18
15908,14
15908,18
15909,1
15909,14
15909,18
15909,20
15910,16
15910,18
15910,20
15911,1
15911,20
15912,6
15912,12
15912,14
15912,16
15912,20
15913,18
15914,6
15914,12
15914,13
15914,18
15915,1
15915,18
15915,20
15916,18
15917,6
15917,12
15917,13
15917,18
15918,1
15918,20
15919,1
15919,6
15919,12
15919,14
15919,18
15920,1
15920,18
15921,18
15922,13
15922,18
15923,6
15923,12
15923,13
15923,18
15923,20
15924,1
15924,18
15925,1
15925,6
15925,12
15925,13
15925,14
15925,16
15925,18
15925,20
15926,6
15926,18
15926,20
15927,18
15927,20
15928,6
15928,13
15928,18
15929,6
15929,12
15929,13
15929,14
15929,18
15929,20
15930,1
15930,6
15930,12
15930,13
15930,18
15930,20
15931,6
15931,13
15931,18
15932,13
15932,16
15932,20
15933,20
15934,1
15934,18
15934,20
15935,1
15935,20
15936,1
15936,6
15936,12
15936,14
15936,18
15937,1
15937,18
15938,1
15938,14
15939,1
15940,1
15940,18
15940,20
15941,1
15941,18
15942,1
15942,19
15942,20
15944,13
15944,18
15944,20
15945,6
15945,18
15945,20
15946,1
15946,6
15946,12
15947,13
15947,19
15947,20
15948,1
15948,18
15948,20
15949,1
15949,6
15949,14
15949,18
15949,20
15950,1
15950,6
15950,12
15950,18
15950,20
15951,1
15951,6
15951,18
15951,20
15952,20
15953,1
15953,6
15953,12
15953,14
15953,20
15954,6
15954,18
15954,20
15955,14
15955,18
15955,20
15956,1
15956,6
15956,20
15957,1
15957,6
15957,12
15957,16
15957,18
15957,20
15958,1
15958,20
15959,1
15960,1
15960,12
15960,18
15961,1
15961,13
15961,18
15962,6
15962,13
15963,1
15963,18
15963,20
15965,1
15965,6
15965,18
15966,1
15966,6
15966,12
15966,13
15966,16
15966,18
15966,20
15967,18
15968,1
15968,20
15969,20
15970,14
15970,18
15970,20
15971,1
15971,6
15971,20
15972,20
15973,6
15973,18
15974,1
15975,18
15976,1
15977,1
15977,18
15978,18
15978,20
15980,6
15980,18
15980,20
15981,1
15982,4
15983,6
15983,20
15985,1
15985,13
15985,20
15986,18
15986,20
15987,6
15987,12
15987,20
15988,6
15988,18
15988,20
15990,18
15990,20
15991,1
15992,1
15992,6
15992,20
15993,1
15993,13
15993,14
15993,20
15994,1
15994,6
15994,18
15994,20
15995,1
15996,1
15996,6
15996,12
15996,18
15996,20
15997,1
15997,18
15997,19
15997,20
15998,1
15998,20
15999,1
15999,6
16000,1
16000,14
16000,18
16000,20
16002,1
16002,6
16002,13
16002,20
16003,20
16005,1
16006,1
16007,1
16007,13
16007,18
16007,20
16008,1
16008,6
16008,12
16008,14
16008,18
16009,1
16010,1
16010,18
16010,20
16011,1
16011,6
16011,12
16011,14
16011,20
16012,1
16012,20
16013,1
16013,18
16014,1
16015,14
16015,18
16015,20
16016,20
16017,1
16018,20
16019,1
16021,1
16021,20
16022,1
16022,20
16023,18
16024,1
16025,1
16025,18
16025,20
16026,1
16026,18
16027,1
16027,18
16027,20
16028,6
16028,12
16028,16
16028,20
16029,1
16029,13
16029,14
16029,20
16030,1
16031,1
16031,6
16031,12
16031,14
16031,18
16031,20
16032,1
16033,18
16033,20
16034,1
16034,18
16034,20
16035,9
16037,1
16037,20
16039,1
16040,1
16040,14
16040,20
16041,1
16041,9
16041,20
16042,1
16042,6
16042,18
16042,20
16043,1
16043,20
16044,1
16045,6
16045,12
16045,13
16045,16
16045,18
16046,1
16046,6
16046,12
16046,16
16046,18
16046,20
16047,18
16047,20
16048,6
16048,13
16048,18
16048,20
16049,6
16049,18
16049,20
16050,1
16050,18
16050,20
16051,18
16051,20
16052,6
16052,12
16052,13
16052,16
16052,18
16052,20
16053,1
16053,18
16053,20
16054,1
16054,18
16055,1
16055,18
16055,20
16056,1
16056,6
16056,18
16056,20
16057,6
16057,12
16057,13
16057,18
16058,1
16058,6
16058,18
16059,1
16060,18
16061,1
16061,12
16061,18
16061,20
16062,1
16062,18
16062,20
16063,18
16064,6
16064,12
16064,14
16064,16
16064,18
16065,6
16065,12
16065,13
16065,18
16066,14
16067,1
16067,18
16068,6
16068,13
16068,18
16069,16
16069,20
16070,13
16070,18
16070,20
16071,1
16071,14
16071,18
16072,6
16072,18
16073,12
16073,13
16073,16
16073,18
16074,1
16074,6
16074,12
16074,13
16074,18
16075,16
16075,18
16076,1
16076,18
16077,6
16077,12
16077,20
16078,1
16078,18
16078,20
16079,1
16079,6
16079,12
16079,13
16079,14
16079,18
16079,20
16080,1
16080,6
16080,13
16080,18
16080,20
16081,6
16081,16
16081,18
16081,20
16082,6
16082,20
16083,1
16083,6
16083,12
16083,16
16083,18
16083,20
16084,1
16084,6
16084,18
16084,20
16085,18
16085,20
16086,1
16087,1
16087,18
16088,18
16089,1
16089,18
16090,1
16090,6
16090,12
16090,13
16090,18
16090,20
16092,18
16093,18
16093,20
16094,1
16094,18
16094,20
16095,1
16095,6
16095,12
16095,18
16096,1
16096,15
16096,18
16096,20
16097,18
16098,1
16099,6
16099,12
16099,14
16099,18
16099,20
16100,18
16101,1
16101,20
16102,1
16102,6
16102,18
16102,20
16103,1
16103,14
16103,18
16103,20
16106,1
16106,18
16106,20
16108,1
16108,6
16108,12
16108,20
16109,6
16109,12
16109,13
16109,16
16109,18
16109,20
16111,18
16114,1
16114,20
16115,14
16115,16
16115,18
16115,20
16116,1
16117,18
16118,9
16119,6
16119,13
16119,18
16119,20
16120,16
16120,18
16120,20
16121,18
16121,20
16122,18
16123,18
16124,19
16124,20
16125,1
16125,19
16126,18
16127,18
16128,16
16128,18
16129,1
16129,18
16129,20
16131,1
16131,6
16131,12
16131,18
16131,20
16132,1
16132,18
16132,20
16133,16
16133,18
16133,20
16134,20
16135,13
16135,18
16137,1
16137,18
16137,20
16138,6
16138,18
16138,20
16139,1
16139,18
16139,20
16140,13
16140,18
16140,19
16140,20
16141,18
16142,1
16142,20
16143,1
16143,6
16143,14
16143,18
16144,6
16144,12
16144,14
16144,20
16145,1
16145,6
16145,13
16145,14
16145,18
16145,20
16147,14
16147,18
16149,14
16149,20
16150,1
16150,18
16150,20
16152,1
16152,13
16152,18
16153,18
16153,20
16154,1
16154,16
16154,19
16154,20
16156,1
16157,1
16157,6
16157,12
16157,14
16157,18
16157,20
16158,1
16158,9
16158,20
16159,1
16159,14
16160,12
16160,13
16160,18
16160,20
16161,1
16161,14
16161,18
16161,20
16162,1
16162,19
16162,20
16164,1
16164,6
16164,18
16164,20
16165,1
16166,1
16167,6
16167,18
16167,20
16168,1
16168,18
16169,1
16170,1
16170,6
16170,16
16170,19
16170,20
16171,1
16171,9
16173,7
16174,1
16174,6
16174,13
16174,16
16174,19
16174,20
16175,1
16175,6
16175,20
16176,1
16176,10
16177,1
16177,7
16178,7
16179,7
16180,1
16180,6
16180,16
16180,19
16180,20
16181,10
16182,1
16182,14
16183,1
16184,1
16184,6
16184,13
16184,19
16185,1
16185,6
16186,1
16187,1
16188,1
16188,12
16188,16
16188,19
16188,20
16189,1
16189,9
16189,16
16190,7
16192,1
16192,6
16192,14
16192,18
16192,19
16192,20
16193,1
16193,7
16194,1
16194,14
16194,16
16195,7
16196,1
16196,4
16196,9
16196,18
16197,7
16198,1
16198,4
16198,6
16198,14
16198,16
16198,18
16198,20
16199,10
16200,7
16201,7
16202,1
16202,6
16202,14
16202,16
16202,19
16202,20
16203,1
16203,16
16203,20
16204,1
16204,18
16205,1
16205,6
16205,16
16205,18
16205,20
16206,1
16206,10
16207,1
16207,9
16207,14
16207,18
16207,20
16208,1
16208,14
16208,20
16209,1
16210,1
16210,6
16210,13
16210,16
16210,19
16210,20
16211,1
16211,9
16212,1
16212,20
16213,1
16213,6
16213,19
16213,20
16214,1
16214,4
16214,6
16214,14
16214,16
16214,18
16214,20
16215,1
16215,6
16215,9
16215,14
16215,19
16215,20
16216,1
16216,14
16216,19
16216,20
16217,7
16218,1
16218,16
16218,20
16219,1
16219,6
16219,14
16219,19
16219,20
16220,1
16220,7
16221,1
16222,1
16223,1
16223,7
16224,1
16224,7
16225,7
16226,1
16226,6
16226,19
16227,1
16227,13
16227,18
16227,19
16228,1
16228,19
16229,1
16229,6
16230,1
16230,4
16230,9
16230,14
16231,1
16231,6
16231,20
16232,1
16233,1
16233,6
16233,14
16233,20
16234,1
16234,6
16234,16
16234,19
16235,1
16235,9
16235,14
16235,20
16236,1
16237,7
16238,1
16238,6
16238,20
16239,1
16239,6
16239,19
16239,20
16240,1
16240,6
16240,19
16240,20
16241,1
16241,5
16242,1
16242,6
16243,7
16244,1
16244,6
16244,13
16244,14
16244,19
16244,20
16245,1
16245,6
16245,14
16245,16
16245,19
16245,20
16246,1
16246,16
16246,20
16247,1
16247,6
16248,1
16249,1
16249,6
16249,13
16250,1
16250,6
16250,14
16251,1
16251,5
16251,16
16253,1
16253,6
16253,14
16253,19
16253,20
16254,1
16254,16
16254,18
16254,20
16255,1
16255,18
16256,1
16256,6
16256,13
16256,18
16257,1
16257,9
16257,18
16258,1
16258,6
16258,20
16259,1
16259,13
16259,16
16259,18
16260,1
16261,1
16261,6
16261,13
16261,16
16261,18
16261,20
16262,1
16263,1
16263,6
16263,12
16263,19
16264,1
16265,1
16266,1
16266,6
16266,18
16267,1
16267,9
16267,16
16268,1
16268,6
16269,1
16269,6
16269,18
16269,20
16270,1
16270,18
16271,1
16271,6
16271,20
16272,1
16272,14
16273,1
16273,18
16274,1
16274,9
16275,1
16275,6
16275,18
16275,20
16276,1
16277,1
16277,18
16278,1
16278,14
16278,18
16279,1
16279,6
16279,14
16279,16
16280,1
16281,1
16281,4
16281,13
16281,16
16281,18
16282,1
16283,1
16283,19
16284,1
16284,20
16285,1
16285,18
16286,1
16287,1
16287,9
16288,1
16288,16
16289,1
16291,1
16291,16
16291,20
16292,1
16292,9
16292,14
16293,1
16293,20
16294,1
16294,6
16294,18
16294,20
16295,1
16295,9
16295,16
16295,18
16296,1
16297,1
16297,18
16297,20
16298,1
16298,14
16298,18
16298,20
16299,1
16299,18
16300,1
16300,13
16300,18
16300,20
16301,18
16302,1
16302,16
16302,20
16303,13
16303,18
16304,1
16304,6
16304,14
16304,20
16305,1
16305,6
16305,20
16306,1
16306,14
16306,20
16307,1
16307,9
16308,1
16308,6
16308,16
16308,18
16309,1
16310,1
16310,9
16310,15
16311,1
16311,18
16312,1
16312,16
16312,18
16312,20
16313,1
16313,9
16314,1
16315,1
16315,18
16316,1
16317,1
16318,1
16319,1
16319,9
16320,1
16320,6
16320,19
16320,20
16321,1
16323,1
16323,6
16323,12
16323,20
16324,1
16324,16
16325,1
16325,18
16326,1
16326,12
16326,18
16326,20
16327,1
16327,6
16328,1
16328,16
16328,18
16329,1
16329,18
16329,20
16330,1
16330,14
16330,18
16331,1
16332,1
16332,6
16332,13
16332,14
16332,18
16333,13
16333,16
16333,18
16334,1
16334,9
16334,15
16335,1
16335,6
16335,12
16335,13
16335,18
16336,1
16338,1
16338,14
16338,18
16339,1
16339,18
16340,1
16340,13
16340,16
16340,18
16341,1
16341,18
16342,1
16342,6
16342,20
16343,1
16343,18
16344,1
16344,14
16345,1
16345,6
16345,13
16345,14
16345,16
16345,18
16346,1
16347,6
16348,1
16349,1
16349,18
16350,6
16350,18
16351,18
16352,18
16353,1
16353,6
16353,12
16353,18
16354,1
16355,6
16355,18
16356,1
16356,6
16356,18
16358,1
16358,18
16359,1
16359,18
16360,18
16361,9
16361,18
16362,1
16362,5
16362,6
16362,14
16363,18
16364,1
16364,6
16364,18
16365,1
16365,6
16365,18
16365,20
16367,6
16367,12
16367,18
16368,6
16368,12
16368,13
16368,18
16369,6
16369,14
16369,18
16370,1
16370,16
16371,18
16372,18
16373,1
16373,6
16373,18
16374,1
16374,9
16375,1
16375,18
16375,19
16375,20
16376,1
16376,6
16376,18
16377,1
16377,6
16377,18
16377,20
16378,1
16380,1
16380,6
16380,18
16381,18
16383,1
16383,6
16384,1
16384,6
16384,18
16384,20
16385,1
16385,6
16385,18
16386,1
16386,6
16387,1
16387,20
16390,6
16390,12
16390,18
16391,1
16391,9
16391,18
16391,19
16391,20
16392,1
16392,18
16393,9
16394,18
16395,1
16395,18
16396,6
16396,18
16397,6
16397,14
16397,18
16398,1
16399,1
16399,6
16399,16
16399,18
16399,20
16400,1
16400,9
16400,18
16401,18
16401,20
16403,1
16403,9
16404,1
16404,12
16404,18
16405,1
16405,18
16406,6
16406,16
16406,18
16407,6
16407,16
16408,6
16409,6
16409,18
16410,1
16410,6
16410,12
16410,13
16410,18
16410,20
16411,1
16411,6
16411,9
16411,18
16412,1
16412,18
16413,1
16413,10
16413,18
16414,6
16414,16
16414,18
16414,20
16415,6
16415,18
16416,1
16416,18
16417,1
16417,7
16418,1
16418,6
16418,12
16418,14
16418,18
16418,20
16420,1
16420,6
16420,14
16420,16
16420,20
16421,6
16421,18
16422,6
16422,12
16422,14
16422,18
16422,19
16423,6
16423,18
16426,6
16426,12
16426,13
16426,16
16427,18
16428,16
16430,1
16431,6
16431,18
16431,20
16432,6
16432,13
16432,18
16432,20
16433,1
16433,16
16433,18
16435,6
16435,18
16436,1
16436,18
16437,1
16437,14
16438,6
16438,16
16438,18
16439,6
16439,18
16439,19
16440,6
16440,12
16440,14
16440,18
16441,14
16441,18
16442,1
16442,6
16442,10
16442,18
16444,1
16444,13
16444,18
16444,20
16445,1
16445,16
16446,1
16446,18
16447,18
16448,18
16449,1
16449,6
16449,18
16450,6
16451,9
16452,1
16452,14
16453,1
16453,18
16454,1
16454,18
16454,20
16455,9
16455,16
16455,18
16456,12
16456,18
16457,1
16457,6
16457,18
16458,6
16458,18
16460,14
16460,18
16461,16
16462,14
16463,1
16463,18
16464,1
16464,18
16465,18
16466,6
16466,18
16467,6
16467,18
16468,6
16468,13
16469,16
16469,18
16470,6
16470,18
16472,6
16472,18
16473,18
16474,6
16474,18
16475,1
16475,14
16475,18
16476,16
16477,1
16477,18
16478,1
16478,18
16479,1
16479,6
16479,14
16479,20
16480,6
16480,12
16480,18
16480,20
16481,1
16481,6
16481,12
16481,18
16482,6
16482,13
16482,16
16482,18
16483,6
16483,18
16484,13
16484,18
16485,18
16486,1
16486,6
16487,6
16487,18
16489,6
16489,18
16489,20
16491,18
16492,18
16493,18
16494,1
16494,6
16494,18
16495,1
16495,6
16495,16
16495,18
16495,20
16496,6
16496,18
16496,20
16497,6
16497,13
16497,18
16497,20
16498,18
16499,6
16499,18
16499,20
16500,1
16500,6
16500,18
16501,6
16501,18
16502,18
16503,6
16503,18
16504,18
16505,18
16506,16
16506,18
16507,1
16507,18
16507,20
16508,1
16508,18
16509,1
16509,16
16510,6
16510,18
16511,1
16511,6
16511,18
16511,20
16512,1
16512,6
16512,18
16513,16
16514,6
16514,14
16514,18
16515,18
16516,18
16517,1
16517,14
16517,16
16517,18
16518,6
16518,18
16519,18
16520,1
16520,18
16521,1
16521,18
16522,6
16522,16
16522,18
16522,20
16523,1
16523,18
16524,1
16524,6
16524,9
16524,13
16524,18
16525,1
16525,6
16525,12
16525,18
16526,1
16526,16
16527,18
16528,18
16529,6
16529,16
16529,18
16529,20
16530,1
16530,6
16530,18
16531,1
16531,6
16531,18
16532,18
16533,1
16533,6
16533,18
16533,20
16534,16
16534,18
16535,9
16536,18
16537,12
16537,13
16537,18
16538,6
16538,12
16538,18
16539,18
16540,1
16541,1
16541,6
16541,18
16542,18
16543,9
16543,16
16543,18
16543,19
16544,14
16544,18
16545,9
16546,1
16546,6
16546,18
16546,20
16547,1
16547,13
16547,18
16547,20
16548,6
16548,12
16549,16
16549,18
16550,1
16550,6
16550,18
16550,20
16551,1
16551,13
16551,18
16552,1
16552,6
16552,18
16553,18
16554,6
16554,14
16554,16
16554,18
16555,18
16556,18
16556,20
16557,1
16557,6
16557,9
16557,18
16558,1
16558,6
16558,18
16559,18
16559,19
16560,1
16560,18
16561,18
16562,1
16562,6
16562,12
16562,18
16563,1
16563,13
16563,18
16564,6
16564,18
16565,9
16565,18
16566,1
16566,18
16567,1
16567,18
16568,1
16569,9
16569,16
16570,1
16570,14
16570,19
16571,1
16571,14
16571,18
16572,6
16572,16
16572,18
16573,6
16573,16
16573,18
16574,18
16575,1
16575,14
16576,1
16576,18
16577,18
16578,1
16578,6
16578,10
16578,18
16578,20
16579,18
16581,6
16581,18
16582,1
16582,18
16583,9
16583,16
16584,18
16585,18
16586,18
16587,18
16588,9
16588,14
16588,18
16590,1
16590,6
16590,18
16590,19
16590,20
16592,18
16593,6
16593,18
16594,1
16594,9
16594,18
16595,1
16595,18
16595,20
16596,1
16596,6
16596,18
16597,9
16597,18
16598,1
16598,12
16598,18
16598,20
16599,1
16599,20
16600,1
16601,1
16601,9
16601,14
16601,19
16602,6
16602,18
16602,20
16603,1
16604,1
16604,9
16604,18
16604,20
16605,1
16605,12
16605,18
16606,1
16606,18
16606,20
16607,16
16607,18
16608,1
16608,9
16608,18
16609,1
16609,16
16609,18
16610,6
16610,18
16611,1
16611,18
16612,1
16612,9
16612,18
16613,18
16614,18
16615,1
16615,6
16615,18
16616,1
16616,6
16616,18
16617,18
16618,14
16619,6
16619,18
16620,18
16621,6
16621,12
16622,6
16622,14
16622,16
16622,18
16623,16
16623,19
16624,6
16624,13
16624,16
16624,18
16625,14
16625,18
16626,6
16626,18
16627,6
16627,16
16627,18
16628,1
16628,6
16628,16
16628,18
16629,6
16629,18
16630,1
16630,18
16631,16
16631,18
16632,6
16632,18
16633,6
16633,12
16633,13
16633,18
16634,1
16635,6
16635,14
16635,18
16636,1
16637,1
16638,18
16639,18
16640,1
16640,6
16640,16
16640,18
16640,20
16641,6
16641,14
16641,18
16642,6
16642,13
16642,14
16642,18
16643,18
16644,16
16644,18
16645,18
16645,20
16646,1
16646,6
16646,18
16647,6
16647,13
16647,18
16647,20
16648,1
16648,14
16648,18
16650,6
16650,18
16650,20
16651,6
16651,18
16651,20
16654,6
16654,18
16655,6
16655,18
16656,6
16656,18
16657,6
16657,18
16658,6
16658,18
16659,1
16659,9
16659,16
16660,1
16660,16
16660,18
16661,18
16662,1
16662,18
16663,1
16663,16
16664,6
16664,18
16665,18
16666,6
16666,16
16666,18
16667,1
16667,18
16669,1
16669,14
16669,18
16669,20
16670,6
16670,14
16670,18
16671,16
16671,18
16672,6
16672,18
16673,1
16674,1
16674,16
16674,18
16674,19
16675,6
16675,13
16675,18
16676,18
16677,6
16677,18
16679,6
16679,12
16679,13
16679,18
16680,1
16680,15
16680,16
16680,18
16681,18
16682,16
16682,18
16683,18
16684,9
16684,18
16685,1
16685,18
16685,20
16686,1
16687,6
16687,13
16687,14
16687,18
16688,1
16688,18
16689,1
16689,18
16690,1
16690,13
16692,1
16693,6
16694,9
16694,18
16695,6
16695,18
16696,18
16697,1
16697,14
16697,18
16698,18
16699,1
16699,16
16700,13
16700,18
16701,18
16702,18
16703,18
16704,1
16704,9
16704,13
16704,18
16705,1
16705,16
16706,6
16706,13
16706,14
16706,18
16707,6
16707,16
16707,18
16708,6
16708,16
16708,18
16708,20
16709,1
16709,18
16709,20
16710,10
16711,1
16711,18
16712,18
16713,14
16713,16
16713,18
16713,19
16714,6
16714,18
16715,1
16715,6
16715,13
16715,14
16715,16
16715,18
16716,1
16717,1
16717,16
16717,18
16718,18
16719,6
16719,18
16720,16
16720,18
16721,6
16721,18
16722,1
16722,6
16723,16
16723,18
16724,1
16724,6
16724,18
16725,6
16725,18
16726,9
16726,18
16727,1
16727,18
16728,9
16728,18
16729,1
16729,6
16729,16
16730,6
16730,18
16731,6
16731,18
16732,18
16734,18
16735,6
16735,16
16735,18
16737,6
16737,18
16738,18
16739,18
16740,6
16740,18
16740,20
16741,1
16741,6
16741,16
16741,18
16742,18
16743,6
16743,18
16745,6
16745,18
16746,18
16747,1
16747,18
16748,9
16749,14
16749,16
16749,18
16750,18
16752,6
16752,18
16753,6
16753,13
16753,18
16754,14
16754,16
16755,16
16756,6
16756,18
16757,1
16757,18
16758,1
16758,19
16759,1
16759,18
16760,6
16760,13
16760,18
16761,1
16761,6
16761,18
16762,1
16762,6
16762,16
16762,18
16763,6
16763,18
16764,16
16764,18
16765,1
16765,16
16765,18
16766,6
16766,18
16767,6
16767,18
16768,6
16768,18
16769,6
16769,12
16769,16
16769,18
16770,16
16770,20
16771,6
16771,18
16772,1
16772,9
16772,18
16773,18
16775,1
16776,1
16776,19
16777,18
16777,20
16778,1
16778,6
16778,18
16779,6
16779,16
16780,18
16780,20
16781,16
16781,18
16781,20
16782,1
16782,6
16782,18
16782,20
16783,12
16783,18
16784,18
16785,1
16785,18
16785,19
16786,6
16786,16
16786,18
16787,6
16787,18
16788,18
16788,19
16789,18
16790,18
16791,18
16792,6
16792,18
16793,6
16793,14
16793,18
16794,6
16794,18
16796,18
16796,19
16796,20
16797,1
16797,16
16798,18
16799,6
16799,18
16800,1
16800,14
16800,16
16800,18
16801,6
16801,18
16801,20
16802,6
16802,18
16803,1
16804,6
16804,18
16804,20
16805,1
16805,6
16805,12
16805,18
16806,6
16807,18
16807,20
16808,18
16810,18
16811,1
16811,6
16811,18
16812,18
16813,1
16813,9
16813,18
16815,1
16815,6
16815,12
16815,13
16815,18
16815,20
16816,18
16817,1
16819,1
16819,6
16819,18
16819,20
16820,18
16821,1
16822,1
16823,1
16823,9
16823,15
16824,1
16824,6
16825,1
16825,19
16826,1
16826,9
16827,9
16827,19
16828,1
16828,6
16829,9
16829,19
16830,1
16830,19
16832,1
16832,19
16833,1
16833,9
16833,19
16834,1
16834,9
16835,1
16835,6
16835,19
16835,20
16836,1
16837,1
16837,19
16838,6
16838,19
16839,1
16839,19
16840,6
16840,9
16840,19
16841,1
16841,19
16842,1
16842,9
16842,19
16843,6
16843,9
16844,1
16844,6
16845,10
16846,1
16846,6
16846,13
16847,9
16847,19
16847,20
16848,1
16849,1
16849,6
16849,9
16849,19
16850,1
16850,9
16850,19
16851,1
16851,6
16851,9
16852,1
16852,6
16852,19
16853,1
16853,6
16854,19
16855,1
16855,9
16855,19
16856,1
16856,6
16856,19
16856,20
16857,1
16857,6
16857,13
16857,19
16857,20
16858,1
16858,18
16858,19
16859,1
16859,6
16859,19
16860,1
16860,6
16861,1
16862,1
16862,6
16862,9
16862,16
16863,1
16863,19
16864,1
16864,19
16865,1
16865,9
16866,1
16866,6
16866,9
16867,1
16867,6
16867,18
16867,19
16868,1
16868,6
16868,9
16868,14
16868,19
16869,1
16869,19
16870,1
16870,9
16871,1
16871,6
16871,19
16872,10
16872,19
16872,20
16873,1
16873,9
16873,19
16874,1
16874,6
16874,9
16874,13
16874,19
16874,20
16875,1
16876,1
16876,6
16876,10
16876,19
16877,1
16877,6
16877,13
16877,14
16877,19
16877,20
16878,19
16879,1
16879,6
16879,19
16880,1
16880,6
16880,13
16881,1
16881,6
16882,19
16883,1
16884,1
16885,6
16885,19
16886,1
16886,19
16888,1
16888,9
16889,1
16889,6
16889,14
16889,19
16889,20
16890,1
16890,9
16891,1
16891,6
16891,13
16891,19
16891,20
16892,1
16892,6
16892,9
16892,15
16892,19
16892,20
16893,1
16893,17
16894,1
16894,6
16894,13
16894,19
16894,20
16895,1
16895,6
16895,13
16895,15
16895,19
16895,20
16896,1
16896,6
16896,9
16896,19
16896,20
16897,1
16897,6
16897,19
16898,1
16898,9
16898,19
16899,1
16899,6
16900,1
16900,9
16900,19
16901,1
16902,1
16902,6
16902,9
16902,10
16903,9
16903,19
16904,1
16904,6
16904,9
16904,13
16904,15
16904,19
16904,20
16905,1
16905,9
16905,19
16906,1
16906,6
16907,1
16907,6
16907,9
16907,19
16908,1
16908,9
16908,19
16909,1
16909,19
16910,1
16910,6
16910,9
16910,19
16911,1
16912,6
16912,9
16912,15
16912,19
16913,1
16913,9
16914,1
16914,9
16915,1
16915,6
16915,15
16915,19
16915,20
16916,1
16916,6
16916,19
16917,1
16917,19
16918,1
16918,9
16918,19
16919,9
16920,1
16920,9
16921,1
16921,9
16922,1
16922,9
16923,1
16924,1
16924,9
16926,1
16927,6
16927,12
16927,18
16927,20
16928,6
16928,12
16928,16
16928,18
16929,1
16929,12
16929,16
16929,18
16929,20
16930,6
16930,12
16930,18
16930,20
16931,6
16931,12
16932,6
16932,13
16932,18
16933,6
16933,12
16933,18
16934,12
16934,18
16934,20
16935,13
16935,20
16936,10
16937,6
16937,16
16937,18
16938,6
16938,12
16938,14
16939,6
16939,18
16939,20
16941,6
16941,12
16941,18
16942,1
16942,9
16942,18
16942,20
16943,1
16943,20
16944,6
16944,12
16944,14
16944,16
16944,18
16944,20
16945,18
16946,13
16946,16
16946,18
16947,6
16947,12
16948,6
16948,20
16950,1
16950,6
16950,12
16950,18
16950,20
16951,6
16951,12
16951,14
16951,18
16953,6
16953,12
16953,14
16953,18
16953,20
16954,1
16954,16
16955,6
16955,16
16955,18
16955,20
16956,1
16956,6
16956,18
16957,1
16957,13
16957,18
16958,16
16959,1
16959,16
16959,20
16960,16
16960,18
16961,6
16961,13
16961,18
16962,1
16962,18
16963,6
16963,16
16963,18
16964,1
16964,20
16965,18
16966,13
16966,18
16967,1
16967,9
16967,18
16967,20
16968,6
16968,12
16968,18
16969,6
16969,12
16969,18
16970,6
16970,18
16970,20
16971,16
16972,18
16972,20
16973,9
16973,16
16974,16
16976,16
16978,1
16978,20
16979,18
16980,6
16980,13
16980,18
16980,20
16981,9
16981,16
16982,1
16983,6
16983,18
16983,20
16984,6
16984,12
16986,6
16986,12
16986,18
16986,20
16987,4
16987,6
16987,12
16987,18
16988,18
16989,1
16989,16
16989,18
16989,20
16990,1
16990,16
16991,1
16992,1
16992,18
16994,18
16995,1
16995,18
16996,6
16996,18
16997,6
16997,12
16997,13
16997,14
16997,18
16997,20
16998,1
16998,6
16998,12
16998,14
16998,20
16999,9
17000,6
17000,12
17000,18
17000,20
17001,6
17001,13
17002,18
17003,6
17004,1
17005,1
17007,6
17007,12
17007,18
17007,20
17008,1
17008,9
17009,1
17009,18
17010,1
17010,6
17010,20
17011,6
17011,12
17011,13
17012,12
17012,16
17012,18
17013,9
17014,1
17014,18
17015,6
17016,4
17016,18
17017,18
17017,20
17018,6
17018,18
17019,12
17020,1
17020,18
17020,20
17021,1
17021,16
17021,18
17021,20
17022,6
17022,18
17022,20
17023,13
17023,16
17023,18
17024,6
17024,12
17024,18
17025,6
17025,12
17025,18
17026,6
17026,18
17027,1
17027,9
17028,18
17030,6
17030,12
17030,16
17030,18
17030,20
17031,1
17031,16
17032,6
17032,12
17032,18
17033,6
17033,18
17036,14
17036,20
17037,6
17037,12
17037,18
17038,6
17038,12
17038,13
17038,16
17039,6
17039,12
17039,16
17039,18
17039,20
17040,6
17041,1
17041,9
17041,16
17042,1
17042,6
17042,18
17043,6
17043,12
17043,16
17043,18
17044,6
17044,18
17045,9
17045,16
17045,20
17046,6
17046,18
17046,20
17047,1
17047,6
17047,13
17047,16
17047,18
17048,6
17048,12
17048,18
17048,20
17049,1
17049,9
17050,6
17050,12
17050,18
17050,20
17051,6
17051,13
17051,18
17052,1
17052,9
17052,15
17053,6
17053,12
17053,18
17054,6
17054,12
17054,18
17055,1
17055,6
17055,18
17055,20
17056,1
17056,18
17058,18
17059,6
17059,18
17059,20
17060,1
17061,1
17061,9
17061,15
17061,16
17061,20
17062,6
17062,12
17062,13
17062,14
17062,16
17062,18
17063,6
17063,16
17064,6
17064,12
17064,16
17064,18
17065,1
17065,14
17066,1
17066,16
17066,20
17067,18
17068,1
17068,6
17068,12
17069,18
17070,18
17071,1
17072,16
17072,18
17073,1
17073,14
17073,16
17073,20
17074,6
17074,18
17074,20
17075,6
17075,12
17075,14
17076,6
17076,12
17076,16
17076,18
17078,1
17078,20
17079,6
17079,12
17079,18
17079,20
17080,1
17080,14
17080,15
17080,16
17080,20
17081,1
17081,18
17082,1
17082,9
17082,16
17082,18
17083,1
17085,6
17085,12
17085,18
17085,20
17086,18
17087,1
17087,6
17087,12
17087,18
17087,20
17088,1
17088,16
17088,20
17089,6
17089,9
17089,12
17089,18
17090,1
17090,9
17090,18
17091,14
17092,6
17092,12
17092,14
17092,18
17093,1
17094,1
17095,1
17095,14
17096,1
17096,16
17096,20
17097,1
17097,18
17098,6
17098,12
17098,18
17098,20
17100,1
17100,16
17100,18
17101,6
17101,12
17101,14
17101,18
17101,20
17102,6
17102,12
17102,13
17103,1
17104,1
17104,18
17105,1
17105,20
17106,1
17107,6
17107,12
17108,6
17108,12
17108,18
17109,6
17109,12
17109,18
17109,20
17110,1
17110,18
17111,1
17111,20
17112,1
17112,6
17112,12
17112,18
17113,9
17113,15
17114,1
17114,18
17115,6
17115,12
17115,13
17115,18
17116,9
17116,16
17117,18
17118,1
17118,16
17118,20
17119,1
17119,9
17119,16
17120,1
17120,20
17121,18
17122,1
17122,4
17122,9
17122,13
17122,18
17122,20
17123,1
17123,9
17124,9
17124,18
17125,1
17125,18
17125,20
17126,18
17127,6
17127,12
17127,16
17127,18
17128,6
17128,12
17129,1
17129,10
17129,18
17130,20
17131,6
17131,18
17132,1
17132,16
17133,6
17133,12
17133,18
17134,6
17134,12
17134,18
17134,20
17135,1
17135,13
17135,20
17136,1
17137,6
17137,12
17137,16
17138,1
17138,14
17138,20
17139,6
17139,12
17139,16
17139,18
17140,6
17140,16
17140,18
17140,20
17141,6
17141,12
17141,13
17141,18
17141,20
17142,1
17142,16
17142,20
17143,6
17143,12
17143,20
17146,9
17147,1
17148,6
17148,12
17148,16
17148,18
17148,20
17149,6
17149,12
17149,14
17149,18
17150,13
17150,18
17150,20
17151,16
17151,18
17152,6
17152,18
17153,1
17153,16
17154,6
17154,12
17154,14
17154,16
17155,18
17155,20
17156,6
17156,12
17156,18
17157,1
17157,6
17157,12
17157,18
17157,20
17158,18
17159,1
17159,6
17159,9
17159,12
17159,16
17159,18
17160,1
17160,18
17160,20
17161,1
17161,14
17162,6
17162,12
17162,16
17162,18
17162,20
17163,16
17164,6
17164,18
17164,20
17165,6
17165,12
17165,18
17166,6
17166,16
17166,18
17166,20
17167,1
17168,1
17168,13
17168,18
17168,20
17169,6
17169,12
17169,16
17169,18
17170,1
17170,18
17170,20
17171,1
17172,1
17172,18
17172,20
17173,1
17174,6
17174,14
17174,16
17174,18
17174,20
17175,1
17175,9
17175,14
17176,1
17176,16
17177,1
17177,13
17177,18
17177,20
17178,16
17178,18
17179,1
17179,9
17179,16
17179,18
17179,20
17181,1
17182,1
17182,20
17183,1
17183,9
17184,6
17184,18
17185,6
17185,12
17185,18
17187,1
17187,14
17188,6
17188,12
17188,16
17189,1
17190,4
17190,14
17190,16
17191,6
17191,18
17192,1
17192,16
17193,6
17193,12
17193,13
17193,16
17193,18
17193,20
17194,1
17194,18
17194,20
17195,1
17195,18
17196,6
17196,12
17196,14
17196,18
17197,1
17197,20
17198,1
17199,18
17200,1
17200,9
17200,14
17200,20
17201,1
17201,9
17201,16
17201,20
17202,6
17202,20
17203,1
17203,6
17203,12
17203,18
17204,1
17204,16
17205,6
17205,12
17206,1
17207,6
17207,12
17207,16
17208,1
17208,13
17208,16
17208,20
17209,1
17209,6
17209,12
17209,16
17209,18
17209,20
17210,1
17210,14
17210,20
17211,1
17211,16
17212,1
17212,6
17212,18
17213,1
17213,6
17213,18
17213,20
17214,1
17214,9
17214,16
17215,1
17215,9
17215,18
17216,1
17218,1
17218,16
17220,1
17220,16
17220,20
17221,16
17221,18
17222,1
17222,20
17223,1
17223,9
17224,1
17224,9
17225,16
17226,6
17226,12
17226,13
17226,18
17226,20
17227,1
17227,14
17228,1
17228,20
17229,1
17229,6
17229,9
17229,12
17229,16
17229,20
17230,1
17230,9
17231,1
17231,20
17232,1
17232,16
17232,20
17233,1
17233,16
17234,1
17235,6
17235,18
17236,1
17236,20
17237,18
17238,1
17239,1
17240,6
17241,1
17242,6
17243,6
17243,12
17243,18
17243,20
17244,6
17244,12
17244,20
17245,1
17246,1
17246,20
17247,1
17247,20
17248,6
17248,12
17248,20
17249,1
17249,9
17250,16
17251,6
17251,12
17251,20
17252,6
17252,14
17252,18
17253,6
17253,16
17253,18
17253,20
17255,1
17255,16
17255,20
17256,1
17256,10
17256,18
17257,13
17257,18
17258,13
17258,14
17258,18
17258,20
17260,1
17260,9
17260,16
17260,18
17260,20
17261,1
17261,16
17262,1
17262,14
17262,18
17262,20
17263,1
17263,6
17263,13
17263,16
17263,18
17263,20
17264,6
17264,12
17264,16
17264,18
17265,1
17265,20
17268,4
17268,12
17268,18
17268,20
17269,6
17269,12
17270,1
17270,18
17271,1
17271,6
17271,18
17271,20
17272,1
17272,9
17272,18
17273,1
17273,9
17273,16
17273,18
17274,1
17275,1
17275,9
17276,1
17276,9
17276,14
17276,16
17276,20
17277,1
17277,9
17277,14
17278,1
17278,16
17280,1
17280,15
17282,18
17283,1
17283,20
17284,1
17284,18
17284,20
17285,18
17285,20
17286,1
17286,4
17286,6
17286,18
17286,20
17287,1
17287,20
17288,6
17288,13
17288,20
17289,1
17289,4
17289,9
17290,1
17290,9
17290,20
17291,1
17293,18
17293,20
17294,9
17295,6
17295,12
17295,18
17295,20
17296,1
17296,9
17296,16
17297,6
17298,1
17298,6
17298,13
17298,18
17299,1
17299,9
17299,20
17300,1
17300,9
17300,16
17300,18
17301,1
17301,16
17302,6
17302,13
17302,16
17303,9
17303,16
17304,1
17304,16
17305,6
17305,12
17305,13
17306,1
17306,6
17306,12
17306,20
17307,1
17307,9
17308,12
17308,18
17308,20
17309,1
17309,9
17309,14
17310,1
17310,16
17310,20
17311,1
17311,6
17311,12
17311,20
17312,16
17313,1
17314,6
17314,9
17314,12
17315,9
17315,14
17315,16
17316,6
17316,16
17317,1
17317,9
17318,9
17318,20
17319,1
17319,6
17319,12
17319,16
17319,20
17320,1
17320,6
17320,20
17321,1
17321,14
17321,16
17321,20
17322,16
17322,18
17323,1
17324,1
17324,12
17324,18
17324,20
17325,1
17325,9
17325,20
17326,1
17326,9
17326,16
17327,1
17327,9
17327,18
17327,20
17328,6
17328,20
17329,1
17329,20
17330,1
17330,14
17330,16
17330,20
17331,6
17331,18
17332,1
17332,20
17333,20
17334,1
17334,16
17334,20
17335,1
17335,9
17335,18
17335,20
17338,18
17339,16
17339,18
17342,18
17343,1
17343,14
17343,16
17343,20
17344,1
17344,10
17344,14
17345,1
17347,9
17347,18
17348,6
17348,12
17348,18
17349,1
17349,16
17350,16
17351,1
17351,16
17353,1
17353,9
17353,10
17353,15
17354,1
17354,9
17354,14
17354,18
17355,1
17356,6
17356,12
17356,20
17357,14
17358,9
17358,18
17359,6
17359,12
17360,20
17361,18
17362,1
17362,18
17366,1
17366,9
17366,18
17367,6
17367,20
17368,6
17368,12
17368,13
17368,18
17369,1
17369,4
17369,16
17370,1
17371,6
17371,12
17371,16
17372,1
17372,16
17372,18
17372,20
17373,1
17373,20
17375,1
17376,1
17376,18
17376,20
17377,16
17378,1
17378,9
17378,20
17379,6
17379,12
17380,1
17380,18
17380,20
17381,1
17381,6
17381,18
17382,1
17382,15
17383,1
17383,18
17384,1
17384,16
17384,18
17385,1
17385,16
17385,20
17386,1
17387,9
17387,14
17389,1
17389,14
17390,1
17390,20
17391,1
17391,9
17391,20
17392,1
17392,18
17393,1
17393,18
17395,1
17395,16
17395,20
17396,1
17397,6
17398,6
17398,16
17398,18
17399,6
17399,12
17400,18
17401,1
17402,6
17402,12
17402,16
17402,18
17402,20
17403,1
17404,1
17404,14
17404,15
17404,16
17405,1
17405,14
17406,1
17406,18
17407,1
17407,4
17407,20
17408,1
17408,6
17408,14
17408,16
17408,18
17408,20
17409,6
17409,12
17409,16
17409,18
17409,20
17410,1
17410,20
17411,1
17412,1
17412,18
17413,1
17414,1
17414,9
17414,14
17415,1
17415,9
17416,9
17416,14
17417,1
17417,16
17418,1
17419,6
17419,12
17419,13
17419,20
17420,1
17420,9
17420,13
17420,16
17420,20
17421,1
17422,6
17422,12
17422,13
17422,16
17422,20
17423,1
17423,9
17424,1
17424,6
17424,18
17424,20
17425,6
17425,12
17425,13
17426,6
17426,9
17427,1
17427,16
17427,18
17427,20
17428,13
17428,18
17428,20
17429,6
17429,12
17429,13
17430,6
17430,12
17431,1
17433,6
17433,20
17434,6
17434,9
17434,12
17434,16
17435,1
17436,16
17436,18
17437,1
17437,9
17437,18
17438,9
17438,18
17438,20
17439,18
17440,1
17444,9
17446,18
17447,1
17448,9
17449,1
17449,20
17451,1
17451,18
17452,18
17453,20
17454,1
17454,9
17456,1
17456,16
17456,20
17458,1
17458,14
17459,6
17460,18
17461,1
17461,6
17461,16
17461,20
17462,1
17462,6
17462,12
17462,13
17462,14
17462,16
17462,18
17463,20
17464,1
17465,1
17465,14
17465,15
17465,16
17465,20
17466,6
17466,12
17466,13
17467,1
17467,6
17467,13
17467,14
17467,16
17467,20
17468,1
17468,9
17468,16
17468,18
17468,20
17469,6
17469,20
17470,1
17470,9
17471,16
17471,18
17471,20
17472,1
17472,16
17472,18
17472,20
17473,1
17473,16
17474,1
17475,1
17476,6
17477,1
17478,6
17478,12
17479,1
17479,9
17479,18
17480,1
17481,1
17482,6
17482,12
17482,16
17484,9
17486,1
17486,18
17486,20
17487,6
17487,12
17488,1
17489,1
17489,6
17489,18
17490,1
17490,9
17490,14
17491,6
17491,18
17492,1
17492,16
17492,18
17493,1
17493,14
17493,19
17493,20
17494,1
17494,6
17494,12
17494,20
17495,1
17495,14
17497,9
17498,1
17498,18
17500,1
17500,16
17501,6
17501,12
17501,13
17501,20
17502,1
17502,9
17502,10
17503,14
17504,1
17504,9
17504,20
17508,1
17508,9
17509,1
17509,18
17509,20
17510,9
17510,18
17511,1
17511,14
17512,9
17513,6
17513,12
17513,16
17513,20
17514,6
17514,12
17514,13
17514,16
17514,20
17515,18
17516,1
17516,14
17516,18
17517,1
17517,9
17517,16
17517,20
17518,16
17519,9
17519,15
17520,1
17520,20
17521,9
17521,16
17523,6
17523,12
17523,13
17523,20
17525,1
17525,9
17525,20
17526,1
17526,6
17526,14
17526,20
17527,1
17527,9
17527,14
17527,18
17528,1
17528,16
17528,18
17528,20
17529,14
17529,18
17530,1
17530,16
17530,20
17531,1
17531,4
17531,16
17531,18
17531,20
17532,1
17532,18
17532,20
17533,1
17533,4
17534,1
17534,14
17534,18
17535,13
17535,18
17535,20
17536,1
17537,1
17539,1
17539,18
17541,16
17543,4
17543,6
17543,18
17544,6
17545,18
17545,20
17546,1
17546,9
17546,18
17546,20
17547,1
17547,14
17547,16
17547,18
17548,1
17548,14
17549,1
17549,14
17549,18
17550,1
17551,1
17551,16
17552,1
17552,16
17553,6
17553,12
17554,16
17554,20
17556,16
17557,1
17557,18
17559,6
17559,18
17559,20
17560,1
17560,6
17560,20
17561,1
17561,14
17561,16
17561,20
17562,18
17563,20
17565,1
17565,16
17566,6
17566,12
17566,13
17566,16
17566,18
17567,16
17568,1
17568,13
17568,18
17568,20
17569,9
17569,20
17570,1
17570,9
17570,20
17571,6
17571,12
17572,1
17572,18
17573,20
17575,6
17575,12
17576,9
17576,13
17576,18
17576,20
17577,1
17577,9
17578,1
17578,9
17578,15
17579,1
17579,9
17579,16
17579,18
17579,20
17581,1
17581,9
17582,1
17583,6
17583,12
17583,18
17584,12
17584,18
17585,9
17585,18
17586,1
17586,14
17587,1
17587,16
17587,20
17588,20
17589,1
17590,1
17590,16
17590,20
17591,6
17591,12
17591,18
17592,1
17594,1
17595,1
17595,6
17595,12
17595,13
17595,14
17596,6
17596,12
17596,14
17596,16
17596,20
17598,1
17598,6
17598,18
17598,20
17599,1
17599,20
17601,1
17602,1
17602,9
17603,1
17604,16
17605,1
17606,6
17606,12
17606,20
17607,6
17607,20
17609,1
17609,16
17610,1
17610,16
17611,16
17612,1
17612,9
17612,16
17613,1
17613,9
17613,16
17614,1
17614,20
17615,13
17616,16
17617,18
17619,13
17619,18
17620,6
17621,1
17621,18
17622,1
17622,9
17623,1
17623,9
17624,6
17624,16
17624,18
17625,1
17626,1
17626,20
17628,6
17628,18
17628,20
17629,18
17631,6
17631,12
17631,18
17631,20
17632,1
17632,18
17633,1
17633,16
17633,18
17634,1
17634,9
17634,18
17635,18
17635,20
17636,1
17636,9
17636,15
17636,16
17637,9
17637,13
17637,16
17637,18
17637,20
17638,1
17638,9
17638,18
17639,1
17639,14
17640,1
17640,20
17641,14
17642,6
17642,9
17642,20
17643,1
17643,14
17643,16
17643,18
17644,6
17644,12
17645,1
17647,1
17647,9
17648,16
17649,1
17650,1
17650,9
17650,14
17651,1
17652,6
17652,12
17652,13
17652,20
17653,1
17653,9
17653,20
17654,6
17654,18
17655,1
17655,14
17655,16
17656,1
17656,9
17658,20
17659,1
17659,9
17659,13
17660,1
17660,4
17660,18
17661,1
17661,4
17661,18
17662,1
17662,18
17664,1
17664,6
17664,12
17664,18
17664,20
17666,1
17667,1
17667,18
17667,19
17668,1
17669,1
17669,4
17669,9
17669,18
17670,1
17670,16
17671,1
17671,9
17672,12
17672,16
17672,18
17673,1
17673,9
17674,1
17674,18
17675,1
17675,18
17675,19
17676,1
17676,14
17676,20
17677,1
17677,9
17677,18
17678,1
17678,9
17678,14
17679,1
17679,14
17679,18
17679,20
17680,1
17681,1
17681,16
17681,18
17681,20
17682,1
17682,9
17682,18
17683,1
17683,6
17683,12
17684,1
17684,6
17684,12
17684,18
17684,20
17685,1
17685,18
17686,1
17686,6
17686,13
17688,1
17689,1
17689,4
17689,9
17689,16
17690,1
17691,1
17691,9
17692,6
17692,13
17693,1
17693,18
17694,1
17694,6
17695,1
17695,13
17695,16
17695,18
17696,1
17696,9
17696,14
17697,1
17698,1
17698,18
17699,1
17699,14
17699,18
17700,1
17700,9
17700,20
17701,1
17701,9
17702,18
17702,19
17703,1
17704,1
17704,9
17704,18
17705,1
17705,18
17706,1
17706,18
17706,20
17707,1
17708,1
17708,18
17709,1
17709,18
17710,1
17710,13
17710,18
17711,1
17711,18
17714,1
17715,1
17715,18
17716,1
17717,6
17717,14
17717,16
17717,18
17718,1
17718,6
17718,19
17718,20
17719,1
17719,6
17720,1
17720,14
17720,18
17721,1
17721,14
17722,1
17722,16
17722,18
17723,1
17723,2
17724,2
17724,9
17725,1
17725,16
17725,18
17726,1
17726,6
17726,18
17726,20
17727,1
17727,14
17727,18
17727,20
17728,1
17728,14
17728,18
17729,1
17729,6
17729,18
17729,20
17730,1
17730,3
17731,1
17731,14
17732,1
17732,3
17732,15
17733,1
17733,3
17733,14
17734,1
17734,3
17734,13
17734,18
17735,1
17736,2
17737,1
17737,14
17737,18
