ID,firstName,firstNameNormalized,lastName,lastNameNormalized,birthDate,address,username,email,password
1,Giampiero,giampiero,Natta,natta,1985-03-16,"Stretto Lombroso 632, Rieti",gnatta9214,giampiero.natta60375@example.com,"&Av28M($L98NbB8@s.$EtO@(tufR*@wtDmVNC6GFJExu7#oF1kGzHDy?qsJrG,nH&4e@Yk&k6vvo&.Lk%NR0w)dbCvsMDSKiy"
2,Mercedes,mercedes,Caruso,caruso,1971-10-09,"Piazza Binaghi 167, Seghe",mcaruso3165,mercedes.caruso24559@example.com,",vCgkF(QkQ!oXkPM#SGVqjy%c@nto@P298fuf#?PyKOFCa%WY?rONOcYbeJW,ymx#OJE*8@gttd#P6Brw(T4AW4!@atwDOmyM#IpDobphBc5HN58qxNu)"
3,Morena,morena,Cantimori,cantimori,,"Rotonda Fiamma 69, Serravalle",mcantimori6550,morena.cantimori7932@example.com,"*enA7g(rja?6*mc(NmVyTUJTNz#dDtk5jY6VT&4r,5xG.pib(3z%!dIm#!iUjs"
4,Fulvio,fulvio,Tarchetti,tarchetti,,"Strada Mariano 36, Morrone Del Sannio",ftarchetti4518,fulvio.tarchetti40937@example.com,"KzDCE#JGh5!P4$#lH$NOT!McVw2$EHtBdLc09*SX3x9u$?waAU9ZG9KXpa6qBvG#Rx6,"
5,Vincenzo,vincenzo,Oliboni,oliboni,1998-05-20,"Vicolo Pinamonte 97, Santa Luce",voliboni9875,vincenzo.oliboni9299@example.com,93Y*VO(*eB!8@4.7u*sp5PL#)##7JnvbOcYVcKVaz$kyL4$Z)gG43k9ht6gRb8wXEq@
6,Girolamo,girolamo,Carnera,carnera,,"Stretto Ossola 917, Pontremoli",gcarnera589,girolamo.carnera44408@example.com,"Dc#hfM4lte),b?t#Wr1d6Q*FP0Z6(0.5T3,4BSViSL(dY4D*qXwFPVDNS1AZeQPCuuTq?,Fsj.ZQkCK3&zX8,r5Ozl#*I?kW!Rrh6GG3L)b"
7,Gaetano,gaetano,Proietti,proietti,1983-11-12,"Rotonda Olga 37, Fengo",gproietti941,gaetano.proietti60954@example.com,0t()RO7aUfk
8,Giacobbe,giacobbe,Tasca,tasca,,"Incrocio Almagià 8, Grana",gtasca7130,giacobbe.tasca49626@example.com,$EkqhK3bbK0xXP010&H3ls&O)xnPX5YJ@trlrUe6UCSDs9$cvXtW2Knt8I
9,Costantino,costantino,Maspero,maspero,1989-10-25,"Vicolo Caetani 665, Furtei",cmaspero2202,costantino.maspero94197@example.com,LLrUSJDxb%BsTe1!$iem6ymT0ho@atedB?p
10,Lina,lina,Albertini,albertini,1980-07-24,"Strada Alessandra 8, Venco'",lalbertini1004,lina.albertini23115@example.com,q%9QtfuG4dzCW7&52xpk28WN1RuP*k6.mwwDxUex28MYuiPZY8%rJwMZE)b5L94$wO3%c$iuru()
11,Niccolò,niccolo,Redi,redi,1981-03-30,"Borgo Iannelli 18, Polistena",nredi9795,niccolo.redi18049@example.com,X7%VHdAIFNYgNY$7VA#yWB@hn4QesOxkDErUi(JJ.sQ2bq?#leLMNZRVDgNRW&
12,Armando,armando,Vergassola,vergassola,1975-01-03,"Incrocio Camilla 26, Civitanova Del Sannio",avergassola6349,armando.vergassola60632@example.com,xmO1qI2i!AkazT
13,Greca,greca,Sraffa,sraffa,,"Stretto Romina 67, Vita",gsraffa7983,greca.sraffa95623@example.com,"YTdewH,a$NzRb?r%Pw,8$mNGqv)BuY@dNb(5P5$4ZAI0pIhtsvgb)Y0w!7kZm#H.3Yj)7jMCgPiPqgoe*RKprJwaoM*lwX0YC99r&()R,IVH(hY(cTg5Gl)eo6"
14,Gionata,gionata,Borroni,borroni,1962-02-09,"Borgo Donati 81, Capodrise",gborroni4483,gionata.borroni76523@example.com,"Fao5cVt0u&pK9yHk,L5dZkuDVuonSE$BiSo6*NRm6pFzxW!3"
15,Alessio,alessio,Trotta,trotta,1983-07-29,"Piazza Benito 51, Veleso",atrotta8950,alessio.trotta41307@example.com,"Qgg0Dy9!@8J,MiiAjTBeIopz4DJtr.xkYbeg5d5clHQWdV%KoyUJ0d%a2i&Tmu@NZE(iO0pcdXz*$uLO@?QxG*8#f!9#z5C(r"
16,Sante,sante,Cannizzaro,cannizzaro,1952-11-12,"Rotonda Gianluigi 95, Sant'Elia Fiumerapido",scannizzaro394,sante.cannizzaro54149@example.com,"zZ(#T(c8G,sO(**h(RFXvBV2AP@6gM%jb0wHheaSpT"
17,Gianfrancesco,gianfrancesco,Vespucci,vespucci,1996-05-15,"Vicolo Prati 9, Capriano Del Colle",gvespucci8720,gianfrancesco.vespucci24956@example.com,"zRl,znVw9k3&2l5IK7gcan1Ojol(V?4kva6)(pE639yr)(k3GRy?n#W"
18,Gianna,gianna,Panicucci,panicucci,1964-04-10,"Vicolo Barracco 138, Boccaleone",gpanicucci9721,gianna.panicucci59570@example.com,JTCn0wbd$kCrkD3#x3oA1)mt&(3lDmb&Q$p9C1y1m1xD@f1?2
19,Pompeo,pompeo,Tamborini,tamborini,,"Canale Lauretta 79, Micciano",ptamborini7914,pompeo.tamborini41740@example.com,"G.(%?&1TrO@cz0nOziiGf0N?6gPf?vD7Y!x3d(TjdBOwQDw7j&C%,Qo@*nJ,dcBCdk2#JsG8tyd?.bG@4C?%LoN%xVl"
20,Lodovico,lodovico,Canevascini,canevascini,1964-05-09,"Piazza Melina 826, San Giovanni Alla Vena",lcanevascini5558,lodovico.canevascini57843@example.com,4Q@9&ME!1(uHThUDoSXUyMJNnjS0qJM6!ofKy(6QN$FfIZKDQa7Q%De#ko8HawhdMVaosSAu
21,Arturo,arturo,Farinelli,farinelli,,"Via Polesel 73, Aterrana",afarinelli1936,arturo.farinelli33984@example.com,@)gwM5pZVvB9)l9L6$*xwc3
22,Luisa,luisa,Lopresti,lopresti,1966-11-25,"Viale Ugolino 56, Cornale E Bastida",llopresti3650,luisa.lopresti72844@example.com,DM3Rme@PiA9M!ktYI.!aBYVxw8$?NS#F1mK2kdv(HGfJwzaRazQEFUrPs*IwNYsmrw1L1OK6!O7fFDl0&)!rrw.4dHeD21R&cLNuzFgw3
23,Elmo,elmo,Geraci,geraci,1945-08-23,"Viale Michelotto 0, San Polo Matese",egeraci6096,elmo.geraci79031@example.com,"E32r6Pb5XFvbgPQ@v()QJ7et%1RjQ9ic4AW9N9wS5na@C#D5v1Us?LUa*w?V#MtrJ67p(8xJhbqU8Hbu,xdW&SSGTEBueN"
24,Priscilla,priscilla,Alfonsi,alfonsi,1961-03-02,"Stretto Bova 397, Riva Del Sole",palfonsi1196,priscilla.alfonsi52509@example.com,"uWw#L4I.&1Vx7J!i(79ka30*,.YloIB0PSS()F53y$ac$,hJY&aJi#Ledjy27NoJ6Re(lmiYDK2D3pEWQa"
25,Iolanda,iolanda,Ricciardi,ricciardi,,"Strada Treccani 16, Casalnuovo Monterotaro",iricciardi8857,iolanda.ricciardi57449@example.com,"rw9kC%(ARYNWTOe8U1g34gikApR&(,&A(75@cOpHJY?@S@W)9W@2ehm63EjwpFg"
26,Silvia,silvia,Cesarotti,cesarotti,1959-09-22,"Strada Benedetto 8, Molino Del Piano",scesarotti5425,silvia.cesarotti46777@example.com,UOEK0tLNB8(tjJtP4ys9NzqVt.hA*wxI7CsQ9JZI
27,Serena,serena,Giannotti,giannotti,,"Via Casale 33, Carano",sgiannotti3549,serena.giannotti46405@example.com,dr3%!W0z4Uwc0uEgPwTu!PzO4tmphK#kSRs*1MR(0K0Yb2@CjV7K8*5hfA&5fo?gq18uY0b5dnwxabrDmfhB)2E9Gz1W0My21HNImOm0F5Mc9ElS(ZqJ*90QfW1
28,Gianpietro,gianpietro,Lamborghini,lamborghini,1972-08-13,"Strada Fantozzi 27, Viarolo",glamborghini5910,gianpietro.lamborghini32656@example.com,c8(9yCF7p&gK&TY$*$UmVznMt9@iTt2Vio$nMWxY8j!U8eDjLGslI$?R
29,Enzo,enzo,Ritacca,ritacca,2004-05-30,"Borgo Alina 19, Bousson",eritacca8593,enzo.ritacca32424@example.com,Kz@jC7VP7LLxjkq!*t4zuOxU7*G5
30,Pellegrino,pellegrino,Piovani,piovani,,"Stretto Montessori 38, Fanzolo",ppiovani7501,pellegrino.piovani57090@example.com,BLtvV.O1Iip8EgKv1Y9yHoLlZriW1I1XU52W?0&f0e
31,Damiano,damiano,Parmitano,parmitano,,"Incrocio Pierangelo 2, Tiglio",dparmitano8349,damiano.parmitano46517@example.com,nGkyM0@2#d$IqVNQCOyQg&bg2VzpFB5(5.s2
32,Tullio,tullio,Zamengo,zamengo,,"Stretto Cardano 183, Trecchina",tzamengo986,tullio.zamengo50766@example.com,7ZqRN0&#@noG?j#SC.#P
33,Concetta,concetta,Inzaghi,inzaghi,2001-01-07,"Vicolo Giorgia 897, Penna",cinzaghi1930,concetta.inzaghi78057@example.com,tdFf?T0W90B.l)g8JVCMU6Y6k2BV3GrL.oSXHZv3MYT%ECzmRJAs?X
34,Gloria,gloria,Casalodi,casalodi,1955-01-02,"Rotonda Mercadante 1, Naro",gcasalodi4017,gloria.casalodi14632@example.com,ZL9qNoQW4qUIGRzPqPx%JtZTT570U
35,Sabatino,sabatino,Curiel,curiel,,"Strada Sanudo 59, Iselle",scuriel9920,sabatino.curiel21600@example.com,(fcn#A(si$Z(T64y(PD9%VN2@&(bSrufjVnMM8o*tIqCA!MUfBJ@HXtbWsV52zp*Gy11c@X(ykP9rlwXMd7YjQTTIycUE8Ix
36,Girolamo,girolamo,Guglielmi,guglielmi,1967-05-05,"Piazza Totino 6, Sant'Agata De' Goti",gguglielmi5015,girolamo.guglielmi41084@example.com,$D(NHX8e
37,Rocco,rocco,Taliercio,taliercio,1957-07-02,"Canale Golino 3, Bazzano Inferiore",rtaliercio1554,rocco.taliercio97698@example.com,"?abLzKMWLbX,,NK24r4RH0@D#*nQcHD7gCDNrx"
38,Mario,mario,Alfonsi,alfonsi,,"Stretto Emilio 593, Casa Del Conte",malfonsi624,mario.alfonsi82333@example.com,4eAWT1raUA?T6$8kNp&GexMZc(uw?H@(avx3vS5p1oeTTTsSh5Nz.&
39,Aria,aria,Fornaciari,fornaciari,1946-03-02,"Canale Renzo 66, Parrana San Giusto",afornaciari2627,aria.fornaciari36399@example.com,?LAn6ZE*r8eUDNsFSJD&9xnjMuABFVU*DSAyM%P*o%6JGioPP*7?
40,Vittorio,vittorio,Nitti,nitti,1978-08-31,"Incrocio Magnani 813, Issogne",vnitti3923,vittorio.nitti32308@example.com,"Rz7hZMyltg(G9)%$Xk07iwsCCdf?B*,b$*MB63y2ehFUL*?9RiQgUgvxEjiK?2kB%EB8rCZyFF.e.foj!L"
41,Adriano,adriano,Ammaniti,ammaniti,1985-02-02,"Contrada Montanariello 239, San Pietro Di Cadore",aammaniti6185,adriano.ammaniti33394@example.com,"ff)U%Xb,RotX%mZCmN1(PAdUBg3V@1Smxn!PjoM2NAUe5fdqdiaTqpzPD0iq#SN"
42,Mariano,mariano,Monte,monte,,"Strada Carlo 525, Santa Croce Cervasca",mmonte2083,mariano.monte52835@example.com,"0JMb?kj,p?h3309HECJvt"
43,Calcedonio,calcedonio,Mazzi,mazzi,1994-08-26,"Canale Vespa 73, Riomaggiore",cmazzi3524,calcedonio.mazzi98229@example.com,"e0@t5N88Lnqf54(SljK&e&7x042JGPFgRc!PW0teeCztvQ!0B6cFdUk,)praPfj(eT$JgETJkExts%DVX$3ONHk#cvAhoVuwiSEGl!f))&*UQt9D6"
44,Annetta,annetta,Vezzali,vezzali,,"Vicolo Nitti 74, Torreano",avezzali3914,annetta.vezzali89873@example.com,"sSK.!5ZmHmQdo(*,A(W%,BgSz,c%RiQRK6h$F1HAUz,N#7?E74Y0.M*(MCl"
45,Morena,morena,Cilea,cilea,,"Strada Malpighi 2, Compiano D'Enza",mcilea2792,morena.cilea48714@example.com,OWI56pd)
46,Renata,renata,Caccianemico,caccianemico,1953-12-30,"Vicolo Sagnelli 464, Gualtieri Sicamino'",rcaccianemico6654,renata.caccianemico3727@example.com,0!%0oFbEE!nuiwSlt7rgCkg484%HPsEcqaNbdK81(ytMMGC
47,Pierina,pierina,Flaiano,flaiano,,"Via Ermes 8, Fimiani",pflaiano6431,pierina.flaiano53149@example.com,Z$a6)Hvi!
48,Gabriella,gabriella,Spinola,spinola,1955-12-04,"Rotonda Federico 325, Tricerro",gspinola6216,gabriella.spinola5937@example.com,"t4mbY&z!4v.MsE%..InnDOG,pr3t(21.cH4MQJTwi%dChF&"
49,Mario,mario,Ginesio,ginesio,2006-11-26,"Piazza Sole 58, Ville Sur Nus",mginesio8265,mario.ginesio837@example.com,YcRVAz*amCFb3FIC13V0XTFLFM2sh?q*7Hh
50,Alessia,alessia,Calvo,calvo,,"Strada Zeffirelli 725, Molare",acalvo7497,alessia.calvo30466@example.com,"IZpFF3TWq,P)8Mb#L3FMP$%AA5RS@7McR$"
51,Franco,franco,Vittadello,vittadello,,"Stretto Sabatino 632, Torrione Di Salerno",fvittadello9516,franco.vittadello35181@example.com,txwU0Tm7nnTNKp?SUIJsn6mp%Gb82!vsaM(ol0uZ143d0l&RpyQ618%u(Vp7.8IPDavEwia5omTG0PW18KN&r4nTw%%6$G90
52,Greco,greco,Federici,federici,,"Stretto Annamaria 76, Gargazzone",gfederici903,greco.federici43769@example.com,tlCe3!hdlvOP6L6AmcyHPu$!4?LnsGRJtX4WdcHof(LgcIN6!Km%9CK
53,Girolamo,girolamo,Mozart,mozart,1991-02-12,"Via Salvi 7, Tufo Di Carsoli",gmozart4638,girolamo.mozart52692@example.com,"q,7@HFNl?)O&RaNtvRxcspV!g5Y9DGgZ(F(.$ci?5F%MbBlHn&maJlqLDUX)jB$X$nbgVZKxkptb!hWx9$Dz&.OFbLe2oDMDpp3OU4dK9@SxdvMxyMd("
54,Adriano,adriano,Sorrentino,sorrentino,,"Piazza Nosiglia 97, Carrone",asorrentino1900,adriano.sorrentino16741@example.com,"XDvRif5b86vfQhBnd60dTyWAmF0CDeOh(&Wg!2l7YT#y9H@bN2vxrEdVnyhJR$*KpusxN$e,8p68cw8NqdoC?O5Ex.PGQf9A"
55,Federico,federico,Cignaroli,cignaroli,,"Incrocio Ilaria 94, Tognazza",fcignaroli3010,federico.cignaroli91295@example.com,"4stgQxDI*Nc*ui3GDAdhQLf8Xj9WIw@jnMsmav21Ap1,7awoy40HJD6G@K$msIm2YGZDDLIqPw1Xm!eW79rfOyaJg%"
56,Giacomo,giacomo,Cesarotti,cesarotti,1949-01-06,"Rotonda Branciforte 82, Vipiteno",gcesarotti4358,giacomo.cesarotti23912@example.com,$SCLfaTSLwxy8z?SDyHj61$h5Mts(3vW0aOZ%QAKpSkUssIh.(vYCeao.Y)3FONKwE#.G
57,Virgilio,virgilio,Camuccini,camuccini,1947-07-30,"Borgo Carolina 79, Manzolino",vcamuccini9723,virgilio.camuccini89742@example.com,"IOGe757R4L$r23nciluUUCt?,2KEW1r7yiL5kr*6fs3aBz9*CsVkoES7An9C*p5x3GxBL1,c?"
58,Marta,marta,Ubaldi,ubaldi,,"Vicolo Fieramosca 2, Valleggia",mubaldi5137,marta.ubaldi34766@example.com,!M6ia2vJnYHX0JB!YA8QfI3jSB$4J#JLa1%6GbZD
59,Vittorio,vittorio,Castelli,castelli,1960-12-03,"Piazza Emilio 92, Lisio",vcastelli7369,vittorio.castelli58151@example.com,"8zf&sVB%&Gu0T3YYs,L@%o1v"
60,Lolita,lolita,Spadafora,spadafora,1996-03-08,"Piazza Scaramucci 440, Scapezzano",lspadafora4081,lolita.spadafora61234@example.com,"TfxME4R2KU3PJ%.u0v3PgRKUT(BGBBr43@BL6ekC&Mg%TCwiHKEZO),,lC#u*h"
61,Etta,etta,Finzi,finzi,2006-04-02,"Viale Ficino 3, Bracca",efinzi7491,etta.finzi75655@example.com,e4yRuz0vAWu4dK!vHt(wCPCnpHRrmJh.5eg)3DoCiYOnwx0m.w3mY#GvBOqmc(oUg%g9%CqBVW&4*ay?Xzt%Df%kO(7(aug7KqDI1
62,Silvia,silvia,Falloppio,falloppio,2001-12-05,"Borgo Damiano 63, Sieti",sfalloppio1148,silvia.falloppio97498@example.com,i.5(6ti83O0OB#BSMsvwJwrwO(3cPpURTE*3nxk4J)U*vLa51b9V1edbls9v)BppUa5e37
63,Pierluigi,pierluigi,Gualandi,gualandi,1978-04-20,"Stretto Fiorino 118, Santa Maria Navarrese",pgualandi3927,pierluigi.gualandi99382@example.com,Q19T0IvGK&@ldHGS?6$6NfSZOQ%e#W?kU0RRB96pHEm6zmS#D60dT23P8YdLLdNg?9jSqLE0
64,Paulina,paulina,Balbo,balbo,1971-10-19,"Borgo Leopardi 22, Ardore Marina",pbalbo7024,paulina.balbo79551@example.com,zkagSTGeQFgp&qtOlJOLl$qBR#dudC(#K9!3
65,Melania,melania,Vendetti,vendetti,,"Viale Vivaldi 81, Grottola",mvendetti9917,melania.vendetti13957@example.com,"l)R60Eye3Ul7D%yRaZdp,)CqqS@FbV5g6pg.J&.,HfUzmK(eSVc$70ew"
66,Paloma,paloma,Gagliano,gagliano,,"Incrocio Villadicani 9, Filignano",pgagliano9008,paloma.gagliano9518@example.com,"#LoQP(UYv%2Np2O4?uRs!h5wkG%?3Xq$GsYMimaB$*FUcOw*dG?siX*!,!%*62xU2UVB"
67,Gianpietro,gianpietro,Columbo,columbo,,"Incrocio Morrocco 9, Montano Lucino",gcolumbo8517,gianpietro.columbo95858@example.com,HJJznVALB64KCQG1E5ke?pIG2$Ix9cW$P
68,Flora,flora,Tamburini,tamburini,1961-11-09,"Strada Ugolino 5, Selva Di Val Gardena",ftamburini2675,flora.tamburini1769@example.com,"puCMV7tBr1My)TO)98hl@nygVtgz7u9bdKqx!jK$pnn2D#,&saHP&BVgGfWcjlkF78FZvDju@9"
69,Valerio,valerio,Fantini,fantini,,"Contrada Bellini 882, Tresnuraghes",vfantini7195,valerio.fantini91670@example.com,"cMP23c?MeI8NmnK9u3rli7pzt@5k,)8mKKCPKdAp$DbIpnzRN#(7oOpSg$g"
70,Santino,santino,Foconi,foconi,1945-12-12,"Viale Sandra 511, Torello",sfoconi2814,santino.foconi57506@example.com,"O8(r97TRo,MJ1sR3Y$*vuaOl@?dlQSn2#5Atbmft."
71,Vincenzo,vincenzo,Virgilio,virgilio,1961-03-23,"Borgo Federico 6, Fie' Allo Sciliar",vvirgilio5295,vincenzo.virgilio61821@example.com,o69%EFLc!.z&U3vtYl)YM3rCcPsh4K#*#hKrCUwZ?55BcEKm7LPs
72,Cecilia,cecilia,Florio,florio,,"Incrocio Iadanza 815, Boccaleone",cflorio6511,cecilia.florio80985@example.com,$LkEvf4BAtdZLN!7rqZ?Mvd7#UnSd$hfThjfNsD
73,Gabriele,gabriele,Iannuzzi,iannuzzi,,"Vicolo Raffaele 27, Vairano Stazione",giannuzzi7473,gabriele.iannuzzi19801@example.com,a&Q4OU1.2Z4qFOy@Nni9InzrWFAg%lx0EOPTIl
74,Enzio,enzio,Soranzo,soranzo,,"Via Achille 54, San Patrizio",esoranzo666,enzio.soranzo37253@example.com,"&MGEm$l)aGDkh%Ae#a61nekNws,1aXl@ibH8lkechRItaV#l@US(Hom6($&yCB40Y9Cq4y8%vcW5B)XAjRa@j"
75,Dionigi,dionigi,Farnese,farnese,,"Vicolo Avogadro 4, Lentini",dfarnese3004,dionigi.farnese86919@example.com,M5h.@rldnFcze!DF*u5mJVQ$uzczpP(H3Uo!xp0caJx8Jc@ia5zk$nf69.3MaEls%UC?dmqn2$VPX?2cLbPnQ.Uh*096(&5ENS0d
76,Ornella,ornella,Priuli,priuli,,"Rotonda Costanzi 7, Domanins",opriuli1352,ornella.priuli93406@example.com,OrcKH5VHnn?@39s3A7Hp01GF4N*g
77,Pellegrino,pellegrino,Cammarata,cammarata,,"Vicolo Trincavelli 71, Avise",pcammarata780,pellegrino.cammarata97897@example.com,"FwiJvlGvds(MJZkzz.R.$qutPOw@iTvpB%6QCJq9PY2t8Wz*W3U?3tGiIHAN*Yg@viOP4ySak3Me($TwdTJYaSK%2?jd,WLyGS"
78,Carolina,carolina,Maggioli,maggioli,1967-07-15,"Contrada Bazzi 6, Tresigallo",cmaggioli9327,carolina.maggioli37311@example.com,"xNAzf%$YdL3(R2waJa,d@dyquw8O0LstuDz"
79,Valerio,valerio,Basso,basso,,"Contrada Lombardi 77, Ciconicco",vbasso3883,valerio.basso95406@example.com,l%$LnxG&OWZnW@9wyX3i?Rvo9LCpSi4Lo6.8B3!wo)vn3SIOIM.Zn7VhORd
80,Cesare,cesare,Boccaccio,boccaccio,,"Via Ermanno 998, Veglie",cboccaccio2667,cesare.boccaccio52458@example.com,"(otRTxugw!#SB&g$YanLpt)HIV21J&*%GWNvw,vJ64gJOuamBBA.F7zA1?(b*n9u,71Gp"
81,Romeo,romeo,Bragaglia,bragaglia,,"Contrada Nicola 42, Rassina",rbragaglia4224,romeo.bragaglia78543@example.com,"&%Q3%m,11ONzHvQ?m6&8WhG63%3KQO#gxb07Zr2999Ia#qrztc(e!PRY(.y#R*@K0HQWJ.hVdo4hnfXI(V9YW"
82,Marisa,marisa,Casadei,casadei,,"Viale Bianchini 5, Voghera",mcasadei9583,marisa.casadei31389@example.com,p897BF8oz)i
83,Etta,etta,Porcellato,porcellato,1957-12-18,"Via Gianfrancesco 59, San Benedetto Di Lugana",eporcellato1911,etta.porcellato15930@example.com,"oa%QDCkG8j*B&)$0j%ZjLy1dz&seUi4zs9ZrlG3i!#x7pF7o8lC)Upzi1vN,73W8Fo@M*0E"
84,Paloma,paloma,Murri,murri,,"Via Luciani 987, Lova",pmurri2635,paloma.murri80566@example.com,Q9NY#&mtL
85,Costantino,costantino,Bresciani,bresciani,1950-09-04,"Vicolo Tasca 92, Taverna",cbresciani8699,costantino.bresciani8493@example.com,zyQ?wP?.2CXQ75bU?%Gbn$
86,Maria,maria,Doglioni,doglioni,1995-10-11,"Borgo Fredo 7, Pecetto Di Valenza",mdoglioni4127,maria.doglioni76312@example.com,"ETeu!3@Bjj.lRy7(3q2L&RUS%zbTKI#c9Q*uJEGtU8k,J&7&u*HAHIkuX)!46u8o,ebflJUdUiCG11ixVNais1Ab*tb.TB9Pkpf"
87,Delfino,delfino,Munari,munari,1996-11-25,"Rotonda Stefanelli 734, Corva",dmunari195,delfino.munari46975@example.com,"z7C*aAj%xQNRw.ye)kGakWq0n5)dVCUtPrkTGTgb#A5FIIL&(1ft1iY54C@qW6IL%MpS5r3SgYDLCWzvnx4!S2l5ooL,!.bGh*MNrdETKYz3jQIs"
88,Ruggiero,ruggiero,Nibali,nibali,1953-10-03,"Viale Bragaglia 514, Incudine",rnibali282,ruggiero.nibali21230@example.com,"m9sq*LAk@D)K,RSuKLqto(sOVP8lEUeJSNHSU1rjpe8aKVLAgKKH)gOcQUM@m6)Wg"
89,Liana,liana,Agostini,agostini,,"Viale Lisa 12, Carbonara Di Nola",lagostini8026,liana.agostini13080@example.com,"5oALpRpuQQ,#Q8i(JEuBFSZ,gG7(mCuZEqcHqe#zA0.K7YA,2c@Ulzs&9K20Iyz8Cz0tnD"
90,Silvestro,silvestro,Corradi,corradi,1996-06-25,"Vicolo Elvira 8, Magaro",scorradi6241,silvestro.corradi15835@example.com,yaGJzO#EN!(hT*vLRy)bCHUs*DgFeC%MyDH008ySbdeyW6)12FATGSk52#FZeavaRx@qQFeX@66RywZ(?uwFhBzDMM2y00
91,Graziella,graziella,Vezzali,vezzali,1990-04-19,"Vicolo Gregori 62, Castions",gvezzali9139,graziella.vezzali59040@example.com,"rmnp@nZR)1k,5&5gxCdlvG@B(Vk@2WKT#lP$C4hj8jAKHkESQ!yBhG!SSSGMDt@!KKof?nBK!cYg*4B68#KS1t9JTgcJ@HyM1T"
92,Fortunata,fortunata,Morandini,morandini,,"Rotonda Barracco 85, Tarsogno",fmorandini7857,fortunata.morandini88121@example.com,cCO@Uy$JCtLM?Lyk5eeL$o2OLNoQ&UHR9(q.NVwR*)h
93,Melania,melania,Fabrizi,fabrizi,,"Vicolo Ettore 653, Tordandrea",mfabrizi2730,melania.fabrizi57613@example.com,"ImWX5!ExOpsc2q&&,Ip390%C4$B&0G,Oq1JImLnS!CgGHo%gjk,ZFxgyh9qlamJWnJYogBv*P1qRpG.oux%6X#sOpEF"
94,Melania,melania,Mazzacurati,mazzacurati,,"Stretto Toscani 5, Peonis",mmazzacurati1937,melania.mazzacurati76903@example.com,"fsyMJWkPmFd4N(s1m5fM(rUw0dlAq6t.?v#(r#D,#VrGaVw4xDd%3)Il@$L"
95,Mirko,mirko,Conte,conte,,"Stretto Venditti 345, San Marcello Pistoiese",mconte8418,mirko.conte30562@example.com,"#yTAJ88I?#szVSIJA,p#o6fE33*c%eWtR8S*i0g0jizwukJ"
96,Donatella,donatella,Ruberto,ruberto,,"Piazza Eleanora 60, Prepotto",druberto8009,donatella.ruberto380@example.com,"A0kEX@o6NA)A,p83,j%4qof$)neJ6e!@l1fG9m4XamK2DNuZs.E(e@A4"
97,Adamo,adamo,Cendron,cendron,,"Strada Corradi 1, Trentino Nel Frignano",acendron5456,adamo.cendron52310@example.com,"%0,hE1Wx6i%HU4Wp8OHjL8nM9to%WUcEA0!$jyF&ZcwWv4??"
98,Massimo,massimo,Bova,bova,1976-07-17,"Piazza Ferdinando 939, Vianelli",mbova6603,massimo.bova10273@example.com,yOI7EyE?zi5qUO%dZWD7yxqqQVQ&qX%0KduNw$B&eJN)1tuSL1FH*fZq6Mh#gf65aXuZj2zROMsMB?O#bHM%4i9km&j1VuqF5nyaHUUIZRa
99,Pina,pina,Galeati,galeati,,"Strada Pina 61, Pietrabuona",pgaleati2089,pina.galeati49386@example.com,qHhpCdak(P?u8sMZ3s9JUk)w?bg@q?ywBtOfcEEo&mgmsp.Ysh0H4N&1q1LQ32)PAB$IUhe
100,Annunziata,annunziata,Cuzzocrea,cuzzocrea,,"Canale Venditti 572, Garbagnate Milanese",acuzzocrea7127,annunziata.cuzzocrea61488@example.com,Usmuw7Mok((%IC$P9K.acAUT.1bgx92Tf0FRSa8dJk3KwHy9Sgyuh4o2zC!0F0ZKvQj&(5Rr0KIxzth#7skD@rzSPAgVLg!rL.m
101,Martino,martino,Gilardoni,gilardoni,1997-05-15,"Canale Scaduto 2, Villa Verde",mgilardoni3667,martino.gilardoni9609@example.com,m$xJzW4xe6iUWSFH5YB)TW3BtSNV7FnFQkpl@#a@Pvt7(*1v8H*3AQsXwzgCIMt7LCstZ$j5n
102,Alberico,alberico,Vitturi,vitturi,,"Strada Angelo 43, Badia A Elmi",avitturi7087,alberico.vitturi74272@example.com,"Vt#C$#w!SU3di&1CewgY,S$DquZo!0bIwGXtv386L#bQA8g9Q61VlrmqXNrh#?P*SDkih)fruUIF"
103,Melina,melina,Geraci,geraci,,"Via Govoni 396, Monterenzio",mgeraci2153,melina.geraci23387@example.com,"!LHqpEA)46(oO8ujJIzz0fO&jOo00%HSFowGc(9I,aoZ6j(7slI%t86XuboQxK3I6(kJhgv9%dtXWfzASn1%(ermMGwmKWlhbDh6um."
104,Fernanda,fernanda,Filogamo,filogamo,,"Rotonda Salvatore 56, Castel Condino",ffilogamo4464,fernanda.filogamo11796@example.com,"VcIj?Fu74LDza$NJdpzMfc6YI*4(#bYcTAH42r,v%sMl1K%MMOC#Ukx4OPK"
105,Durante,durante,Pezzali,pezzali,1991-03-10,"Contrada Piersanti 70, Montalto Dora",dpezzali3935,durante.pezzali80858@example.com,"7?1#sOn5ZZJjdmnAMciVsrh&AUtWM7?MiRe3OUJH$7!UaDAf@hmp@Q(WF7ZjMvT,B7vbY(FI9e!UrO0$x6udV8JFb,UnOMrkClNOWa*i19wU0CbZj"
106,Saverio,saverio,Scarpa,scarpa,,"Piazza Montanari 32, Accaria",sscarpa9056,saverio.scarpa12357@example.com,"G4&,eLn30apNKv5x&E4Jo5k0AnJT(q&cs9ZaGga3ecJd7S),MS55)vWz.S)6apT2(quqa$fq"
107,Raimondo,raimondo,Stefanelli,stefanelli,1998-11-29,"Piazza Raimondo 2, Castel Del Monte",rstefanelli414,raimondo.stefanelli32597@example.com,5uW(P(NoYFn0@J59EcL!Z%yRYjqjo970cIm.@u3O3$xeth13ItZvuJWk
108,Durante,durante,Giannetti,giannetti,,"Strada Fantini 2, Villa Di Chiavenna",dgiannetti1552,durante.giannetti56987@example.com,"3,(y3np$jySNq99Hn7llF$@sPI4.WpI7o9@cWDAeWsJTKP0jl5i01.$jW$i*8C4za33"
109,Gemma,gemma,Pastine,pastine,,"Stretto Venier 0, Catanzaro Lido",gpastine9291,gemma.pastine97012@example.com,"tNCgIkuu)4b%@X5d6&PJCcmq)$dIm%Zq,#Zq.80@21m.!rS)HG*tFfXCN"
110,Biagio,biagio,Pellegrini,pellegrini,,"Rotonda Rosalia 9, Le Rughe",bpellegrini4637,biagio.pellegrini94641@example.com,OP8azv&qXss)XY#bY0Rz1pV$uDkDZHR3RxH(75M0tj*yhI
111,Maurizio,maurizio,Poerio,poerio,1970-11-02,"Contrada Mascagni 1, Campo Canavese",mpoerio852,maurizio.poerio35016@example.com,"9?67,WNup1jpkj$$I&LRUs.PaYysn&folpxBlYg2QKqVC7)C%"
112,Giampaolo,giampaolo,Mascagni,mascagni,2003-12-28,"Rotonda Adelasia 993, Masnago",gmascagni1714,giampaolo.mascagni46093@example.com,a6E0KFR#xK7%V*!b#Hh?vuMOQ)d3h1UZEfJsi32G4rsJYmvb@obd$WxRm8TOwlrs1m*
113,Silvio,silvio,Gonzaga,gonzaga,,"Viale Roberto 5, Chiavano",sgonzaga8022,silvio.gonzaga33314@example.com,azy6g*.i!$fzVeIU*6yJptSSvBQ1rnZZPu*DGd)0rc@QX
114,Alberico,alberico,Boiardo,boiardo,1947-03-13,"Canale Griselda 85, Piastre",aboiardo9520,alberico.boiardo7638@example.com,"ZAwt!8#Z)sRr11E.TQ$MSW,Hd!z3)de#I)jcO9V#1*rvMA2PK$2XsBPLFKgwgAfJmOHgTae#cUFft7sTA7gUxyx2#xt5DN7Pc*a"
115,Lara,lara,Toninelli,toninelli,,"Via Caruso 573, Piscinas",ltoninelli3887,lara.toninelli45780@example.com,0BSGb5HMfeQ?1m5SzYXvvjf?W!CS#iU(A?I3N%tj6e1p9BlIFhWYA#Xf*FAjAgjuG5#sI!#JCtu6L(
116,Gianna,gianna,Papafava,papafava,1994-12-24,"Rotonda Foscari 3, Albettone",gpapafava4229,gianna.papafava14230@example.com,".UKD),DRkcN5W?U7b?sxeIrpl&t$yWzXtwzramz!A(DLxngbiCmr$@.wPuxAm1h)PO."
117,Paride,paride,Pertini,pertini,,"Viale Vanvitelli 25, Borgo San Dalmazzo",ppertini5091,paride.pertini6311@example.com,"QPySINY3?ebDiSl)ijMEOz2&%Hyj!7uujEt!YjKovoA$tL%bQyOfZ*yFNx#X6g6c)PnFq#Q4BOBve7C4$8Yrg98xzQKJF8i,zK@0HYZ*"
118,Ronaldo,ronaldo,Bevilacqua,bevilacqua,2006-09-12,"Contrada Marcantonio 6, Casarea",rbevilacqua4508,ronaldo.bevilacqua25487@example.com,txf6mV7v9hI?BV%?9XPBmSLF.FRV$kPJSG7em@KGotLZpN2dUq5f9fmXc
119,Daniele,daniele,Majorana,majorana,1981-05-03,"Incrocio Morosini 167, Maccagno Con Pino E Veddasc",dmajorana4179,daniele.majorana36041@example.com,SN8bkGM9@D(uDgUqeRz9wbaS*@#z9uUvvT41d@pMt(n#XpPPdILa?MRRCO%y*#1I4q7xeqTmqQNnBL9vs$R%WSAS1*QkEGfPXnpG
120,Elvira,elvira,Bersani,bersani,1964-06-18,"Stretto Micheletto 92, Gavignano",ebersani2086,elvira.bersani57014@example.com,"5.L$5lLy,HMqo$MccI1N4Csm)I3(MP.s$b,D"
121,Gloria,gloria,Rizzoli,rizzoli,1953-03-20,"Stretto Claudia 93, Fiumicino Di Savignano",grizzoli6708,gloria.rizzoli99616@example.com,$Z9oewu6E(m4ZkF5wQ89OlN6AnhZ9tuxRa.7BSCINrYZNO?dSmcoHt(w#QMp$I4@B0eLXA7B1mkqaKLTuig!*)uC3%f*JVc?*aV
122,Franco,franco,Bragadin,bragadin,1985-01-09,"Vicolo Maura 289, Locorotondo",fbragadin5460,franco.bragadin24801@example.com,e$4ym#0J)NhetRx59hKF4
123,Michele,michele,Micca,micca,1997-01-10,"Via Camicione 1, Moggiona Di Poppi",mmicca1016,michele.micca94411@example.com,FrIRPTjCZn0YtzQjbET$mX8p#!fcmHg&?L
124,Lucrezia,lucrezia,Cuzzocrea,cuzzocrea,1949-12-15,"Incrocio Giacomo 33, Filiano",lcuzzocrea5755,lucrezia.cuzzocrea62531@example.com,"Ou7*qcAg2?GnkFSZjI0CQhjvjW944Ed?t4,,i8YxGY8(X1,#elV2(@i(jle,8E1"
125,Loretta,loretta,Pacetti,pacetti,,"Incrocio Tartaglia 63, Collegno",lpacetti197,loretta.pacetti36424@example.com,"HVp6sH%TFu59yW*Wh!1adCUh,#W2bKaDGu%R!qocmJ3E64dAK?QhOaQ*eRaQ$f51.Usfr%R0m&"
126,Mattia,mattia,Balotelli,balotelli,1963-04-05,"Rotonda Marcella 6, Coiano",mbalotelli8721,mattia.balotelli86333@example.com,"197Hu06U1&E2)!yObhYuwc*Efgj4ZtTGAo!%.q4y@Jm8nna4rzP@A7P$DTY,!9MR7,dkoYAw*zCDb(oa4t).PF,F!N@2%yppOK$FCND34&t!X%2rXapt(ZVb7LiLv"
127,Amadeo,amadeo,Tozzi,tozzi,1980-09-03,"Via Ranieri 494, Livo",atozzi1137,amadeo.tozzi74292@example.com,"gVK4U@09@,UobaxOd(OiKxCd,xrEysQghLPAL6x(07vz3Le?rJIp,T()l5Ol$e8guqSRj7)R0(C$qaDW,8*tUlS*%Fvv6@*HSElgggjcTlK?4t,T2tn,(UtmZ."
128,Ettore,ettore,Cannizzaro,cannizzaro,1951-07-04,"Contrada Enzio 94, Delebio",ecannizzaro699,ettore.cannizzaro80855@example.com,"874UHbLD7.B5$T5P8rqkn?oi8Vu?jqEz85Dx?.dKnPjagyM923oKCwnaPGSrqx%cNKSOW,NT@(9WqBZWT?@uq,xZ4UIfsPDw@ViC$A@0*(*H33)GovG3lkJ"
129,Graziella,graziella,Campise,campise,1956-03-25,"Contrada Ernesto 847, Coccaglio",gcampise7558,graziella.campise38031@example.com,XV@bV1gzv$rf.Ysk#qDicgStOlpKX(Vrx1RgKiV*Z0jlYz4c2vGL2*It9!fKI(8p1CjPHijj4c3wA7TUeLuJDswDwknX6
130,Gaspare,gaspare,Mascagni,mascagni,,"Vicolo Grisoni 1, Bagnatica",gmascagni6008,gaspare.mascagni81488@example.com,f93grkqhSo?NwxprLV#gPh(#8348Z5bzy2G)qB1I%ei!a*nW*V
131,Pasqual,pasqual,Guarneri,guarneri,,"Strada Imelda 83, Barumini",pguarneri112,pasqual.guarneri24245@example.com,DJyipzNH5ZkZZ&8qMchov*9DZ
132,Antonietta,antonietta,Gabba,gabba,,"Contrada Brambilla 11, San Chirico Raparo",agabba9504,antonietta.gabba5694@example.com,4WDGAPmgdOZY7oG1nS9VWajGx?4SIe&qj8jv1HYy1zj5Z44Km0M!xYQXq&EJ3pw)L@3BEJH
133,Livia,livia,Grimani,grimani,,"Incrocio Piersanti 650, Pavigliana",lgrimani8919,livia.grimani59969@example.com,"zL$EDo*V@19R9iO2rYe9Co0,cjTfn4ZE6FYDcpRb1Gn5eMUami9zcr"
134,Claudio,claudio,Salandra,salandra,1994-01-08,"Piazza Matilda 25, Tavazzano Con Villavesco",csalandra4654,claudio.salandra41338@example.com,"IfizSQAG(q9gzU,DTH4XYKVjkL0XHk&TtDzz@v5jUA%D1vLZA$395SI!wgC49Gw&I$KBNG0hviAI%N&7!qHoCifnM&nC5A5fC#SqDuS23C0ca7oU!5qbr7p6"
135,Raffaellino,raffaellino,Fabrizi,fabrizi,1951-03-24,"Strada Antonello 4, Usago",rfabrizi2832,raffaellino.fabrizi95674@example.com,"YZXu#BiEoXz882NXuT4u%.$WGjE#TYhWL&ptVva5?q6r4qmNW$qVXhE?GQI!0*lbskb,&!8MWoCrl9mab(DaN@XF8fN)!xO2Hp8bH$q0(uRXfBw01H"
136,Alberto,alberto,Tagliafierro,tagliafierro,1958-10-19,"Incrocio Carlo 75, Montemezzo",atagliafierro1834,alberto.tagliafierro13111@example.com,l23Paiy0NECMg*R81TrQ@ivE27MyJKrDG?dqZ.@nkHJ$S5nGh70kBjP!8Y(tG4817l)*PnrL4nFBerdpOmR
137,Raffaella,raffaella,Leopardi,leopardi,,"Strada Zabarella 92, Castelnuovo Bozzente",rleopardi5594,raffaella.leopardi95777@example.com,iIZFVQTgtn19I@CFX
138,Gioffre,gioffre,Filippelli,filippelli,1950-02-13,"Borgo Cassandra 87, Provvidenti",gfilippelli2521,gioffre.filippelli24051@example.com,GuSMfyi57&4v(6oFEOy!4)VG2iKSah*
139,Emma,emma,Vidoni,vidoni,1983-08-02,"Vicolo Sollima 777, Plan In Passiria",evidoni8844,emma.vidoni18520@example.com,"dYj7BbgLXUCZDn6Yry#,(#KhTHiHM&ko"
140,Panfilo,panfilo,Valier,valier,,"Strada Gianetti 91, Succiso",pvalier8407,panfilo.valier83040@example.com,SCB3x878?lLawp2oXSzEa5qXFV?ugjl#0(n94$O.XNUgHa$S
141,Achille,achille,Tarantino,tarantino,,"Canale Durante 8, Collefontana",atarantino5435,achille.tarantino75159@example.com,"*ipLE.rJ%ut5KB@0S9),oP(?yHq,Gteyitg?Y"
142,Temistocle,temistocle,Marzorati,marzorati,1952-06-24,"Viale Federici 6, Sa Pala Ruia",tmarzorati494,temistocle.marzorati47604@example.com,"uz0aCuKxKHbZJbdU$d1*!&51I156twc4%Q,upsV8L6x6fxJSgclAqYUaT"
143,Matteo,matteo,Curci,curci,1981-05-11,"Vicolo Iacobucci 44, Palazzo D'Arcevia",mcurci1292,matteo.curci57282@example.com,"98lv?hWFLg@rchzqDpzAhCOR6TKZ#F9szCSVPuLWP0eRO?icOH,ntjdbAy4kzsKjdrxMZNtyuD4O7Z#N(5?Bv5NCp&5atjeS0,1xEeFtLqSFlZj"
144,Melania,melania,Nolcini,nolcini,,"Borgo Chiara 682, Guinzano",mnolcini4677,melania.nolcini63753@example.com,")M3drLDeZ6AcZ7zW9C#lEi6iRJuExl8df1&KUU,y7TWG#%AO("
145,Livio,livio,Samele,samele,1996-11-16,"Borgo Roman 33, Terricciola",lsamele6104,livio.samele49536@example.com,"vRz&&LbCqJB1n3VPLF,nQ#khw09M6aD!QRx.$D22EkdCmlm$"
146,Alberico,alberico,Beccheria,beccheria,,"Via Margherita 29, Tresilico",abeccheria1586,alberico.beccheria74725@example.com,YLGIE9wgX%g7$cGd7Ye7%
147,Maura,maura,Mannoia,mannoia,1972-01-16,"Piazza Priscilla 58, Castelnuovo Parano",mmannoia5101,maura.mannoia76159@example.com,"mo@HtVXyYu.m0.94a,3oAF9nzoPtv.85r1R$XFvypPmM&2#VfaH$m!vlCxYZcu#3Uu5vcV$sk6gv3t"
148,Luisa,luisa,Condoleo,condoleo,1949-01-02,"Piazza Pagliaro 414, Villamassargia",lcondoleo2672,luisa.condoleo67338@example.com,@NO*8z5Bg*Lkqs
149,Gianni,gianni,Alboni,alboni,,"Viale Riccati 55, Puntaldia",galboni8492,gianni.alboni74630@example.com,"9Q*p,RHfRZjn2)e?*U7oUakKi4jMO4H#IUncuVKIcL3ZOSP,%Pv8)V)VFjVjsDjnx,nl9&z@BJfBenu9P7TZszC%2"
150,Barbara,barbara,Pacelli,pacelli,1952-05-23,"Stretto Ceri 63, Forchia",bpacelli6943,barbara.pacelli32766@example.com,bXoo@33DhspZj6U(VWnzN%A7FJB0c&i(aTDR8Ilxe(Io&YBOsLik.j)z$JSe#owMgBg7nx$G8%#BrqRJ
151,Lamberto,lamberto,Scialpi,scialpi,1984-09-26,"Vicolo Marcello 40, Meta",lscialpi2451,lamberto.scialpi815@example.com,"l49(HGd9b3RJWnRo3PIKS.*a4p.Q9,DPhP#aG)YS5S?MToJNcFbQrM@gV3h2jJ#bzogp)xZfFSZF1r5jtlUE1DiO(5GML"
152,Letizia,letizia,Fischetti,fischetti,1969-03-15,"Contrada Rizzo 6, Rivanazzano",lfischetti5227,letizia.fischetti17668@example.com,"Jag11!OnJMprrt,%nl)hAlln3R3FTlVO#jBBFDgO6?pZ*OPM*40udNInD@OEI4&6k&$z#Kd&IvzlWE@Ds"
153,Graziano,graziano,Foletti,foletti,,"Canale Viviani 27, Casalattico",gfoletti1576,graziano.foletti13486@example.com,PMlk9zS?Pds*
154,Michelangelo,michelangelo,Rocca,rocca,1960-07-22,"Via Salvi 57, Castelchiodato",mrocca4690,michelangelo.rocca67806@example.com,5rGRy?gw8JrJ(qHEJ4ZZ8Wmbou?
155,Damiano,damiano,Granatelli,granatelli,,"Canale Diana 29, Cormano",dgranatelli5138,damiano.granatelli50688@example.com,"AsNsfMK2c*fmyXCcV@.lHE,WNroOo%F)COls$%3#B)yGJ8V.YlnadsGau"
156,Gian,gian,Sandi,sandi,,"Contrada Garozzo 183, Torbole Casaglia",gsandi6989,gian.sandi55548@example.com,"Iy,4mRL*t#RRP)q0)83bbW2C3eu5t,os"
157,Alessandra,alessandra,Caffarelli,caffarelli,1979-04-27,"Viale Marsili 140, Vezzan",acaffarelli9564,alessandra.caffarelli50206@example.com,"9ol6)0r?nIq?*MWOcir,Pidr#eU6)PTWN(clOS)7Z8E)qs%IX4ZIobD!sqPB%9uh?Epe7%fqRb.yeWAyRdmvqH7,7RS2p"
158,Lina,lina,Baroffio,baroffio,1958-08-01,"Canale Sylvia 9, Stezzano",lbaroffio3152,lina.baroffio68230@example.com,KEgWbnp)vXmx1sADS!24p&Vsnsq#ja3Lot!QwjJdqcnXZhf2aWQPz1n7FEdHc20)kix5*i.zB)&o(0Qs5IGloj0Hdf?QjD?yqZPB
159,Lando,lando,Mezzetta,mezzetta,1997-06-18,"Piazza Giustino 11, Orvieto Stazione",lmezzetta2250,lando.mezzetta78170@example.com,"lgc5eRj*m!GMqg02uoKME@*lC,fz0$MZjgNK4Vj(Vjip3(#fFhRIg)z1jDBf&2?Q5J.8M?8J2Wpo4kRqAI$T8J@uzOo@,g2ZQWZUlXRX&.i(,S)7SppFBfBq"
160,Luisa,luisa,Conte,conte,2007-06-03,"Canale Livia 641, Mattinata",lconte7692,luisa.conte83656@example.com,",XLxsWRkK!dfAyDKMYEB8xX5)Hg,6(kdmL.jI*iD9seaA5t!P0!l8$NAejLD@I"
161,Bianca,bianca,Malenchini,malenchini,,"Borgo Marcella 1, Ponte Di Legno",bmalenchini9958,bianca.malenchini94430@example.com,"uNT(jgf%C*JvcGtBbnnVLy55!6vm@,I93FqTf.GyY1M0YiFfg01."
162,Gioele,gioele,Biagiotti,biagiotti,,"Canale Ferretti 55, Gissmann",gbiagiotti8653,gioele.biagiotti63247@example.com,"aMV6ctYImvmB9a&M%!mT,KGF5qGi?)TQdBaBzFAuYw8Qn10Ygpfp3JdiXoIyfL6#,1*z.mql&1zEKE.05L*a2yw7?H88oYdr6DF&0KXncT!1RG"
163,Telemaco,telemaco,Pergolesi,pergolesi,,"Viale Antonello 794, San Marino",tpergolesi9423,telemaco.pergolesi89559@example.com,"A9F%%WCihamdlOZrhHg4cWXvX1llACN!R@Jeg#Uc%1!dGaM#BvXACSR(2bMQ0NWXQ35G),2x632Cw8b40"
164,Jolanda,jolanda,Varano,varano,,"Strada Azeglio 62, Vedegheto",jvarano4447,jolanda.varano62325@example.com,"4)GV@5&7)pLx9ccd4!BiVf&p1jmj6wE72hOFENqKIAOoZIiPHj&zYjmrq?&2qrZR7rt.HT*vN9D!n,kATNTSEcwwHbXRcbS#3seT,@54u!79UXr33kko7"
165,Ivo,ivo,Gatto,gatto,1983-02-23,"Strada Sinisi 59, Avesa",igatto7541,ivo.gatto76072@example.com,"2Vw!HnjYB!Hzj$P!#XVzdd*0&PgX,,S(2,#ThinMLOhLa%1#fq%tD50WJsI0r8M*.P#T9kvM1eRw@W&Yp0UH$mYIVN%)acyRVZOC($u(owHT"
166,Rosalia,rosalia,Leoncavallo,leoncavallo,1984-07-28,"Vicolo Pareto 95, Trecella",rleoncavallo8141,rosalia.leoncavallo12732@example.com,8RQbwVuJutkjsVR3i1h14UYCMFz1)rSJPCud&aNCv14$&ERcx!evUe
167,Graziella,graziella,Benussi,benussi,,"Piazza Gian 56, San Lorenzo Di Vasto",gbenussi1661,graziella.benussi21239@example.com,9O*WN8Nq#Ea!$tK%yQVzr3)
168,Valentina,valentina,Pinamonte,pinamonte,2000-05-18,"Piazza Michelotto 1, Pantelleria Aeroporto",vpinamonte9123,valentina.pinamonte71950@example.com,Gbu6HfZVcJ%H
169,Piero,piero,Gabba,gabba,1960-12-03,"Incrocio Lettiere 0, Pozzo D'Adda",pgabba5728,piero.gabba61476@example.com,4O3!2$Irhd)Oa
170,Mirko,mirko,Nosiglia,nosiglia,1957-06-10,"Vicolo Marina 1, Borgata Corviale",mnosiglia8674,mirko.nosiglia3311@example.com,@K9668?*0Y)Ab$qQ)#8mIKQx*!fA&(7#C07OuLjWnP4UvlI.
171,Paloma,paloma,Pisaroni,pisaroni,,"Borgo Antonella 97, Villalunga",ppisaroni5349,paloma.pisaroni29620@example.com,"uG*1S&Hx(3%y.wlHyq(iXJencE)4q%ym3NA7@7VMyRsj8kR3D%dC$Gy,6D!H"
172,Aria,aria,Tozzo,tozzo,,"Contrada Pomponio 7, Fombio",atozzo8486,aria.tozzo57642@example.com,r4K!6SKi0((7B@8JFBv6E0j
173,Leopoldo,leopoldo,Bottigliero,bottigliero,1982-03-01,"Piazza Angelina 5, Prezza",lbottigliero4039,leopoldo.bottigliero30418@example.com,"eYvt,fLdGkMcgXYi$s!MakojV@FRe$Zq5SiQwT3gZl.NI1uF?@YU19W)Khyf2VMoNWQ4oFuH&23NmM@TI0"
174,Gionata,gionata,Rubbia,rubbia,,"Contrada Gemito 94, Frassineti",grubbia9518,gionata.rubbia63293@example.com,9O52Km8bDJ(U82&!i3QF?&JA@pAa.UMpXpgpMW$Es3*Nv8vYk
175,Ugo,ugo,Binaghi,binaghi,,"Incrocio Maglio 17, Rivanazzano",ubinaghi5983,ugo.binaghi9420@example.com,"1U5W5rkQpYJm$eg3N#a0i81WOCNoDjC#YvNS$f1fvT17mYtq%MW2wQWHbm6$ekSU68J3,"
176,Antonino,antonino,Venier,venier,1957-01-02,"Contrada Tacchini 8, Rivarola",avenier5828,antonino.venier24612@example.com,w#fift2UaAjTQO3%q1?H
177,Venancio,venancio,Trobbiani,trobbiani,,"Vicolo Nicolini 788, Brondello",vtrobbiani5294,venancio.trobbiani49037@example.com,"W#M?MpNFQF?3oIBAcwopIa7KA,h,IK?OFmxeR*5Y8u56ydHw)r5gqHEN$2GbrW5WhpVzJL&1!Wjhi%(.jt"
178,Giuliano,giuliano,Verri,verri,1977-01-15,"Piazza Lopresti 46, Campodarsego",gverri1023,giuliano.verri34915@example.com,"QOS7Zl51,EG66Oej,P*b%cD,sNDiSs5Ga0huP"
179,Pomponio,pomponio,Vento,vento,,"Stretto Nievo 2, San Polo Di Piave",pvento2676,pomponio.vento47688@example.com,sJEv6bd$i3@Qi2gjv39
180,Lazzaro,lazzaro,Gabbana,gabbana,1948-10-26,"Via Tuzzolino 37, Pogerola",lgabbana7174,lazzaro.gabbana7648@example.com,"l(L8mbgfM0$Hm@RssnzBi8dCCDA,)EMYji@5vHTkqgFJBXKRoZ.lo%zj,aarenu"
181,Toni,toni,Maglio,maglio,1950-02-02,"Canale Goldoni 5, Musil",tmaglio1080,toni.maglio82326@example.com,d6yKYyPgoQQ3(Z4uZoTi
182,Morena,morena,Foletti,foletti,,"Stretto Ciampi 12, Balme",mfoletti704,morena.foletti29054@example.com,"P)f8jGQ&tKgNWon1,ASfxk$01zY2X(et8sQ"
183,Guglielmo,guglielmo,Canil,canil,1953-01-20,"Incrocio Micheletto 95, Saltocchio",gcanil5341,guglielmo.canil98787@example.com,"h07q%biKTbizMRDNt3Wo7Du*#c%m*CMtXC7vfYa*1F,cAaYFt5lZrj32lBg@Pkj3SLov!ikIV1oA(JPIR$EIWNcSik*V"
184,Giovanna,giovanna,Giacconi,giacconi,1992-01-19,"Rotonda Achille 5, Borgo Vittoria",ggiacconi2124,giovanna.giacconi33849@example.com,5SxDcvFXY?&pJ7tWO3V2BwfNHd?IkE9H
185,Gianluigi,gianluigi,Cuomo,cuomo,,"Via Costalonga 323, Premeno",gcuomo2248,gianluigi.cuomo11299@example.com,S0eg8R**Dr
186,Michelangelo,michelangelo,Anastasi,anastasi,1953-04-28,"Via Pierangelo 51, Matarocco",manastasi9795,michelangelo.anastasi78070@example.com,(3oK8(jEgHQL*rXo
187,Biagio,biagio,Giusti,giusti,1979-04-18,"Vicolo Gioberti 980, Bogliasco",bgiusti5689,biagio.giusti28962@example.com,1Ljfx4xmg%f55.#DxO&m?fS(9AzARh0v59GeDCFQP8Aj4jMQl#p!mAboVT1qXFk0d#nS
188,Romana,romana,Scandone,scandone,1979-02-16,"Rotonda Curiel 4, Sellero",rscandone7492,romana.scandone65452@example.com,"?Qs@IYsIyfN4o9qE8sc*vI(0cgRaDUXs,H4OZkeV0Xh?@M#Ol!xsMI#PSFq0WJxABlnNByfqJ)JOl1$L4ukgb2D8Q!)M@d7!5pjHJPKanPit$A1R37s)LSn"
189,Gabriella,gabriella,Pedrazzini,pedrazzini,,"Incrocio Rossi 91, Roccamontepiano",gpedrazzini5937,gabriella.pedrazzini78096@example.com,"3o.(bF%%9WW8,)MyR!mE@bN%#f4PkL(pgGq(L@0$C*4D1&"
190,Giuliana,giuliana,Pasqua,pasqua,1986-12-26,"Incrocio Gianluigi 735, Forchia",gpasqua7698,giuliana.pasqua57477@example.com,DE!6cgoH*2Z5Z!5AxUlenhvZUACgUgh0YdSGEosQ@PEI8%DQ@(!FxpSjScHHk(SX3pKSm3wNK4U7Fg4dK!Hz
191,Tonino,tonino,Pellico,pellico,,"Borgo Fantini 2, Valli Del Pasubio",tpellico1910,tonino.pellico93573@example.com,yO2%U.FnJ?0CCxdH(%#&rOae1VPy&5l(1OmD*VhtgN4MlXp4p@nOqqb.@3S)1F$c
192,Giacobbe,giacobbe,Tamburi,tamburi,1977-02-10,"Via Pizzo 71, St. Vigil i. Enneberg",gtamburi6398,giacobbe.tamburi65802@example.com,Ob2Gu3NAw*hKe1UK)gE8Lm7DU2zFy&R*io)(9RH*DYKIc.5doeB$8vK@n1CMpGU*%Dh2W4dfdMA(@NHvW2GUzXamGNA7s3G4vjVhsW$Tp5dKwPP?D0mCNi0t
193,Mercedes,mercedes,Carriera,carriera,,"Rotonda Cristina 842, Stevena'",mcarriera7992,mercedes.carriera78095@example.com,YZNpoqYk9Y(8cSmEj0?7.q6PvQoEgJDx)60@Ke)$ykHuvi?LRLbS.8nOn2kp6yBrXIBXw)!9)Z?8v?IhISJiVC(R
194,Giulietta,giulietta,Persico,persico,1961-11-10,"Vicolo Alfredo 529, Lungro",gpersico5165,giulietta.persico16371@example.com,"zogW7gg%2264tMhoub$D!o39$2Gqsbn?iG#YxOUhDB&Kg%%6kaVL$.00BsuxgL&rRB1cHiAS#SAGX3EIr!*FT9$C0Q(C,NfPGhSqbdPj,oz$yxO!!0hy$lSJ1("
195,Augusto,augusto,Giannone,giannone,1996-09-26,"Borgo Redi 27, Tiglio",agiannone1683,augusto.giannone8814@example.com,WwAgHMfLX!Vu(x().MPiV?7MrlY7qcNqhr
196,Tonino,tonino,Catalano,catalano,2002-12-01,"Piazza Righi 87, Pilcante",tcatalano7920,tonino.catalano74780@example.com,"ddvb6d1U0n,44$XZW1n?m0o5K07e)5W?q?l$wJ&,T*&SH6MOk&1NJa.5$F49vrHmbd%u!Uq1EcMkRsD7G9"
197,Gian,gian,Pareto,pareto,1976-01-03,"Canale Balbo 111, Kollmann",gpareto4179,gian.pareto54249@example.com,"118v@rKWKURd$ozS55Y?nAkb!Vy&utiqmM)PiVo#CyU00,P?szIUzWKLsqG?4)p$7WyMBffLzE#MWw7iFAi9K*(gCg6C@t39Q3z8"
198,Patrizio,patrizio,Pignatti,pignatti,,"Canale Alfio 193, Castelnuovo Di Val Di Cecina",ppignatti4956,patrizio.pignatti70365@example.com,"Z6up%Be0XNB1x9Y4GR)#73gWFosD*?81AiQl?C%BFd8*O11(C,f$DEJbL,)NPzWU$ouzaBXz"
199,Cirillo,cirillo,Parri,parri,,"Contrada Ermanno 5, Bernareggio",cparri1199,cirillo.parri56493@example.com,"zlUpVz62W!sOd#7rQ%*$OAj3tG1S4%(Hpk7lyc6e1,cFFhj57QbT1"
200,Filippa,filippa,Altera,altera,1975-03-12,"Vicolo Ovadia 7, Medolago",faltera3190,filippa.altera42505@example.com,57AI3Jw58sYEtpsC8KFKi#PdKb0!6tDR)HN6UKRCOoyqph0H20dh2$f46uKyLVmYSX7ppDE7F(wRMd4BG$(2%CnCQ6v@w87
201,Lamberto,lamberto,Nitto,nitto,,"Incrocio Luciana 76, Guardia Piemontese Terme",lnitto7420,lamberto.nitto69375@example.com,"aq0uLyq%SsgfA@Lw!XjRMQ.cA$6rU1?6d8,bHA0pMnsgW8H#3#(lsq"
202,Giulio,giulio,Conte,conte,1962-11-11,"Canale Rita 177, Pozzo Della Chiana",gconte5109,giulio.conte25307@example.com,"HZ(eXSwa!mx)d3tM&?e%Uz9IDyMlpkA1LoqYDQZ$Ry*.n!)uVtE*ZpX2a.S*iIk)?E,vNrJ?Q4Sm,cZ)USfiJxs1("
203,Beatrice,beatrice,Roero,roero,1994-05-31,"Canale Pelli 398, Rogolo",broero366,beatrice.roero40624@example.com,$wBhG6((n!Py(WOEJf#%Uv$.k2#2lb0l#p$ABOVgwRe1UQ9w1i!@%fNAtYnWs8D6y
204,Loredana,loredana,Gabba,gabba,2000-06-30,"Via Iannucci 79, Frusci",lgabba7560,loredana.gabba81965@example.com,"Yb(EWRgjHSP8cCSmlhg)Za9Au9XnmBe#mKf3ld7L0nlJ?NO*@(.&Io%I2fi(g1tGdKtAi)U&BOfnOlTWEWd,.8M!,(34"
205,Marina,marina,Colletti,colletti,1960-08-24,"Incrocio Mancini 752, Dolonne",mcolletti1101,marina.colletti63882@example.com,"Bjt$sbtwD48kF7*,N@*?MU?G!HnpYc!%#Hh6TRbL9p3R.s4M"
206,Luchino,luchino,Rinaldi,rinaldi,,"Viale Sonia 1, Abbadia Lariana",lrinaldi1201,luchino.rinaldi39549@example.com,rv37HhvivgmUxeyN0NO)i!0fB0@G9*!hjjrD59911(k$LY)
207,Dino,dino,Mondaini,mondaini,1960-03-31,"Piazza Lolita 88, Misileo",dmondaini5657,dino.mondaini11968@example.com,"8#u?3geUrSizeNlxwG%zVJVVd*a94d9@1)GIGXIhFWvI(z,R$ehZAD3z)i5l98fn)q6s94Vt(HtMC"
208,Concetta,concetta,Antonelli,antonelli,1964-06-25,"Contrada Pierina 56, San Bassano",cantonelli5218,concetta.antonelli54434@example.com,"Ue,EIVfsOm7eLSwq#T7(s3M?lun&G%nw7BAzo2GzKnHIxCY7Mq?nYHUM?IopVx9"
209,Hugo,hugo,Nolcini,nolcini,,"Borgo Basadonna 7, Taviano",hnolcini5501,hugo.nolcini44389@example.com,Ykc#wsTIxq7JOB?.%GRnGri8SGZw)LhWwFrUUoifpYYt**A&BhEDvtwAs$&IZVQa!3F5iC5mf#Y)i#XsWQF8z5s7s.Nbi6oM6z&Dw#1L9yY@rWjM@DCckQ
210,Fernanda,fernanda,Spallanzani,spallanzani,,"Incrocio Oscuro 56, Grilli",fspallanzani1437,fernanda.spallanzani37885@example.com,duF#@YL87x5
211,Vincenzo,vincenzo,Grimani,grimani,,"Borgo Pierpaolo 40, Pastorano",vgrimani4681,vincenzo.grimani18353@example.com,a5fjc0U!WE8haYvZXP4Tib!&VM)u
212,Emma,emma,Cicala,cicala,,"Vicolo Giammusso 250, Campolano",ecicala7040,emma.cicala13137@example.com,"@Zgn9ee8ubnuPIOI#)nmgHxdCmVRS&US7zaKqzxFcFFemBFkFgp.S6Cwlv,blsnwLQ1Qa$WXm5.Dka6JdpuXwEPj%w8hSypf$w4hSOlU?eRO"
213,Elisa,elisa,Casini,casini,1972-08-21,"Piazza Manuel 796, San Giacomo",ecasini4832,elisa.casini36994@example.com,QL.3O9svKXVnuHVG8A(Rxqll(6#cfAhrNdorr3jF8LSCtJ&A1nPe18yDRMiBx
214,Giacobbe,giacobbe,Battisti,battisti,,"Via Ughi 29, Lorenzago Di Cadore",gbattisti8572,giacobbe.battisti39375@example.com,ayuU?@vKUMsjwlqjrXJ0T&)*DpgefeA?Ja1V&KtF8@#z)#0eYNCIhWSdA44wZm4zaR#VUSCXCqzVFpWM8Z*uB!YB7(vHViyFfo3c)JTgiK&(*7dl?JA
215,Antonina,antonina,Ferrari,ferrari,,"Incrocio Gianpietro 220, Dal Pozzo",aferrari1070,antonina.ferrari23163@example.com,"5FLB6XS*Dp(S(k7BpC6l6T7&)4V.SCQxf#1GJejK%ygR6ppqfOB,*$De@IaOu9B)jkf.ug%MQbBtSoP5vvzfJWoiRnChZ&2Y%vvmVIfWbnXuY1yb"
216,Maura,maura,Torlonia,torlonia,1963-11-17,"Viale Dallapé 56, Governolo",mtorlonia7533,maura.torlonia4381@example.com,#@Jddtr&wOx(u%YmhV9YjVP809QD7i%ABu7$B$?afgE7Y@yJAZ&zWrEBN?52yafK&j0yc5j@T.uzVHKwVH.3AA.O9H.1$9jTv#XvQ%ivMaGPdVwe
217,Ennio,ennio,Cainero,cainero,1962-12-10,"Borgo Vivaldi 819, Marina Di Caulonia",ecainero1234,ennio.cainero52165@example.com,"8lQLPaIOz*k(oKKxKLwzSMjvMK,fM#zJyT!z&qSJ3WmFv&Py,.WL(FHMofVnMAMKW&7(Xa199NIPfC,hjVN*mSfRxm,wweW"
218,Achille,achille,Venditti,venditti,,"Stretto Francesco 42, Villammare",avenditti4123,achille.venditti67182@example.com,jw6Tz(@V9#uf6eoXmU*XArByfmEV?H
219,Ciro,ciro,Verga,verga,1945-07-20,"Borgo Fulvio 1, Santo Stefano Di Torricella Sicura",cverga3626,ciro.verga11792@example.com,"0W.Gf)gUFwBwr@cGKLA8GN%Pe6nI824,#2P0UVAOC,lW!loI2?RFOLs)0x9"
220,Costanzo,costanzo,Gregorio,gregorio,1987-06-12,"Canale Vento 46, San Pellegrino Di Gualdo Tadino",cgregorio5703,costanzo.gregorio42981@example.com,"fZw!IzM)Pw(oSF*ayQJMH&5HtTbo.VPMQQT7M$xyY93r.71ot60yZCFx(&m.X?D$lYnGQvvqkM7@g,200*rEubCz@AIK,d1rOOk3W"
221,Uberto,uberto,Palmisano,palmisano,2000-06-11,"Vicolo Federici 65, Castel San Vincenzo",upalmisano5538,uberto.palmisano26225@example.com,"dv%pLytYiii.h12NPMZJ2LliUZ$9VRL9lcw1Xzaz7db,k2cVbiCvFK4WaCReuteYZri5Dq@e9uLUcsFHTiUI(F&r9C#.i)t8)M#RPTtkAW$lwNcQ#9i*Na"
222,Ottavio,ottavio,Zanzi,zanzi,,"Vicolo Ludovico 4, Posada",ozanzi7578,ottavio.zanzi92700@example.com,"i5%gW?R93*%9X$0kMYl%2HqyRQ,$?&NUyC!Kieljx95UqIA&#EqExo9uPHXXs&FWyabUp4("
223,Giacinto,giacinto,Offredi,offredi,,"Incrocio Romina 83, Fiumicino Aeroporto",goffredi2909,giacinto.offredi12780@example.com,"u6mb#@8La8YHtJ5)y%y4X3,Aw.l!A)a1e%2OjGTa&Yz4xHF&Jf%xw6twgI,jY.8472Tq@?)pMc4mXS63"
224,Piero,piero,Errani,errani,,"Stretto Ginesio 272, Filetto",perrani1239,piero.errani16612@example.com,"SC6%Qs9&xyL7,94u1IOWIPQ7PXZnzDY!uA?cOUm42*2Sx1I@I(mb3li7EJpgoxnKkxz@k*77IB8AB!ZU8VVw"
225,Bianca,bianca,Dallara,dallara,,"Strada Mazzacurati 166, St. Michael/Kastelr.",bdallara6114,bianca.dallara9178@example.com,OVd(qgQEg$$CYE)%d8Sn$wfp0Mg(CKggeD4P.Y!pCFa08O.vdTP.s3s&?j@zH6kE1gDuEShyvd$z25T3#ML6bFYup1e25voHd2@!bx!YM1pe6@piwz
226,Ramona,ramona,Mastandrea,mastandrea,,"Rotonda Niscoromni 9, Carezza",rmastandrea6167,ramona.mastandrea80692@example.com,"?hhgbQEyMYsDI#6U8gQ8NmR*0A%i?v*ww,DNCDw!7KF0eet?b7dYZk1OJcOV1q1(NGmfI1bfT)JNp$@bA686MNfw9x"
227,Ludovica,ludovica,Ferrara,ferrara,1967-02-23,"Via Villadicani 15, Salisano",lferrara8167,ludovica.ferrara77478@example.com,"ZZzpSrgMVtiLquxFwSGoV1,)Xcp?#zAMt2IqC)7g*S9dNhYp(YQneo94!dE1IK4p7E$jUC,71OI%,w5kSIuR02D"
228,Fiamma,fiamma,Lucciano,lucciano,2006-08-28,"Canale Palumbo 172, Acaia",flucciano8316,fiamma.lucciano66269@example.com,"5SDxq(E)?g*c6PPKoIQF#eQ)JK%LYcxqieGlsg3jvJz?0b.l5b*yfAFji#H.B!pwLw&3WaPzKS,o%$LuKaYvsmivOMJ!Qm6apHD@QBT"
229,Adamo,adamo,Boccherini,boccherini,,"Viale Pizziol 67, San Piero Patti",aboccherini8204,adamo.boccherini3317@example.com,"rcav,pW**fH!,kbYd#nKGp86*XohrY#tcvnDCtW3Iv5q@7Q8v6$n5MP8@fwT8Py,m7sS9KX0$4OUU8AP2N,P,vi1?*W.2"
230,Amalia,amalia,Virgilio,virgilio,,"Rotonda Sergius 90, Azzano San Paolo",avirgilio8284,amalia.virgilio38420@example.com,ITB&y!&JlPIr?9Xmpoe1LyA
231,Umberto,umberto,Castellitto,castellitto,1984-12-05,"Via Geraci 2, Gerbo",ucastellitto4757,umberto.castellitto93886@example.com,"hpoaCIZbiG4?jjj?sHi3ZyN9!P&xpp,p!0#chsb7lmAHB6KGgVlz7cLDCzoqjVk*ME1lGNu(ZFSYu.O#0yD$A2U!za"
232,Enrico,enrico,Pasqua,pasqua,,"Canale Flavia 95, La Gala",epasqua9165,enrico.pasqua594@example.com,"Ot1jwOw5.Q&aiT!tSIm*!b$WPS4?nd,vK4jX?meOwjgM#0n2Zh4Fl0FY,,OhlRY0$9FSAvzYYvIQ@uqqq@aUkokJltjFwb9,kzXq7bI)zMA(z"
233,Ninetta,ninetta,Metella,metella,,"Piazza Fagotto 5, San Martino Di Sessa Aurunca",nmetella1617,ninetta.metella20768@example.com,"I)MrWuP.j2GUSmNx4b(iXrxn%.uE6cIvqb(#DORYKML5l,2OtF9(W,8jd@F1O0zfMfT6Fv?A5l2wpNRy.r5bY*w8!sa7Q)K$J730Kqmo0kGyzCLKGW#g"
234,Morena,morena,Cipolla,cipolla,,"Incrocio Giorgio 42, Casilli",mcipolla7449,morena.cipolla51561@example.com,"gc5o,7l7#69puMgExb(xa&h&Kp)ZW6@r"
235,Adelasia,adelasia,Trebbi,trebbi,,"Piazza Adriano 5, Pracando",atrebbi7425,adelasia.trebbi52225@example.com,"IZa2P9V,b@gX(gdQ9qVcBbBJWbEu,ltgI1v8fLGkRn$efo$%,r4yxq9YG&KK5&4D7d,8zV61f)c@4(%CRAKSBm7t@Z@wLMB4KEXxw@LgpbN2P48x7N2m"
236,Adelasia,adelasia,Spadafora,spadafora,,"Piazza Benito 53, Arsoli",aspadafora9474,adelasia.spadafora31295@example.com,"ejF10A#WNE*NSfba$@EF$Y,S("
237,Costanzo,costanzo,Salandra,salandra,1957-07-21,"Canale Pavone 748, Volturino",csalandra2834,costanzo.salandra78992@example.com,"#oswoRcEKVGg*#5DBvd2k1rsUDy%rL1lyO)e,epaHnlLdB7E(CCv9TNSuG"
238,Micheletto,micheletto,Tropea,tropea,1979-12-21,"Contrada Eleanora 260, Terme Vigliatore",mtropea8768,micheletto.tropea6162@example.com,"V(&QjaWrFO(jOb$ykBevevcCdKXtrgBCtXg&I3$@O6,m8wSqWuZO0O)rx*8zl.k)v6rUSkXz"
239,Stella,stella,Cocci,cocci,,"Piazza Lara 63, Nese",scocci4447,stella.cocci67520@example.com,pU7JVCxk24IpS4)Vj
240,Renata,renata,Scarfoglio,scarfoglio,,"Via Filzi 0, Villaggio Eremo",rscarfoglio3388,renata.scarfoglio47865@example.com,"%&bzkXZl%KOLPosx5P1PV3nT)$ea*1P1PfXca9sLw4LO3@EF.NHm5X!dMmGsU(NvleP,9M4z(0ADdTKExks5Mfn4vl1T4nSvnnH3,%SMI!fP5pD"
241,Pasqual,pasqual,Telesio,telesio,,"Strada Paride 84, Grigno",ptelesio5880,pasqual.telesio93957@example.com,%Nt?b$y?O6&aIbNTpH3P0.W)TCo7Nd75ED7TPL(i9efXalOaI!9tHT!m
242,Dionigi,dionigi,Santi,santi,2004-09-13,"Viale Canali 27, Treppio",dsanti3076,dionigi.santi62648@example.com,f1NV@6%L5&EH
243,Giulietta,giulietta,Falloppio,falloppio,1959-02-05,"Rotonda Buscetta 8, Leporano",gfalloppio6977,giulietta.falloppio34735@example.com,"6I7R9wZdA)zzw5gg4UIX0VF5cBcOMti$3kGb%Kx,W@C*mLpGPRI6l3hp19Ca8($SKlx1Y*!vQQ?q.Nw?xj5nu5LNM,i*oej,)pf!S1nJNzlhvN!36Eylt,Q6t@P9%h%"
244,Nina,nina,Mazzacurati,mazzacurati,2008-02-02,"Viale Adelmo 91, Presenaio",nmazzacurati6484,nina.mazzacurati16591@example.com,4wfac)YnFjl7TuQ*tLJyo9V9!tt8Jt6k)Q9RPiCQ*gQ71MMl(xTdDNhUUjbV
245,Giada,giada,Righi,righi,2005-06-02,"Contrada Alphons 63, Falconara Albanese",grighi9385,giada.righi29897@example.com,"7xvY$K)6zgi#SWlJSy6wXWb6sYz4iJ0gbSYl1IHx,M*Bz23hnxXY*B@029?@.ub@2qq*!f.uxskN%Gq6TmefUj$WCIH4Hd2@$kFs@)UzSJPK$oP.ox156mxy2&ci0Vm"
246,Matteo,matteo,Galeati,galeati,,"Rotonda Ugolino 80, Atella",mgaleati2481,matteo.galeati48584@example.com,1cNqYzvf6gK!
247,Lando,lando,Carnera,carnera,,"Stretto Galasso 24, Sinagra",lcarnera790,lando.carnera3306@example.com,"b4eB4KCqgsdVjF#mKW5nne7lZ*sIz&P63Fzjyb3,R#!rgb6!.WLC9&xG?MTxHc?wNuQ6Z,,B&R%9y%$J@3Q8eNexGplrNitTUV9YET&"
248,Gianfrancesco,gianfrancesco,Borrani,borrani,,"Via Germana 72, Rodeano",gborrani7084,gianfrancesco.borrani55785@example.com,"HavV!m1u(wKy*2Q2zNG0*71hTX5lPr$,irP,h8xo%lizS9%C8sHjzw$LRgxhTUTM@Ng"
249,Loredana,loredana,Battaglia,battaglia,,"Rotonda Curatoli 54, Cassina Valsassina",lbattaglia1895,loredana.battaglia12276@example.com,"R0b,W.N1VFI7*Dxsro(YXGkKRjIFlqP6VJ3LM"
250,Tatiana,tatiana,Bonino,bonino,,"Borgo Piersanti 21, Campoleone",tbonino5360,tatiana.bonino8878@example.com,"dyRlt,f@HIbgL%jFzE.d5?@)!5"
251,Nedda,nedda,Bragadin,bragadin,,"Incrocio Federici 1, Santa Maria La Scala",nbragadin5815,nedda.bragadin94756@example.com,!1S.Ficu8&gi
252,Donatella,donatella,Farnese,farnese,1946-10-30,"Piazza Guidone 796, Vogogna",dfarnese544,donatella.farnese66608@example.com,Rm)oF4?TKX6aQDiR*wjO.K6nkP90Ba&xGq494A%*$CP3?7H!5qOyaN#lTrJP4EuHB*qrVuW&43v!&4qLE.FRv4NAB@C0KoNVl5)M7AU1N0it
253,Fabrizio,fabrizio,Toscani,toscani,,"Piazza Caboto 38, Sant'Agata Sui Due Golfi",ftoscani1925,fabrizio.toscani86590@example.com,p328C.gCXBUSSFJFAxOA(U)lkMsNPXIp@0sIM2i4jmb5@PbY9Ss5z%z8Lg4vj12KpAx)tdhdtjkHalr
254,Stefania,stefania,Falier,falier,,"Stretto Lidia 57, Rocciola Sorda",sfalier8327,stefania.falier53386@example.com,3WC3z$Edc%eZMC6DA@)mhW8Jmb?o32Zv
255,Ciro,ciro,Crespi,crespi,1947-05-25,"Piazza Novaro 534, Sgonico",ccrespi6919,ciro.crespi17520@example.com,"BWG?HNi2CPX1F5j@Ji2jMRLg13K*w9Yx#?Yi,ZpeJC1jW1kzuU1eVk2zr8Cr(7Op&L$QCEI"
256,Nicolò,nicolo,Bignardi,bignardi,1949-09-24,"Viale Cesaroni 133, Tagliole",nbignardi3658,nicolo.bignardi3805@example.com,2bUm&Z0lu7I?@rekzxat1W1e8vyH67YC@rR
257,Cecilia,cecilia,Lombardi,lombardi,,"Rotonda Lucrezia 14, Cherubine",clombardi6480,cecilia.lombardi66619@example.com,"R)FkfTDb!E.mH.YDpI!hFe42J@NxpTVFnE?x3V(otrm2u&Ebh.!t2$UTuq?D7,3V)ghxU5D#cZ"
258,Nedda,nedda,Seddio,seddio,1968-12-25,"Rotonda Milanesi 562, Usago",nseddio3878,nedda.seddio94211@example.com,C)Wexe%mo7jR
259,Tonia,tonia,Vercelloni,vercelloni,2000-04-11,"Contrada Liberto 6, Campore",tvercelloni6133,tonia.vercelloni44966@example.com,"f7p,ytJ5opI7r3v$KkiwAjPP?TlJv4okBRlTA8B%iGQ.D(i.DdYfTK9zj?wLyJu?vWU%1uM7t9Pl09V2yq6)8w%.o(%X%?!2Ule!C2Wy("
260,Girolamo,girolamo,Platini,platini,1947-02-14,"Rotonda Pomponio 25, San Michele Mondovi'",gplatini5853,girolamo.platini98033@example.com,"6@oJxjpECm,f.)A%xGWE83!)sR14#nxaj*T@RFHDSDFX78"
261,Bartolomeo,bartolomeo,Marsili,marsili,1963-09-11,"Via Baccio 50, Roccafluvione",bmarsili3387,bartolomeo.marsili96094@example.com,MF7jC!.@0()
262,Toni,toni,Bembo,bembo,,"Borgo Paltrinieri 3, Livinallongo Del Col Di Lana",tbembo6443,toni.bembo49033@example.com,"RjhzN(LkgijI89m4uCPy*ah5JLR%.G%VpcCJDgI0&P#pZfj0#AyFmlM,YCvlbnVHLk9)ljg!*CJgAZ)F$6Tga3L!iqPShls%ag.&m0JFi9kr!raXVEYS%*"
263,Michelangelo,michelangelo,Fieramosca,fieramosca,,"Stretto Civaschi 94, Santa Venere",mfieramosca478,michelangelo.fieramosca32719@example.com,"lv&xevGat,ZDu)#ZJW,i&@Dw3qKQpXd9P,VB!"
264,Filippo,filippo,Trobbiani,trobbiani,1970-01-12,"Strada Luigina 5, Borgoricco",ftrobbiani6783,filippo.trobbiani6000@example.com,"HMKW@@h0*1@!),f80k@62aoO$6?#vLzF*PwL?HWCXA6*6QZuiiBg.p(k8424!SRnl#N%YA6@2fmBZdVViUmUzhxW"
265,Maria,maria,Gualtieri,gualtieri,,"Canale Michelotto 34, Picinisco",mgualtieri406,maria.gualtieri4425@example.com,4&Qn2hyNEvIBMt#*v&9wPIXyznVfc&WDZh4FGTko5amp#4Jy6Q
266,Donatello,donatello,Montanelli,montanelli,,"Borgo Rolando 3, Stazione Di Fiumefreddo Bruzio",dmontanelli481,donatello.montanelli79043@example.com,az5DLPF3lh)nU9)w
267,Maurilio,maurilio,Saragat,saragat,,"Incrocio Magnani 7, Crocemosso",msaragat163,maurilio.saragat84688@example.com,"wDk7F?oaRE7JHi!EpY79dVD!0w0Pf1KMZYhz.3B?j!9Xn2t)xD1edpK3&NANFlw!U2Hacj&602bac9P9y1V#Rb(lhpU6,cSbLbAfU(&tjm,P6ME7NDiVHQc)?jz%N"
268,Emma,emma,Callegaro,callegaro,,"Borgo Florio 3, Rubiana",ecallegaro2460,emma.callegaro40063@example.com,LK8r.aML4&p7QUqy#pgsEI
269,Benvenuto,benvenuto,Lombardi,lombardi,,"Viale Baccio 76, Calvello",blombardi3717,benvenuto.lombardi13674@example.com,"5E)Lo2BBObi?R?8)nTZkL(E?o8QRDcXYbOLTmZ$0tNDXQ1nWUgtsvM,oq.DfTiPj%2*Yt9s6)(dDOmy%jOmaLRF"
270,Zaira,zaira,Pincherle,pincherle,1961-07-19,"Viale Zampa 35, Fontanarossa Aereoporto",zpincherle3942,zaira.pincherle31142@example.com,pt15blCTBH5BMPhZ(xRt9..zX1xOlRi0JdDPMS99Bv@hSuV@7aEO46U5u(q1Pq6T)%9NcAPgmS03DC6QA&k#&&HA
271,Paolo,paolo,Zacco,zacco,,"Incrocio Cendron 638, Villar San Costanzo",pzacco5216,paolo.zacco72440@example.com,"Tn$iXqdRpo))&TcHfrAOLb@o,I51p.H0U3otFcgbyd6NAivFuw8lA4w%yL#(DlZTceXK%#miJTaXaGm#oAQCwI#fi!3mQs)kCV0aI)"
272,Ermanno,ermanno,Rocca,rocca,1992-10-30,"Viale Zoppetti 19, Catanzaro Lido",erocca1344,ermanno.rocca34121@example.com,"z&$t$SEIkGOaSNPk,dQoCQnXOeN%LP4gL6Q8RLRGW2L@kA1@Kez*?9M91%FGXdZv8avqA4G9?Mk$WRd!EEoKl?a1gw"
273,Nino,nino,Favata,favata,,"Via Cimarosa 823, Altessano",nfavata1334,nino.favata9545@example.com,"vOH78SMr,2PVtc&9(L!mYY5XYtxqDnmIskRK,nmukVWdO7QSJgbTz4,?b@bYL$#d0?OVP%zO"
274,Natalia,natalia,Franzese,franzese,,"Rotonda Carriera 5, Lamezia Terme",nfranzese4274,natalia.franzese48815@example.com,eHZSnix9bZlBaJk4z1%fa@sferFz?!q0yAn(TwD&TgL8
275,Donato,donato,Antonelli,antonelli,,"Borgo Orlando 94, Casalcassinese",dantonelli9604,donato.antonelli90469@example.com,"(hKS9Cde3u96EfMi!hxO%Ur@hFNi)7Rx(gYoUG9vmpWK5,PA1G0Nd9wJ8S9c(0"
276,Ferdinando,ferdinando,Liguori,liguori,1998-07-19,"Stretto Tonia 72, Caraglio",fliguori5261,ferdinando.liguori31749@example.com,".$1HLss.GlgAXml4.2HFWC@O9rd,bla2wa7R44?DnJGBsH*g"
277,Lisa,lisa,Pistoletto,pistoletto,1966-09-01,"Piazza Capuana 75, Candiana",lpistoletto4437,lisa.pistoletto96753@example.com,"IX786w.l(FKB*WFkdGBbRiYxgeqU&W.AXySpBM&rrJg!a(SnQBufcEn6sqrmcl@jNKI%$D,YnE@q18MBuU6&0CvjRBSHq2AYdd*qUD%"
278,Irma,irma,Majewski,majewski,,"Borgo Dionigi 72, Castel Trosino",imajewski6241,irma.majewski51303@example.com,"COH(XioM)YQr!seX(HKBzt*b(m#!R0aHk$,cPrUYP.sadQZvQDIsRaeB(I@P*,Sl8XHN3HcFY5gkg8PKmh?qD6RYio(o(x81OcIBa?9L"
279,Stefano,stefano,Giradello,giradello,1986-03-09,"Borgo Bulzoni 70, Baselga Del Bondone",sgiradello9675,stefano.giradello77816@example.com,"gP4DD&6TzN&MzeYyz,K5@(CA@u&iT3sWi,lhcidUvE2JK0e"
280,Biagio,biagio,Grisoni,grisoni,,"Piazza Samele 7, Porto Valtravaglia",bgrisoni1322,biagio.grisoni72210@example.com,MxX)c?@b$Mv9
281,Venancio,venancio,Rossellini,rossellini,1952-03-03,"Rotonda Margherita 31, Santa Croce",vrossellini4237,venancio.rossellini7153@example.com,!GC7$!o34ImUcZR%PwiCYn3t9.NL06
282,Giorgio,giorgio,Ravaglioli,ravaglioli,1946-03-10,"Contrada Matilda 41, Spirano",gravaglioli4037,giorgio.ravaglioli65033@example.com,Rv$R1qluRaadk644U)A*%nPjbNXhdXrPCL6kd
283,Gioele,gioele,Cutuli,cutuli,1974-08-11,"Viale Carpaccio 523, Crecchio",gcutuli3821,gioele.cutuli8575@example.com,Zba08?lL#WV@9!B6yLTFlo*gPu
284,Ernesto,ernesto,Gritti,gritti,2000-08-14,"Stretto Trillini 6, Loria",egritti4593,ernesto.gritti50057@example.com,"q4kC99H6)*I,%VIqppa"
285,Lilla,lilla,Castelli,castelli,1951-12-17,"Stretto Claudio 7, Rero",lcastelli7759,lilla.castelli50102@example.com,"ts.Q3n5V?)Hv?mX$gWcUO*b,5Ovy9irV?(tAbQqusxS,D.8SFTOA(2Swfggd)AGuEYNl(HPj,Ib%Mq8O5pRBq61Y"
286,Lidia,lidia,Sismondi,sismondi,,"Rotonda Durante 628, Santa Domenica",lsismondi270,lidia.sismondi73952@example.com,"mm)o6L7K*AW%C8r2Gy*rN8oFMUv2oHD#v3zo&AUESPC,4@X6rEJ&QFQK$L4%wKX4SZjBgRzZVrC?zQXLFYB*G7!!29NOe"
287,Adelmo,adelmo,Gemito,gemito,1998-02-06,"Via Vespa 98, Senale",agemito2444,adelmo.gemito62606@example.com,p)GX3fq($0scMH4Ef06
288,Dina,dina,Marangoni,marangoni,1978-07-17,"Canale Elladio 8, Rioveggio",dmarangoni5518,dina.marangoni34141@example.com,"n5b5,BC*SP8EhyA*nqrGJ"
289,Tiziano,tiziano,Bulzoni,bulzoni,,"Via Francesco 6, Le Ferriere",tbulzoni5417,tiziano.bulzoni80839@example.com,HPp5Gt2*JEKCOpKq4PWTn8T44RaGNNAQjHe28A(5gJcP
290,Serafina,serafina,Montecchi,montecchi,,"Contrada Merisi 33, Chiusa Ferranda",smontecchi9608,serafina.montecchi4797@example.com,"35xG0AHKCA)F4@W@do4jtVOq0DZwbCSU2q@n*UO5hSEVljvfes0Kg7LJp!9CQ(ai9PpLMg0&C8LNIM5?V#H1pyN%56%OuqIfLfV6Ky*LwxTcMp,p"
291,Stefano,stefano,Sollima,sollima,,"Borgo Agnesi 13, Santa Giustina In Colle",ssollima8413,stefano.sollima27860@example.com,p@i%T&Y.bit1gBdOdpCs7N.%myrDs!4ZP#x*wH
292,Monica,monica,Iacovelli,iacovelli,1950-03-14,"Piazza Enzo 22, Piedicavallo",miacovelli8192,monica.iacovelli67523@example.com,"1K&4$z8,Hm!.%DPH?lP&*Xo%dmejY*Zi$s)i!e8BP$g1YZ(N!kvcKANj$%HGD4K)XtwsZs5FRfhHhKXFnM8Tk@#QVBQZ1yOENJ2),sO9zu7)cTmKoOHM"
293,Arnulfo,arnulfo,Agostini,agostini,,"Contrada Renzo 0, Finale",aagostini9913,arnulfo.agostini52655@example.com,".)T$E#c)h#*yY8xQ,d5?ia#Zz9V3&&"
294,Margherita,margherita,Telesio,telesio,,"Stretto Filippo 342, Bellaguarda",mtelesio7283,margherita.telesio35082@example.com,"EbHQlb(78!8.m*oBb4FnI$Oyf*q.3DehGikk)K9rYk@bM0&iX@$BoOJHVnA6E70cRqM?PNGEXS.w#NOdy,ap2p8$ErVQ.mrBu%XEQUKa50LeEb2M&O"
295,Enzio,enzio,Falcone,falcone,,"Stretto Gianluca 9, Piode",efalcone3481,enzio.falcone8327@example.com,"R.HUUqNjHT08,t92)a(?yFrNZMg)Rf,h0LECvCiCzUQiEdC3*E*zz!oZPF0P(BIixV8wy&lB7by1JIM"
296,Livio,livio,Pertile,pertile,1979-05-07,"Stretto Grossi 569, Canussio",lpertile8433,livio.pertile71320@example.com,")iuJ5gB.#Zna,iQMO5MzTe&4Mt,2097hZZ6td9fC@R)RUgzn@$GYB@JrwMBc2)?tbvDpr913U*v#o2?Qg"
297,Mercedes,mercedes,Piovani,piovani,1965-06-06,"Stretto Chittolini 77, Borgovirgiliana",mpiovani1442,mercedes.piovani78696@example.com,"M.QtNPEX8mcC8DO4EUrHHI,#a16JYg#ya7kzoPyWX@RGg,LrfSXyPFcQGX.ZIPwsPQTl0$#w?WUE!Ia4%htlrvT2uwQL98$qbmlPdZ@,o%CGm3MqGya?BixG"
298,Fausto,fausto,Sabbatini,sabbatini,,"Rotonda Chindamo 57, Prun",fsabbatini9110,fausto.sabbatini37491@example.com,"%4Vx8kYEJKrpQh5OQ7M&bKHT7tN)9e7%n1,nhxIocL2Ji(oLcymBPs2E4K)bgNP)!xfoA5oxfcJW7&LJHooJ%c"
299,Paloma,paloma,Bottaro,bottaro,1959-10-06,"Contrada Melania 76, Albaredo D'Adige",pbottaro2433,paloma.bottaro34144@example.com,Qp!$&*#xhb050dXd(hoN9xFr#q@EIh.2N(FKbM4l*8leAV.%rDsS3tW$ygw#d0mxIzRDI7c1At)qOAIM.K%(Ag
300,Letizia,letizia,Righi,righi,1987-11-18,"Contrada Alfredo 4, Manzi",lrighi1228,letizia.righi73232@example.com,WvKa.s(9pDmW!cUuptLpO0aEB!QQUT
301,Sonia,sonia,Tomaselli,tomaselli,1985-03-11,"Borgo Cilea 222, Portoverrara",stomaselli7857,sonia.tomaselli96266@example.com,1oymWDd1$Jg%L@7wbH?PaYWpxD%oGMUflOQZ#g#gNwVIp6LQYS@Nx&E##aT9Qb(TZjWFJV4U
302,Imelda,imelda,Travaglia,travaglia,,"Borgo Annibale 1, Matinella",itravaglia4859,imelda.travaglia4516@example.com,")cse,jCFq5H"
303,Marissa,marissa,Luria,luria,,"Contrada Zabarella 7, Migliuso",mluria1957,marissa.luria47720@example.com,!gPZlvlvMnC3pxT?zMn40dBTg6L6)!*25yBuwce?l31F4tS(M#N2E)jq!J?fQ?)&54w(!GnSszhA#rSHXJ8&3
304,Tonino,tonino,Cattaneo,cattaneo,,"Via Benvenuto 354, Castel Cerreto",tcattaneo8385,tonino.cattaneo42771@example.com,"l8Z3x!(TJZ858rH77smG&pwXQKkK,B4eQ7XFKxGUNLlfojGhlpreAwKfmN?Z*6KXAZ&bpuL?DpLj%(d3?XkW%FZIgbA49MFF"
305,Toni,toni,Basso,basso,2005-08-02,"Contrada Stefania 659, Lentigione",tbasso2925,toni.basso55066@example.com,"*U7)XEBhQtaEcVyj)RQl#G4D*@eaq)0!w9juy6MWqH@@Y#)H)*,pr1A8%.#U1nw0q2k2010K9,GWY%4btQzeK,2,eP8,kBsaDkgijcP.m3p1tvKJUYZy)De"
306,Ansaldo,ansaldo,Borsiere,borsiere,,"Stretto Ugo 526, Giugliano In Campania",aborsiere9914,ansaldo.borsiere82956@example.com,"$hJkgdH&s(4bt5!s6&BGG4%LLzM4K?bWlA5a6u5Y,n5E(3NDzSDkYxH"
307,Stella,stella,Guarneri,guarneri,,"Vicolo Maria 6, Capraia",sguarneri474,stella.guarneri90763@example.com,E.%7KaQ2Giuv9mpfoJYdSeSmwtxfc#hSFXoGpQz
308,Amleto,amleto,Procacci,procacci,1992-01-21,"Canale Marissa 58, Dardago",aprocacci8651,amleto.procacci46402@example.com,6A7n2eail@FpY1KYzIgp%V$0e2q8pLwLwfIP
309,Mattia,mattia,Campano,campano,1998-06-21,"Contrada Greco 62, Morca",mcampano107,mattia.campano83432@example.com,qDi?JQAu!P@)q0u95x8PP@tWVCYj3)oMCyPitflz$k9&FT3IO*nZO2!q
310,Gianpietro,gianpietro,Montessori,montessori,,"Stretto Sagredo 60, Palata",gmontessori7109,gianpietro.montessori74682@example.com,"FWJ514s)pzFr3F&DAtb*!SZ*tCWN#,T,ldoB#UMIEwki)vEM@GX5fc60CpL8m@d*t&0v?L.)7Y7yL8Wf"
311,Umberto,umberto,Montalti,montalti,,"Rotonda Petrucci 6, Castel Del Monte",umontalti7773,umberto.montalti55808@example.com,.Yn7fZ(mnKdh%q@@d1q*2TCzT9ru
312,Gioffre,gioffre,Bodoni,bodoni,1975-05-15,"Strada Farnese 47, Rivalta Di Torino",gbodoni712,gioffre.bodoni34316@example.com,"YltoiXdqW50vE3MDsqgY!c$I6KHsEOs2ojhA,W.G??6Eq2sVRGBDuV*wVl,)&C75xGn#&axi@mkIpo"
313,Monica,monica,Baglioni,baglioni,1965-12-24,"Borgo Bonomo 79, Gattatico",mbaglioni4882,monica.baglioni58927@example.com,"f5trbMN$zFD,e*sk@!B.Mx1d!x3z"
314,Edoardo,edoardo,Verdi,verdi,,"Via Broschi 22, Fanzolo",everdi4910,edoardo.verdi57900@example.com,NEUY6LD!(*Np3sT6UjIucoYbhWBZ9de&N98mzX37q9.zFf)EB(Pw@#o2%)vy?0iEPeYlxjLTfz6fkrna&
315,Pellegrino,pellegrino,Gianetti,gianetti,1959-05-23,"Via Redi 1, Tursi",pgianetti5189,pellegrino.gianetti23137@example.com,"B1&8OFb$00#?xGc9$Rbpn&fu86n2t9UgZ.L@V6ZL6*bk,UwP9IMeviMpMMI3TDlRVsr"
316,Dina,dina,Calarco,calarco,,"Incrocio Mastroianni 7, Ievoli",dcalarco8762,dina.calarco47153@example.com,"E9KNDd#sK1ebUpnR8#oWV)B$2kCQUjdiE*r40s5sT(Ow6v*cjO4,yXC0WbnsMnVmJ0g8jBa8xX"
317,Piergiorgio,piergiorgio,Soffici,soffici,,"Vicolo Cagnotto 75, Castiglione Messer Marino",psoffici6276,piergiorgio.soffici9312@example.com,"x?TjBkG9.@q.U8CJHe)#2U3%L&(*A1$6%KcOGgv)ywR%srSRivg(6lH9MJY8kZDZZqijdCG#77JK0PQwG16u,fQ!DqW2BoCREHpJswLTrMs&t#*87OM%."
318,Micheletto,micheletto,Paolini,paolini,,"Piazza Vespucci 96, Comazzo",mpaolini9795,micheletto.paolini17976@example.com,"Jc%pyEdIJMjZpCe8C8L8t@KUZ64gWXq!%HabJ38Rtj,h(VL1,uA.a3!kIBzdckQ77%L2HIZhA?iZ*qbh301bcC"
319,Gianni,gianni,Zamorani,zamorani,,"Viale Amadeo 6, Mucinasso",gzamorani7103,gianni.zamorani117@example.com,"PxqXsomvy7j,&hyAr.q&2eiN?Dx5jBJS2Pih!4!QaTAcxM(&@rACOefve0cX9XTCCir6e8F#5yUFQLoKs?U4G$5f4i6CQ!nvF8nQjv#zV!GdPw?6jeXocDj$POWDy3"
320,Torquato,torquato,Sonnino,sonnino,1946-10-26,"Piazza Ansaldo 8, Donigala Fenughedu",tsonnino5711,torquato.sonnino67868@example.com,"jtpGfLfFfvw)Ha!*kQogkC@C)Ecn3J2,T)jOw1nylZKqP15pz)vnzF1(5v5YbVH7w5Ms3%aWTfEZ."
321,Matteo,matteo,Paruta,paruta,,"Vicolo Margherita 41, Lettopalena",mparuta4904,matteo.paruta54598@example.com,A1aPvXJg@vR9njvGg6(RLv7qWA4ZmH?HlrOQOgS
322,Valerio,valerio,Argentero,argentero,1961-08-01,"Incrocio Flavio 140, Zinggen",vargentero1356,valerio.argentero26400@example.com,ANhYu83mHoBCwUzJZ7mBakgH6MBL49MLuS(D))UfR3@.QVYj8mY&6&gSLchgvvb%ss(7#ZyW@U#D4ZVF3!aqOgFZ0DcuQ?K
323,Raffaellino,raffaellino,Comboni,comboni,1957-07-06,"Canale Tirabassi 86, Provvidenti",rcomboni5276,raffaellino.comboni32374@example.com,"y4c1&TG5o0yyEJV?gD,ZHIEv,iQ49rhUQHBapZCQJ7Rln&9hNDxFF*Tjy&l*nL!TSIEUzvi#@!hwv.zHf.)&YT"
324,Romana,romana,Sibilia,sibilia,,"Borgo Patrizio 3, Mezzojuso",rsibilia668,romana.sibilia55922@example.com,"iQ2gOGKFoYt!6?u6,beOa!6wn"
325,Lina,lina,Porzio,porzio,,"Incrocio Garzoni 529, Carlopoli",lporzio6841,lina.porzio58518@example.com,",)Gu5#o4Sj@!C1V*E2ao5rb60bWrrFtEM**&kQ?wlNWHvJpV!cS4O!V7R@lZ)F9A"
326,Maria,maria,Porcellato,porcellato,,"Incrocio Cimini 18, Lignano Pineta",mporcellato7730,maria.porcellato19000@example.com,RJBC*EVUvyldq)WBBsy19pEDd%
327,Orazio,orazio,Papafava,papafava,1949-04-22,"Piazza Amedeo 74, Serravalle Di Bibbiena",opapafava2976,orazio.papafava44040@example.com,"!yeS6Hl0LA$VS3&WpRaE6D4X4kJ8dmD(.33ZjHA,h7uz1V84QD6$aU!I.Re*db8HS9*c#ZokaFWxgNerbQpx,jEKezup%E8Y6FMyiTSlx!b9g"
328,Giorgia,giorgia,Gangemi,gangemi,,"Incrocio Matteotti 161, Soccher",ggangemi8434,giorgia.gangemi30936@example.com,"AJcm&D9xCC873H07De.dQ(1c7poSJYxxSAG.rEaqyChv2s%d$@R%HWanxHrCeenkP,7obzpW!6q%7RYu.(ji0D8!td8&AdVp&w.erp1nMIg?ygsQ"
329,Arturo,arturo,Boito,boito,,"Incrocio Canetta 319, Cavazzana",aboito514,arturo.boito16404@example.com,"!DO,23JR@Gmq%u6@74YEFoFu!ej"
330,Stella,stella,Ossani,ossani,1996-10-17,"Vicolo Rolando 46, Feriolo",sossani1237,stella.ossani4433@example.com,*66&hw*HWXy4?J2bV8vB%nUI
331,Gabriella,gabriella,Ajello,ajello,,"Stretto Rusticucci 82, Rocca Massima",gajello1105,gabriella.ajello16582@example.com,"7aUxQr%woB11KwV?2#!)x!Dt25?&y8lqYxKvhQ%hIltNQaGELH$c!*5XCDAIyzOd4r9f0M7PsMsxa$urE,&keZ*jFUtuk$)NTv.KmoffRdDNwjD%oz4QA"
332,Filippo,filippo,Botticelli,botticelli,1986-04-19,"Stretto Luca 127, Cappella De' Picenardi",fbotticelli4383,filippo.botticelli70432@example.com,".FhW(&TAH66naQvYzN9ESMzA1y*6k52*ZZF)Q0B97?73aCyAAYqRv4vh*3L,qyHGDWOKNuE,!O"
333,Vincenzo,vincenzo,Bertolucci,bertolucci,1975-04-21,"Stretto Lucio 21, Cazzano Sant'Andrea",vbertolucci4874,vincenzo.bertolucci79663@example.com,A.Hd3%@s01hMDpPi?
334,Nino,nino,Trombetta,trombetta,1983-11-07,"Piazza Guariento 572, Casletto",ntrombetta2241,nino.trombetta69048@example.com,6N%CiD4n6#j?YX)EXTgLYa1s$HLTk.OK
335,Cecilia,cecilia,Basso,basso,1984-09-04,"Canale Domenico 89, Vaglierano",cbasso5589,cecilia.basso40793@example.com,d7LZJsx5&x
336,Olga,olga,Travaglio,travaglio,,"Rotonda Claudio 427, Bellaria Igea Marina",otravaglio3341,olga.travaglio72975@example.com,"Qk3g@5HZXHFU%hx(ho,2?&ZO"
337,Milena,milena,Murialdo,murialdo,,"Strada Cattaneo 26, Creva",mmurialdo2246,milena.murialdo60583@example.com,"1lIv)$vFPle7z3CTJ7skSTept0th832qYVGC#X0fanPVn9gpFawt3z52oUA$j&VaxaWiSph(a%UwM7IR,ZXHMGDYGaTHY.Jl?*V%Sm)FFc$"
338,Nicolò,nicolo,Stefanelli,stefanelli,,"Stretto Greco 24, Monacilioni",nstefanelli1600,nicolo.stefanelli91228@example.com,"t&y(AOyAUDNzNzifKtz7,%0S!Efmad4kv#jVzE*uH$#$W6iz!TNMXLyn3C.3hrro2Nfp!#DrGm$(ghLP9z4vXv.AXLb0a$eSM@F*ba1gFzL?7bNf$Gr$2SQtCW"
339,Pasqual,pasqual,Vercelloni,vercelloni,,"Piazza Martino 670, Siviano",pvercelloni8213,pasqual.vercelloni76401@example.com,"Jsu!%7JN)7CNvb0.WNcU%AbX$qQwOB$Ra*BhxfDP34yXVdxOI)6()U9k,(nDlhk729,)mD?z74gQg?1ZZAxiheG5ui1a"
340,Liberto,liberto,Soffici,soffici,,"Contrada Giulio 81, Monfumo",lsoffici1966,liberto.soffici4423@example.com,B)kN)ayN3
341,Filippa,filippa,Tebaldi,tebaldi,2004-01-14,"Via Manzoni 69, San Marco Di Montefalco",ftebaldi5739,filippa.tebaldi71239@example.com,Oapp%?to9j879vCZ%g6KYmkr?W?&5sHV.LAzH%CQ0q#c.BpoHt0S%JHciCAmDK72c6Q)4
342,Tiziana,tiziana,Petrocelli,petrocelli,1977-03-05,"Via Vecoli 71, Torreselle",tpetrocelli2766,tiziana.petrocelli40142@example.com,"j9t?wtNTcRPw!VrSli0Amw7h#I.,0bSo1r*.0%Zj$@7&91?Jq8w0Rz*NajV%4i0JUU4Uk7&1Ucj&5*FO36Yu2.*#Gb?2"
343,Santino,santino,Chiappetta,chiappetta,1994-07-30,"Via Angelina 17, Cauria",schiappetta4390,santino.chiappetta65532@example.com,"COdkP%7Amy3&8eUDZxiWb0O9k9hy7QGihi$(N,Rzu)D?L$VB5E&GikY,UUk64mpQWBaa?T#HQhYC0?nTtGSCPXR4$l%V2xy,3uGJR@zu"
344,Donatella,donatella,Magrassi,magrassi,1999-05-06,"Canale Martina 19, Patrica",dmagrassi6640,donatella.magrassi27769@example.com,hRmwJ5r3@%PlETn72k9zVc4Hh03.6mKPrz#0lom5ULYpNZWfa@D*HfVEBvoA.48gQQp2cd
345,Giuseppina,giuseppina,Pisacane,pisacane,,"Borgo Tasca 33, Pugliola",gpisacane4140,giuseppina.pisacane5615@example.com,si*yyyvbhc$bh&ohSObNJKUZ84O.&OnGEn4gvx)V2$N4R??
346,Corrado,corrado,Udinesi,udinesi,,"Rotonda Matteo 168, Niguarda",cudinesi2622,corrado.udinesi55315@example.com,j)P75(2j5q*1BC@huj)fPV
347,Benito,benito,Taliercio,taliercio,,"Piazza Emilio 60, Mezzomonte Di Sotto",btaliercio5654,benito.taliercio98467@example.com,iwCGLd$MgsHjsbRXtBGBZtkMQl1eH)rM@JO(J%9t
348,Piersanti,piersanti,Chinnici,chinnici,1996-11-27,"Strada Chiappetta 1, Cesa",pchinnici6436,piersanti.chinnici34961@example.com,&8K%jRFNtmKquvanh**o!HpLTp@nx8JR22r..CxYFTg5mJl5GtzYXMeJlK.5Tv?S
349,Imelda,imelda,Iannotti,iannotti,,"Via Tiziano 21, Santa Barbara",iiannotti3202,imelda.iannotti36858@example.com,isvlc*o8.)04jv)oK2Ob6f9OlY&Q%vMt*)3Or&VFe1stpHD%.(wg2gQDFtG.zQ..L
350,Fiorenzo,fiorenzo,Tron,tron,1989-06-15,"Strada Ansaldo 25, Romola",ftron4223,fiorenzo.tron4732@example.com,"xIk#Ex9WQ.sH1.8vl@@4rJX,1!Q&.g12vGSM1@0zDC)!gFDOTDTAng#5V$wAWSXdEKy&Dd7@.B!wkL#dtUZ3pCL$cy*yWvQTuH4($,XEJ?cSFN,q3#$v"
351,Ornella,ornella,Cianciolo,cianciolo,,"Vicolo Ottavio 663, Ospedalicchio Di Bastia Umbra",ocianciolo6144,ornella.cianciolo84763@example.com,".7,%m*W%Ha),YfbxsMx503XihTjH)Q4IuYwViC5#l,fb9yyD.BT?H!h$!GTh*bD)nx3%G1"
352,Alphons,alphons,Pavone,pavone,1971-08-09,"Rotonda Mannoia 2, Calvisano",apavone6264,alphons.pavone74332@example.com,n!JB5dx3!)2?4uRZ1cT1eFH@pM8Kd$7n%Vf(RSoW*v0q!vNGOas7qa#jK4@wf
353,Marcello,marcello,Trentini,trentini,,"Incrocio Gianetti 96, Carbone",mtrentini4261,marcello.trentini37556@example.com,"?iz8T#ZqYyb6lcEQUf!#mTAZ(J(pHz1yu7nk0P*(Mes,1wbRnCgBAr$lA&ctTExRk("
354,Alessandro,alessandro,Boccherini,boccherini,2004-01-03,"Rotonda Adele 21, Camburzano",aboccherini3627,alessandro.boccherini21697@example.com,"L6OeVV&#xjGwydVZB1,*ZoPG5QoHg7.Qf7mKjIHlo2K#7*yH.pXz*HpFnnR!*oVf)WqX1iCQY1ZP6Ohm1&4DUX#@TM3aT@zI?oI#00"
355,Oreste,oreste,Barillaro,barillaro,1960-03-19,"Stretto Gradenigo 88, Ostiano",obarillaro2567,oreste.barillaro15585@example.com,fz?%4MUvzbdl#qp
356,Alfredo,alfredo,Borrani,borrani,1956-08-15,"Vicolo Gianpaolo 729, Briatico",aborrani8843,alfredo.borrani45782@example.com,"KGhnzBGH4N6dPPNgE*NBMA%S1b@Ha,!T2hU6&y)8GzodcdfzF*,d0VVNnXlC@p0&OTf6.$@A4nAkZEaI,K@O,cNNIn"
357,Maria,maria,Natta,natta,1967-07-04,"Incrocio Chechi 396, Ripalvella",mnatta3122,maria.natta91252@example.com,"pPjYRupk8o!xLkScwTu.%pKaS8NTFJ,rAS96hZ27vpMMaQM8&e4M$q,tAe.LHE8WhF4467XVLw"
358,Alderano,alderano,Gagliardi,gagliardi,,"Canale Ernesto 42, Songavazzo",agagliardi6623,alderano.gagliardi1148@example.com,W&T(c?bI(o194Kfw@qf9*akxdiS4u3mdiVZ#!pi@5nck*ApJspAL6lCfj5Z1.WNC7JsD$2Zm$qyZpGQhV7mB64gC4%TX?qfZpKaPTcaPKEO(dW27PPedSwMQAQoHa
359,Lodovico,lodovico,Bragaglia,bragaglia,,"Contrada Antonioni 75, Unterrain/Eppan",lbragaglia9103,lodovico.bragaglia61258@example.com,"4WBQa,VO4eT%(Z29f0wMjAec16sG!kwLO4EkKAk!rfn4?S085X05%SK%0$JG!?@&v,D)qjTn!6v6gfMRVeu5EGBTukUHdt(j3Ex$YIQL0,vUSBo5MC"
360,Dina,dina,Corbo,corbo,,"Borgo Federica 96, Corrubbio",dcorbo9162,dina.corbo94089@example.com,"vv.ZIXCX.fUqoIbN5?k4%.K.MZXN#UC4,1m61?b0TbAA70Sy59@$KRqF6tK%(LyKGQLWP0Wf7(J00LLZ.wfOHUkh0Q*qz5Jsu7TAqhjGqlzqvAd1Bb5)oAATnBD#?gt"
361,Guido,guido,Marangoni,marangoni,1982-05-23,"Borgo Simone 47, Rignano Sull'Arno",gmarangoni6075,guido.marangoni56713@example.com,"Kdumq1U!NZ9qHWXz6VUwfh.vaayBlCO1,S)XVskNsRQT&8riRLS3g5$sJmIa!izNE5F,kY9Uu3?@mmf,lacZVJ2bg9%Nu?ET("
362,Francesco,francesco,Ferragamo,ferragamo,1960-01-08,"Piazza Graziano 855, San Fili",fferragamo9905,francesco.ferragamo60732@example.com,"7cd3Ln2GIBRbv91d8p2U957ma2Q&GXc8dLaeqd?7sz1OY8aQT,)pjLZl@hvlobNc(iwioZVZBMSPM6ADhoBzaTURJZyGeirAEC38*9n?btE9JJD38&hbFv"
363,Rodolfo,rodolfo,Comeriato,comeriato,1988-08-17,"Strada Dante 61, Ponte Zanano",rcomeriato8587,rodolfo.comeriato5811@example.com,"NMpUSUWjSL3,6C$osijc50(MIG!.Ai#r*5uGTmN**X1OWs1RJMWi4Gd17JC0"
364,Rodolfo,rodolfo,Zaccardo,zaccardo,,"Via Fanucci 93, San Gregorio D'Ippona",rzaccardo3280,rodolfo.zaccardo79661@example.com,"?woRA4L)b,kZ)KDSOr7k.K5d8YwuAxGuDehy&.tU%tUqT0FPkOgfFHOp(3nky0(lqcqC2,#Ws2"
365,Achille,achille,Surian,surian,2000-09-26,"Viale Baccio 89, Carbognano",asurian4856,achille.surian22678@example.com,"8Eyxb6ioEqAbf*9AuHN9v%*@U)*sJlr6pKqY)ZuGD,*Dgw@lU?ko30hngi3QsxkqZIAlqB5D9Z*YHtHCuc,FEjh@t6nldgB#u%i??eUxBEE3U"
366,Ricciotti,ricciotti,Togliatti,togliatti,,"Strada Eraldo 52, Monticello Amiata",rtogliatti8253,ricciotti.togliatti60455@example.com,ytuZnweXBqSHsR89)hT78R2*&KYKB$uw9QXrhPmW*rLy!d)Bsh(g.uDXdUjLpxf.ln#rC(M%M57&nT#v19cwM0?YJFyx.thS.C8oXge6gLN4T3&ll07rOa@
367,Pierina,pierina,Vergerio,vergerio,,"Via Valerio 83, Fratta Todina",pvergerio4791,pierina.vergerio69673@example.com,a74$#wCt71)opMMy@pSmomorSO4!Lv2xHxb1qk#O4ChT
368,Marta,marta,Micheletti,micheletti,,"Borgo Michela 4, Sale Delle Langhe",mmicheletti6074,marta.micheletti90538@example.com,"C%1kr88vnC!,c1pBTkStIgC$(U0MH@7DmsUSr0w1?"
369,Martino,martino,Almagià,almagia,,"Stretto Uberto 3, Cagno",malmagia8548,martino.almagia80095@example.com,"C2ma%e$F#s!W9m,IN$Y%D,cyu%kR@PVVPjRfD6LU2T3M!WM)r(f)yT0BBavkL@Pbnu0?9YGICki5*ry5yToQZ!23I1xiuR4XA$APlXvH.OGAo3fB69RS"
370,Telemaco,telemaco,Cristoforetti,cristoforetti,1948-09-18,"Viale Pizziol 75, Pantano Di Teggiano",tcristoforetti3793,telemaco.cristoforetti28543@example.com,jTjaM$IOwBc8
371,Paulina,paulina,Galilei,galilei,,"Incrocio Pierpaolo 867, Collio",pgalilei107,paulina.galilei42643@example.com,"$*AS5ryA1G8$q)JVz4@tuuSD,ZC1,5&scr73BNcxmC#Ts4XQx4L4RmxdwFt&Q?HMgpX&3ETi6CGlliHPc!MHE!6&XT2qm#"
372,Elladio,elladio,Opizzi,opizzi,,"Incrocio Alighieri 152, Scaffa",eopizzi798,elladio.opizzi41620@example.com,@6hvNWU8$T
373,Rossana,rossana,Carocci,carocci,,"Borgo Gianna 53, Cecchini",rcarocci7672,rossana.carocci5988@example.com,5wD1Wrfl(ZDsv3
374,Gabriele,gabriele,Andreotti,andreotti,,"Incrocio Tatiana 4, Comabbio",gandreotti9480,gabriele.andreotti18716@example.com,c9r@7Bk.Z&CP@K6
375,Liana,liana,Santi,santi,,"Via Dina 10, Campo Ligure",lsanti4683,liana.santi33579@example.com,"mUDhy8!OZu*(2,WaQ?,O6PYowQrKcQcI@h$JI5Ry5em7HVO!Na615,upK#ILC5yedu1cGB)OxvmAuOzjks#myhMe!MFS"
376,Marisa,marisa,Staglieno,staglieno,1979-11-18,"Viale Veronica 632, Monasterace",mstaglieno9798,marisa.staglieno52604@example.com,nXOYja$UY77yQ8mvS10*9qItkZfgZ1FWu.VmHL&(Elb8!A%yvIC&RBRZ
377,Ugo,ugo,Fagiani,fagiani,2006-05-29,"Piazza Temistocle 8, Arenabianca",ufagiani7326,ugo.fagiani98810@example.com,"#i8a*vv#Kswe7CX38NBAH46XDKmic3lEy$ky5MIpwK6DLdcwZkCb)FFA0!88Ti@nptUL3xbfm8&2n!hf?*!W5P,%?W#JUAJ3@JV5YW7m"
378,Michelotto,michelotto,Marzorati,marzorati,1950-11-27,"Piazza Lazzaro 3, Carisolo",mmarzorati1364,michelotto.marzorati55767@example.com,"oBCHM)S2RygomR4WGFBTrPz7%,@$?A&sik%zLULHhmhj&aEiIqgDX4yn,p0k08(3Jna4e9hX$P#PwoAc)@xe3&%QqaTqlhRS)B"
379,Lamberto,lamberto,Cappelli,cappelli,,"Rotonda Spanevello 98, Monterosso Calabro",lcappelli3196,lamberto.cappelli13561@example.com,"DqAHYGWFs0u39AuQFf.I)c5(Q7TkI09gbdp3MPcd0?D0WXolI,Z4&iTJm,#nHjxsLAuE.yfwJ"
380,Rodolfo,rodolfo,Moccia,moccia,,"Piazza Giuseppe 575, Tirolo",rmoccia7556,rodolfo.moccia58568@example.com,a0vbOr099!AZuA)!A0K
381,Enzio,enzio,Riccardi,riccardi,,"Via Leone 20, Torrice",ericcardi444,enzio.riccardi77024@example.com,X51@bx3zs)J1@.zSP77Pp#$jDf7*PbK!82ybH6T9q!B#cpH@NX?DEp.KSEgt
382,Anita,anita,Santoro,santoro,,"Vicolo Corradi 7, Manerba Del Garda",asantoro1314,anita.santoro37174@example.com,"Ei@Bm1w3@*bE@,V!.V@qz?Hu#xV5w.o.GrH4dW&(??x#*NNNAPSpP3%hbN.0vl"
383,Giacomo,giacomo,Montecchi,montecchi,,"Viale Tirabassi 25, Domegge Di Cadore",gmontecchi6990,giacomo.montecchi92940@example.com,"Gd9R6jhnAUM7yEeOd*YQ78i%xW%*c56&ZL?X&@5bq4Gu1*6&0VUKv6GbjHp$o*@DrfHBpBPOexfOVGN&)tFD4pW6Pd8.Y?chKv6#,*j$Ls@Wf682UboA#IBCad&F#6"
384,Adele,adele,Petruzzi,petruzzi,,"Strada Borromeo 6, Quarto Dei Mille",apetruzzi8835,adele.petruzzi97831@example.com,38.$A!I2MKw.?tVTAz8$&Z72dp84ZXHFoQUc0!NrzmnMo
385,Giustino,giustino,Mozart,mozart,,"Vicolo Gullotta 74, San Daniele Del Friuli",gmozart1358,giustino.mozart99795@example.com,"SU!Gx.UJgsi*&GwToFyEWWkS3?5Tl3X1bh9ekWR0kGfe?tl@Hk7asgCaGY34uV,4MAYG58E9#o!QhPvXSO4s"
386,Daniele,daniele,Faggiani,faggiani,,"Piazza Lilla 716, Sant'Ambrogio",dfaggiani3689,daniele.faggiani76422@example.com,"do#T7V)g$uR@Cku2geV#B2lk@E36)!M3JasF6C5H%ZSqbgYV)vzx&N@sENQqjjL05C19qoF1,L()fC&N$96AVd72tze.qaC)%eTZO(*%J1LufO$?c3?d@LkRkiL"
387,Maria,maria,Lovato,lovato,1975-11-29,"Canale Nicoletta 39, Agazzano",mlovato4180,maria.lovato69739@example.com,4fqav)h%(0xj8Y6*u0r(Kk8L$$xR$!UWDcM2Z$a
388,Amico,amico,Sforza,sforza,,"Vicolo Pedersoli 64, Strada",asforza6197,amico.sforza66699@example.com,$.opt9%w4Os)LTs$U@bd5Huz2aBELYm)8
389,Tonino,tonino,Casini,casini,1956-11-05,"Stretto Castioni 78, Gonnosno'",tcasini9780,tonino.casini93528@example.com,qlGy09JpDygzG6YwZq$S(k5GgWQZzsRMgMUUa.f#NZ1IL!4K0xPf*.5Hc5KG2O(eg&%b)Y%bih#%a7wglue32%bdRA.j&T75Yad2L0Gx(ALnidE7ck!Rt3oI9I
390,Natalia,natalia,Agazzi,agazzi,1996-10-26,"Contrada Scaramucci 916, Vitriola",nagazzi5240,natalia.agazzi35335@example.com,0s!.w$ar%x$Unbl&sBjUjsXZNLc
391,Silvia,silvia,Togliatti,togliatti,,"Incrocio Victoria 0, Ca' Zuliani",stogliatti6063,silvia.togliatti33904@example.com,"3tLOqQP7i592HWQV#$BK,7s8yNR"
392,Cassandra,cassandra,Romano,romano,,"Borgo Civaschi 4, Goldrai",cromano3971,cassandra.romano22335@example.com,l7&TF4GO5bPcYfhYrICB5f?3EKpD7$b8GksOg?v6mLa2xJa.jQ1$nF4vJyQIsQFYBQaM&g!3n
393,Delfino,delfino,Renzi,renzi,1952-05-09,"Borgo Vincentio 840, Fiacchini",drenzi983,delfino.renzi25119@example.com,"x$uG,r3J3eTp@LWU3GRLreN*eggzqYB6L,UmeuJBy#2dRh?sfv!E#"
394,Gustavo,gustavo,Maderno,maderno,,"Incrocio Raffaele 240, Brondello",gmaderno608,gustavo.maderno24707@example.com,"5*WPlpJf38D3KE1KEbGUOBVOb@*h103q@$#Z90hp1?gtF,Pyblb%Khwp%dLMTnEpNA8t)HNC6OIMDBD8Cn8rgpwougmzlUiw0Fykbww7"
395,Gianluigi,gianluigi,Bembo,bembo,,"Rotonda Rensi 1, Celle",gbembo1753,gianluigi.bembo22865@example.com,0brOb@O)EYB)LaCY).rr7%tqqpn(4ipWtcdIsG9nBdItB#QlNcW1oRo*x)g3GR97fkvQ?56SrfXZovyssaRHaki9oK$7F2oDe.l
396,Cristina,cristina,Aldobrandi,aldobrandi,2003-03-25,"Stretto Tron 6, Mels",caldobrandi5272,cristina.aldobrandi1369@example.com,"OihVnb3VM3hhsuwEL8,H2nF%lkD8vcbOIHT@e8ZJF$fY3PVF"
397,Bartolomeo,bartolomeo,Buonauro,buonauro,,"Stretto Antonacci 320, Limatola",bbuonauro6297,bartolomeo.buonauro50631@example.com,",W9EORx0(VNnoQULn9sbtVRp"
398,Camilla,camilla,Pertile,pertile,,"Incrocio Tirabassi 6, Magliano De' Marsi",cpertile6655,camilla.pertile7777@example.com,"Lb8oqKg*PMu#I!VGfkjEXVApcQK(NKir*q.nSFzE,TKFPllc8u1ZUWRW8e&WBcD,Tm.3V6JpW@0O726j%m7JiDs%$R93RlbLP931oZf?JW?i0jLs9JaUm3G.#BSGC%"
399,Lisa,lisa,Zaccardo,zaccardo,,"Vicolo Moresi 96, Freins",lzaccardo7412,lisa.zaccardo83745@example.com,apBGKybGu?Rh#4a50sj58
400,Sole,sole,Raurica,raurica,,"Borgo Scaduto 212, Rovere Di Rocca Di Mezzo",sraurica4263,sole.raurica80991@example.com,"e9V,DCsn2PO0yZ*OkG)39m)s?1kGQO,8hsajJ,Z*(9eFtK,&2IsgwYe90tiycKQy)w,fgQyA1v%NzfpSXKQUt9)2y)YnCM!e77lPIdT.V.F91(j9G"
401,Francesca,francesca,Visconti,visconti,1967-12-30,"Via Annibale 6, Barbarano Del Capo",fvisconti7818,francesca.visconti41246@example.com,2kh0EjP%
402,Federico,federico,Missoni,missoni,,"Incrocio Pirandello 6, Cavallino Treporti",fmissoni6318,federico.missoni56233@example.com,"VcmOKf%qTc0bvrI9@?4H,#6TIcU9G22,trvN7824#WmSfUSkJ$b2B9X!u)b,*zuNTR1P9nYxA8ACkKOg*2NfaMGxDar!uDU?&68y"
403,Alberto,alberto,Pavarotti,pavarotti,,"Stretto Ortolani 50, Lerca",apavarotti2372,alberto.pavarotti38412@example.com,GiAw8.hSR2F3.ql*Adz4PH7h7vlYpx9n6kLRNXIo0Yhs@2rHbRcc%kyr)En$R
404,Ferdinando,ferdinando,Beccheria,beccheria,,"Contrada Lilla 80, Fellette Di Romano D'Ezzellino",fbeccheria2234,ferdinando.beccheria25401@example.com,rq(KHFxx2)ldhBb*QzBFZfJ3If!4q(m0WNn@qs9M#iWpUTMC#ZyGJ&dC8m(*(bJu0lOrbKZppjii1uU**P)lcPX6wuVb7AvWI(8k?uJTHVzsIOSpd
405,Donatello,donatello,Giolitti,giolitti,,"Borgo Ivo 289, Romana",dgiolitti4908,donatello.giolitti10885@example.com,"gtUs6tv%fB2iPJ,bjy1qWTW6Sp7zMLL8s$90GFz,U@7!&wc?n$OPdW"
406,Giuliana,giuliana,Morandi,morandi,,"Borgo Coluccio 4, Pianventena",gmorandi5134,giuliana.morandi38861@example.com,"K7r)!3D4Qcs5?Os6)v6&#CR1j!kuo$,tuP)xk#?8m4Pps1EtWgaey,8cuShH.g"
407,Fabrizio,fabrizio,Civaschi,civaschi,,"Canale Alessio 880, Vigo Rendena",fcivaschi5926,fabrizio.civaschi65899@example.com,"b3V7KoZ?,!AGEJIOaPg9u0giqv*9Q?r$KU*Z.k1Y90j6TYF0uus!li"
408,Mauro,mauro,Rastelli,rastelli,1977-08-25,"Stretto Gioberti 6, Montesilvano Marina",mrastelli3043,mauro.rastelli76367@example.com,"G83xLazeM3QRr*3u$zbv*HPCBD0!YaabKSz&LxSp#UKHmY(X.!ycCSstj4I,)0Ps!#byY2vMywF7CNCAjSudteW*jD!9FVtkyN)jDhnTk5DU!YR*w)6"
409,Piersanti,piersanti,Borsiere,borsiere,1988-01-23,"Via Aloisio 5, Mollaro",pborsiere3883,piersanti.borsiere77882@example.com,RGC$3(6IMGJBMhxguQXSDM7!*)Nrpp#1bxsdE#8ugb.)r02x7NGHgoSlFD3
410,Olga,olga,Casagrande,casagrande,1987-05-16,"Contrada Monica 30, Morrona",ocasagrande476,olga.casagrande58466@example.com,GegtPJr#B5H0p%G
411,Nico,nico,Dandolo,dandolo,,"Viale Murialdo 759, Spinete",ndandolo9844,nico.dandolo65683@example.com,"to,dOKtl.$xZOXQMM49##j9qp&#ElN?LFy&BD#l96ict1iZVWQ..rTpxEFVD2G.$Us6(x3Z%x#@Y6)743jbavo,53pMW.&E*&7KfaU1rDgfCm!AMcK05f"
412,Piermaria,piermaria,Tosi,tosi,,"Stretto Foa 2, Brenno Useria",ptosi8694,piermaria.tosi54818@example.com,*).VM#@WsL#0r6*$yPV09GPDjK0s@RFxGJHH
413,Carmelo,carmelo,Ottino,ottino,,"Contrada Torquato 781, Sant'Andrea Di Sorbello",cottino1166,carmelo.ottino45990@example.com,"qnv9E$T*@z(F(lghOLE&%WfX*YwkDR2UaoTM,qpK&wSuj"
414,Giuseppina,giuseppina,Santoro,santoro,,"Stretto Donatoni 53, Pornello",gsantoro6534,giuseppina.santoro32133@example.com,"O@V1OTmqU#!,4w8ppKeo8vEsgm00kqKZu@&m.bo6NAGIPjO%ZF9grmr6Rair9x@ooDXh(7Gn4IM@3Lb8i"
415,Adele,adele,Pavarotti,pavarotti,,"Stretto Gemma 49, Scoffera",apavarotti3428,adele.pavarotti25868@example.com,*#d7cfnOXqSDKFl
416,Galasso,galasso,Cimini,cimini,,"Incrocio Spanevello 85, Lamon",gcimini1504,galasso.cimini72551@example.com,"Fh20Ei*VW,.zF#kWS5czeqshwRTV2NLrIC3hCuKubPYWmam%14*VC4K.aFPdb&bMQqEukw?vG3LWnNut6WOSpBsImdNrHNbqjmS0Fj6bhNa"
417,Angelina,angelina,Disdero,disdero,1969-11-14,"Strada Martina 926, Santa Giustina In Colle",adisdero445,angelina.disdero77574@example.com,9TnE3E6&1$nh2kE8mOGF(l)@ISHwa?MW?NtMUP8Ne8!UEOtr
418,Raffaele,raffaele,Argentero,argentero,,"Borgo Ranieri 7, Pratrivero",rargentero8111,raffaele.argentero92688@example.com,"Wy&oAJg$6Q3AVNYV.93yh8%aFw)ei8S(X%xkZMo%OvG!Q8rPZ1DP*UE(?tVETGYrHn,LKS5GL#$@nt&#6MX6h*HiT?z!H&8ulTtePSXzdjTOkdFQA)bBx"
419,Claudio,claudio,Mazzanti,mazzanti,,"Piazza Durante 5, Fara San Martino",cmazzanti9285,claudio.mazzanti59345@example.com,CF3N3g2V0gacR&@D3KD#@5%FS7#e.D6W)Gz
420,Barbara,barbara,Ceravolo,ceravolo,1994-12-31,"Stretto Saragat 3, Aci Sant'Antonio",bceravolo4137,barbara.ceravolo24625@example.com,ZofzHF4Z1v?l6uEo)8r1s#Z93kAapAt8$&Td&OkMdgF$5A)!?Ba6o
421,Ottavio,ottavio,Righi,righi,1967-03-30,"Stretto Liana 7, Schierano",orighi339,ottavio.righi23561@example.com,"hcbsNAH%Y*GW@#!ZBtM6lal,NhsA@h6PMTs1y?GHlO3(LhI1%d!SYq#L"
422,Amedeo,amedeo,Bertoli,bertoli,1963-02-21,"Borgo Volterra 47, Massarella",abertoli7082,amedeo.bertoli40295@example.com,1be7pcmklff8Yg!rIOaT@N&KPG&FtQHlf4Hn6r@nv@Nd%t0Jm0WKBCmH0s5
423,Tiziana,tiziana,Angiolello,angiolello,,"Via Guicciardini 9, Starza Vecchia",tangiolello6175,tiziana.angiolello51588@example.com,"IIijsW8,R!s61nWB2sK2pYYJ)uTyN0*dvVU#0G0ht79?&PW)AJwc(p$sn8ZsQhW9"
424,Pompeo,pompeo,Moschino,moschino,,"Canale Mattarella 117, Imperia",pmoschino398,pompeo.moschino49544@example.com,fxqma&vGQcHTU4?.GmX@(QodaN*veN
425,Eraldo,eraldo,Tarantini,tarantini,1950-08-16,"Rotonda Toscanini 944, Mechel",etarantini6702,eraldo.tarantini68722@example.com,"1@mXT#?U%yQkvmX4iHL$.vl#C?72eWI5IqT2p?IGFbvn5RtIDu)$zZ&AOO@WDaa4sg!*CD2!fGy06JXBIldY#Z*&omcVREWv(OU8Q!eMBhM$z@(,DQ0"
426,Loredana,loredana,Morucci,morucci,1948-09-15,"Stretto Mariano 49, Riana Di Monchio",lmorucci5517,loredana.morucci96929@example.com,l72RxV6B&rQFRX5#h@*twFsv!cnA56tVSCMO!5A0SWzQw6w92q5KCcMnua9i%2zEpG$$RX#DJ
427,Lorenzo,lorenzo,Montanelli,montanelli,,"Borgo Sophia 6, Lavezzola",lmontanelli382,lorenzo.montanelli43841@example.com,"3P$f@DsL@X44Yy0SeHpKC?,uV7@vne6sdh.5knep*8Jc&!6$3G*@&yP"
428,Zaira,zaira,Grasso,grasso,2000-04-25,"Strada Dina 861, Castromediano",zgrasso9926,zaira.grasso34330@example.com,"6IQ0#9iva*gyhRt@ZH)$HViAmz(nnf3bitygW2Djy&s59cJzkf@JmMqF7Zh,Skq9B.N5XDDY%53IC1UE,AgJY*Y37iA9@xf@?)ppDVCi1GxrGtGOyvh21yuq!"
429,Gianpaolo,gianpaolo,Taccola,taccola,1974-09-07,"Rotonda Delfino 311, Madonna Dell'Albero",gtaccola375,gianpaolo.taccola79775@example.com,)S#0bfB4TpjR!4j6J
430,Ivan,ivan,Cuomo,cuomo,1952-09-20,"Viale Pierpaolo 87, Giavera Del Montello",icuomo7697,ivan.cuomo386@example.com,rGOVQ?.8EwM7#RPcNioH5raUJ).?R6K2woxkD9YTwcY9gDoS8vB3MWtnhcrB9!eQS88Z(7u57y6QkhJ5D*uHxV$hmmJ
431,Silvio,silvio,Chechi,chechi,1964-02-23,"Borgo Infantino 9, Cavazzale",schechi6592,silvio.chechi63629@example.com,"%6Ys7*lba,0S2jgIH2,Z@CuIv"
432,Raffaele,raffaele,Querini,querini,,"Rotonda Arnulfo 353, San Cataldo Di Bella",rquerini9159,raffaele.querini230@example.com,!f&#.IQKu?f0(
433,Napoleone,napoleone,Jacuzzi,jacuzzi,1994-07-04,"Rotonda Loredana 58, Squinzano",njacuzzi2208,napoleone.jacuzzi72741@example.com,plve9WYydeBJRrwHR4jXU.uh&x6K?ahQ71o$Ja(?z0JrGjpf6r34E%?rzV06tHV8o2OW#)N)$Z
434,Guglielmo,guglielmo,Procacci,procacci,1964-04-04,"Via Trapani 1, Villa San Sebastiano",gprocacci8202,guglielmo.procacci97602@example.com,"v)!121pTYj5W5zvapTw(1S0NRM$R)9zKf?Ei,q.!yW%$HyVu(RTFlNRt*eF69"
435,Girolamo,girolamo,Aulenti,aulenti,1963-10-14,"Incrocio Guarneri 8, Annunciata",gaulenti6895,girolamo.aulenti87500@example.com,"cP2jc,h&D7j2GG97#WSzwlVGKXPJbAKP3Hi.H439(Y05yuNukAU6!&8xtwnAVTCc&.f%3BmtxrO"
436,Lucrezia,lucrezia,Treves,treves,,"Viale Broschi 1, Capriata D'Orba",ltreves3511,lucrezia.treves29527@example.com,"8msrBpNPV&,h,xGhfs#HVC!IzCp95!6H#PtVJsI2HZwetu8mnf8zuZfTlyK&.6UIreEomfs1QS!gUB!QG30,F%37BVgJva!y$"
437,Silvio,silvio,Sommaruga,sommaruga,1979-04-05,"Stretto Garobbio 8, Ghorio",ssommaruga2122,silvio.sommaruga31272@example.com,"N9J!kyfcxIJfN.R4&,WH.124i4hxAlB6RMbsv#$%MUJGtThc*CrcQV@jYvxJaeecLeiiQT%9te0UvBQ&IJzJ(tzgwj,YNJ"
438,Ramona,ramona,Ferrazzi,ferrazzi,,"Contrada Achille 89, Filaga",rferrazzi7377,ramona.ferrazzi81965@example.com,"nNQP,iaQoR96*U3ChyaAc0Tw)yzuw62*c6n?5ZH"
439,Alessia,alessia,Bruno,bruno,,"Incrocio Mazzini 898, Casafredda",abruno5165,alessia.bruno11237@example.com,wKt#@ymgODlRZnu(Udfs3M3mfk&wC?@H0?SaBPT
440,Fiorenzo,fiorenzo,Cicala,cicala,,"Contrada Barbara 3, Tigliole",fcicala1578,fiorenzo.cicala51132@example.com,"@zSywaG(4F!,Lzo%)amIGg*nZfOGQXP95.aaF*#h(2%2OUxr0.4gPvCDcHe,fhU?f&r89"
441,Zaira,zaira,Toldo,toldo,1957-03-06,"Viale Amico 467, Villa Motta",ztoldo4244,zaira.toldo24868@example.com,"9,Jm!wsZ4CBxgRbuNp*V4p!r?4laTHegUvAMHL*JB7xjHQjZ(g3o,8AMSSPN)J1%znGDsFWwboH?4ln%EbP@sL(yyTd*sm8*)L"
442,Piergiorgio,piergiorgio,Caccioppoli,caccioppoli,1983-10-12,"Piazza Pellegrino 33, Suio Terme",pcaccioppoli7472,piergiorgio.caccioppoli5299@example.com,"hEtf36P&KuRYMHbnVv??snE%ORIzAeAm%5qNEFM)y5%t$yMFRKQ$#cF4rE1oZn.b9D$2Uf@TLFi*Cmf@0Oudl4H,8R"
443,Adelasia,adelasia,Vento,vento,,"Stretto Fusani 551, Taggi'",avento9079,adelasia.vento51938@example.com,"sW,BI7$2!(FzFrk9VoP459X$3"
444,Sandra,sandra,Antelami,antelami,1960-08-05,"Rotonda Ivo 7, Cocquio",santelami1426,sandra.antelami91058@example.com,7ap5ZHO)jnsu?BBc%fpSdJHZy##6xZc!qlf298Tq
445,Marcello,marcello,Maderna,maderna,1988-03-30,"Vicolo Detti 28, Acquavella",mmaderna4309,marcello.maderna73030@example.com,!i3I!XpgmIGM$fhMPAJ(tz(L7mTaAp8*pW!Zod%KH080oYP5YLv51Jmbz
446,Ermanno,ermanno,Ceci,ceci,1981-05-22,"Stretto Bembo 2, Cimina'",ececi9751,ermanno.ceci48887@example.com,"N2UiggfBsGww4qvyACqMApoYM$Xu0G,.u$!6fd7fiykQ!7"
447,Nicola,nicola,Conti,conti,,"Canale Ennio 922, Sant'Antonio",nconti395,nicola.conti1774@example.com,s8i&J3eu6lE@0VGZ&!CkDaN4QXah@)f#ZtE4c5AZy9jpoc!QA.S75SYOlIWGOwE.f3C(%n5flLFs&z
448,Camilla,camilla,Vecellio,vecellio,,"Strada Trezzini 27, Perarolo",cvecellio2652,camilla.vecellio14139@example.com,j!hw1*$wR)$@K$75gJ8H!E48%Wc!faB21M8Jduc.4pn93(
449,Fiorino,fiorino,Busoni,busoni,1954-10-07,"Strada Dandolo 30, Ripacorbaria",fbusoni1244,fiorino.busoni39073@example.com,"arvf?G9Ikui#FEW1Cym(a.$yVf2VQ,dVvF@V7#SO%"
450,Luigi,luigi,Caracciolo,caracciolo,,"Stretto Travaglia 1, San Polo Dei Cavalieri",lcaracciolo5734,luigi.caracciolo37837@example.com,dd@5rOBU
451,Piergiorgio,piergiorgio,Vigliotti,vigliotti,1972-10-12,"Contrada Mazzi 253, Pianola",pvigliotti1704,piergiorgio.vigliotti2566@example.com,m1m!m!@A!*UdbMG3HxCcd
452,Alina,alina,Volterra,volterra,1949-10-15,"Viale Eliana 56, Nocelleto",avolterra9987,alina.volterra20956@example.com,"##OgrVHUl3LoejI7qCI6*t1Awi3i%5v0&v$IkSCPkpAjc!%Pk5&bC(Ffr@g#9Ar?vIVpqT$MVQ?!,n0iI083"
453,Alina,alina,Collodi,collodi,1952-12-05,"Via Alfredo 84, San Marco Argentano Stazione",acollodi8705,alina.collodi83437@example.com,cnZ3.BxPCk)9&VXOF#TjMT$8X*Rgo!tEBGfd9z
454,Marco,marco,Bottigliero,bottigliero,,"Strada Rosalia 27, Fasano Del Garda",mbottigliero8735,marco.bottigliero85504@example.com,"6XDi,?13rQez?ym6E,3AmK!Nf3Lw1co)K%*vNkM@S$mqgfL8.iRogXTfR7hL&O5OQ9tZ,)$,?"
455,Salvi,salvi,Carocci,carocci,,"Via Vincenza 646, Borgo Carige",scarocci4920,salvi.carocci71727@example.com,"u*35%I)aA)*l%Dn40B1G4Xq,VDk(VX,RM2@270$dL1a(GV4pMtS0b$(Ek*Z0amtf?uBQeUClvzA.!EO9,pv)!psgXYOdiR@T%Joz,hJtb46*,HR7wvL8fcj%vk()m$"
456,Camilla,camilla,Turci,turci,1963-09-06,"Canale Veronica 0, Monte Porzio",cturci5503,camilla.turci488@example.com,"maOxbaTxmscA34rAnvyUICow&SQ6!#iftRoNwue8VAxO9eN49?z(P4wd@9%HtMpgk$#mghDY,3nm69cweA0HKcwXE*!*V5A"
457,Pellegrino,pellegrino,Respighi,respighi,1961-01-01,"Via Basadonna 59, Taino",prespighi2693,pellegrino.respighi40941@example.com,"KEBXUhM2EA.@R,fIvgn30PGgmikfBUr?G@721J7QP!&S)i%2H?n!tvi8(hOIU#WaXkH2fv2Gx*0&B(tk.RUTU1)ywNGhmej&YqV?(@ofStQm0"
458,Graziella,graziella,Costanzi,costanzi,,"Canale Eleanora 26, Lavariano",gcostanzi6456,graziella.costanzi36148@example.com,"c5M!r3K.6WAEWYl2&MNlRnAHbG8DR(HXoW&8.I#&uhU04Ptpxva$!7AF!WXKrjtS8W%G8mkgcTZ%w,tsDNr7XLA6D&qW@Bnd0cIyK#"
459,Armando,armando,Rocca,rocca,1978-02-13,"Via Giada 48, Lucugnano",arocca5084,armando.rocca29795@example.com,Mj7LY*88li1yLCtb3?vkrJ5UgL0MjrXdB6$GnuJr.yr%@XVaAQCcmOrxaut(8Z0Pq&Hm0tIzlaWNNZE1HBPUYEOd%#Ed.VSCj6.lT3N9HXED?G22hF.F2
460,Eugenia,eugenia,Capone,capone,2004-09-01,"Vicolo Toni 85, Cordenons",ecapone3155,eugenia.capone80603@example.com,sB?ZeL%)eq?*QyLVsS)g5n
461,Gianna,gianna,Regge,regge,,"Piazza Adamo 890, San Martino Spadafora",gregge4070,gianna.regge65559@example.com,"PZWPd.Eb7OW!*5WaLlH!dIvYR7?H6gH7N%io2U7to*Mlo3EfHoDTln6S)E,yg7ZxK8il*tbhfJ%NHYa(dX*)ssM"
462,Baccio,baccio,Argurio,argurio,1973-12-02,"Stretto Gibilisco 878, Castel Ritaldi",bargurio4491,baccio.argurio43028@example.com,W6)hU)$#?QjASD5u&qXY#tI#y@o5nh(&rGSAGA)wRXWXdBd9LC0JpnTg#i0Y6ErfgG
463,Leone,leone,Trevisani,trevisani,1968-03-13,"Piazza Jilani 71, Trodica",ltrevisani3624,leone.trevisani74234@example.com,"8P2.1CUr8W82e1CrdHbSt&R&Zya)H,%dy(OM1UcBM!aeza?ZhL)aW5C4WMqnIsxWB28SDM(SmpRbvbuYa(iYnq"
464,Telemaco,telemaco,Giunti,giunti,,"Piazza Ortese 76, Biancano",tgiunti312,telemaco.giunti9378@example.com,"6UshuYF(gE,F0my6)vjGDR9(@NJaWnYCDSpJxzj442o4Pz11)IuoTVY&FDSpkMngR6Nzziy)QdDBoP6#HV*CG5!u.SHyhOHzUc*KK?hvX$uu8&EvNC$dAGUckr1%"
465,Irma,irma,Nadi,nadi,,"Vicolo Grassi 652, Oriola",inadi240,irma.nadi4451@example.com,@61j19fK?rj)G7Ff.?cM)D93(rodX%1ghr@YTA&5AUR$C7VQVaCKvX0B#6Gozb!VSds9rMLBmc#Au@R@ZnMnt#yRWn#46NJGExky*DxI4
466,Gaetano,gaetano,Bragaglia,bragaglia,1976-01-06,"Vicolo Antonelli 6, Bergantino",gbragaglia9013,gaetano.bragaglia39153@example.com,"2)zxU1bm14a7#.AJ$O1sNB%YYYwN8$MCJ&(O4tnRXvKMh2GG38)&3g0.uFX#iNf7msK8!fanR8OG5@B,tAX#Z%rzDHQ0UF$6hW1Bw)hkpDBh1JF8VAfX"
467,Cesare,cesare,Marrone,marrone,,"Incrocio Biagio 75, Briosco",cmarrone2301,cesare.marrone38109@example.com,p6cnEI8.LSnRP6a5dnOvxc&5BHcfSnAl7f!HvBUTcVyMPK@l11$!BxhIh6)k@ne.yL)iQg!f.eaU4yd&zH4()Lnbq)GmCvm6zJe2JMe$F
468,Antonina,antonina,Guinizzelli,guinizzelli,1972-03-09,"Incrocio Galiazzo 970, Baschi",aguinizzelli3825,antonina.guinizzelli11060@example.com,u!wbJPbq6xk#l4mVMM((MNzpkX1AE
469,Ermes,ermes,Garrone,garrone,1982-06-23,"Strada Maria 40, Ponte Nizza",egarrone1522,ermes.garrone2328@example.com,"oDsQ,?5qhhxf15Fvz2kW,Js&)I)ZFbgF?zeA#Fl@mePZlfZXghkUhJsIxscsu7X7HB4Mrp6luCu7Kud#Ujp5tPq9HKqjST0jlv8WUaP(5cagIu"
470,Nino,nino,Cimini,cimini,1986-07-23,"Rotonda Travaglio 6, Settefichi",ncimini7438,nino.cimini90735@example.com,5tml1qeUwBjvEoSs8Nay4.64vuqcE8818%Gr2w&Qx4%.pkbOidbGB8j(zh8X8SAkT&GLu)Ys%pl9M%dE4o
471,Ermenegildo,ermenegildo,Montecchi,montecchi,,"Borgo Sylvia 43, Cinquemiglia",emontecchi6352,ermenegildo.montecchi70387@example.com,5YF0$I2(Den
472,Camillo,camillo,Pizziol,pizziol,1997-02-10,"Contrada Mazzocchi 45, La Querce",cpizziol8264,camillo.pizziol8119@example.com,",?D,*hrAJ&%ATdn1EpzX7tUHpH!Oh6Z.Txnhi7w"
473,Morena,morena,Tamburi,tamburi,1984-09-16,"Strada Zaccagnini 345, Vesio",mtamburi8852,morena.tamburi39740@example.com,%GUKh0oJ)Sb#B4?TMj
474,Graziella,graziella,Donatoni,donatoni,1963-07-21,"Canale Marsili 58, Candelara",gdonatoni9524,graziella.donatoni73101@example.com,IUG8fJmBYdjhdLZGabHL(3E0LSAOQETyPmy97s
475,Durante,durante,Rizzo,rizzo,,"Vicolo Trapani 919, Bircolovo'",drizzo951,durante.rizzo6991@example.com,K4tWpKiRkid3hKLiijrj5t58dUlU.K.UkKJ!8%Qh)suY&nEU(TVIXB6NezkItl3RQfu(hiBNjnRc&zGw@eK63%La!pdx5LbpR
476,Luigina,luigina,Soranzo,soranzo,,"Strada Roccabonella 64, Contignano",lsoranzo6762,luigina.soranzo15235@example.com,",hZL1Tm?0R,cwfh0ttsGv&*&Ne(cH1p&$RUETG5M1ZwmZF*a6OK#IowNh)xh,o3mN3Ui59?#EbprAavyJI7TtUDh1B?xmKRslEoFbYuDL8)x?(4s6"
477,Giuliana,giuliana,Conte,conte,,"Borgo Ennio 5, Corte De' Cortesi",gconte601,giuliana.conte9820@example.com,QBkmcUh#aP&@iNJ8)M8K.b9r%KnaM25Or$xiP
478,Giuseppina,giuseppina,Argurio,argurio,1953-08-25,"Incrocio Ninetta 52, None",gargurio5614,giuseppina.argurio12574@example.com,"wH63@p*!.QXgZwxM7DV$xFB!rv6r2H@hw@wi5UKlNe)mh5vvSatd2Ru&wyqC%2uY#TJTJO8iAbSDvi9TpwuNgQrIBgVbVvdYj6)kbuyeJ&WlT,4OV2zZCasay6z"
479,Donato,donato,Ludovisi,ludovisi,1984-06-22,"Canale Jovinelli 14, La Valle Agordina",dludovisi5735,donato.ludovisi30641@example.com,")12Fc*qm!RdJUnv2YtB0QityvEDWMz,f#2"
480,Romeo,romeo,Saragat,saragat,,"Vicolo Niggli 7, Ortolano",rsaragat3444,romeo.saragat91552@example.com,i(5ycqF63C*hKq4apBTNpTI$hvsuNH%ls#WCS!*yD2#h
481,Gioele,gioele,Trussardi,trussardi,1999-07-08,"Contrada Leblanc 25, Untereggen",gtrussardi6618,gioele.trussardi36175@example.com,2v#q8W1F$7I!pJ1hKFuqy.c*XUv.rjTA6.nffsUeWBFBfue
482,Paolo,paolo,Viola,viola,1990-12-03,"Contrada Bazzi 9, Sant'Ilario Di Baganza",pviola6740,paolo.viola56815@example.com,"raRQDh9cw)mJGyE*4iDH6vu*Az.G7dCjmE6oBGJDZ,P4kCRAWlaQ1Xwjk0$H#FYxV#RfGuJBs*YYen3*yycNBo.m8cW6vP)s.L$e0U1f"
483,Amleto,amleto,Nievo,nievo,1979-10-01,"Strada Giulietta 223, Segromigno In Piano",anievo7544,amleto.nievo76584@example.com,QGvU@bOc0w55*mCZQ08XNI
484,Teresa,teresa,Contarini,contarini,,"Borgo Carocci 2, Lunetta",tcontarini4387,teresa.contarini40702@example.com,lOBS)*N5qLM$@Sc
485,Ludovico,ludovico,Modugno,modugno,,"Rotonda Alessandra 55, Villacidro",lmodugno6270,ludovico.modugno90431@example.com,0c7?qkDaEcEAh9xf
486,Damiano,damiano,Dalla,dalla,,"Strada Campanella 111, Cortaccione",ddalla6329,damiano.dalla31321@example.com,SbkLMwv6SL0Oz9DpT*mSbEdVHdBFtrRall8v4KENj%$26Su%#&pyk(wEHhQ5&J0xD3
487,Ida,ida,Torlonia,torlonia,,"Strada Flavia 4, Marlia",itorlonia8878,ida.torlonia78588@example.com,"ndljpcRoNz6(6Km!pZY,RwovivO$FT4,%@vLwbEb.XutDf9o!x)(!a%cDiEnEUhyJMp!DrL7QY(*CK(tk9JoO(,)lyTOk*"
488,Piergiorgio,piergiorgio,Raurica,raurica,1961-12-28,"Piazza Bettoni 66, Brez",praurica787,piergiorgio.raurica27351@example.com,#WN#5ugLO1..vdeRqW8wIC(tbfFqww$azJPjhch0Q22B?Oaaoo83bfGi!e25gm%*IqYoa%RsGsw(LD2ukV)lg?eOh@O?@CI@Mxx&XqucPF$z
489,Camillo,camillo,Gramsci,gramsci,1959-08-20,"Incrocio Innocenti 87, Alice Castello",cgramsci5588,camillo.gramsci74363@example.com,"nDrQ68uCVBxsP!tOCN$*Tul.(9(owam(7XIpy,iQG60(fVbsPE0$O!Sk)ozOu,5&IaqYJ!v030akx8rFJ?"
490,Martina,martina,Luxardo,luxardo,,"Viale Nina 8, Montecosaro",mluxardo9254,martina.luxardo1557@example.com,CB(uaMa)*T%qSSmBrufOnsAlS0nooW0zlitxkP%TCN%7PajWQ.!Fu!2ixz.uQgyRFbxln1Eif%VYut%5nTIyKyqbu2Onmp)s%oPpiwntnv1l
491,Rolando,rolando,Crispi,crispi,,"Via Adriana 1, Sant'Angelo Di Avigliano",rcrispi9701,rolando.crispi38059@example.com,"6B3qhhTO@ZF13Zwc2RpMVf3cyxkf6qg#*$lQAiu@1zLdDSzjs)w(6(UiF,YdUkxgh"
492,Maurizio,maurizio,Iannelli,iannelli,1951-01-25,"Vicolo Cirillo 443, Vione",miannelli1651,maurizio.iannelli24822@example.com,"1UD0Db575,kqPt#@(c)nR*6#qs9unTRjixupgZw$HzWQ0m&#&v9$IbaoPNmMaO#)%*xvhiKEpdOeUj*6.JpPu8b*C@RM"
493,Sole,sole,Bodoni,bodoni,1958-02-25,"Vicolo Zaira 18, Monchio Delle Corti",sbodoni8943,sole.bodoni47011@example.com,"q,%*8f1.2(yMR!Lhj6jUzE&"
494,Gianna,gianna,Pasqua,pasqua,,"Contrada Petruzzi 71, Contigliano",gpasqua5496,gianna.pasqua46173@example.com,"agrn(cW@fUC,4112nT(evroD*S@(e8)3eTc*LB*pq4(kU2Law01@eRo0yHvTh,j4UmCnJJfv&WlZZF2ShsQF$E&"
495,Antonino,antonino,Asprucci,asprucci,1987-07-13,"Stretto Arnaldo 4, Prunella",aasprucci520,antonino.asprucci91611@example.com,"l)pT3jt?0Si!fmPg@h$3W611KsnA05b4utHdqlH&3Sk1apoJH)EEq.9OsgI#FU8t&nx#!H4P5RWsKSYSrDal,%1$VQHHWgnRf$J9XeVy*)x$ns"
496,Ubaldo,ubaldo,Bonino,bonino,,"Contrada Gianpaolo 793, Sanvito",ubonino8823,ubaldo.bonino44570@example.com,WYV)1$@3.jESQy3(8Sf%QnX!LivFCGfORuy1zmpFOdy!d*t2ltx9V&&3FbIGRsm&ay
497,Amleto,amleto,Tasso,tasso,,"Via Daniele 78, San Cipriano",atasso1684,amleto.tasso17161@example.com,U%Hu#.aKW7bOOk1Gp7d7%.XfF?m
498,Aldo,aldo,Corcos,corcos,1979-07-20,"Via Loretta 18, Casal Di Basso",acorcos3827,aldo.corcos17966@example.com,"Zdz,,#zxJyd3G&dU"
499,Bianca,bianca,Longhena,longhena,,"Borgo Terragni 530, Cusano Mutri",blonghena5915,bianca.longhena98783@example.com,"yjHpw9r0%8I7?XuNSU&b(5JcpY4bbDa#K5D$TtQFG&nygiUzCIO*ibkC(&qprudpgyy40@9,.CltkH,##e$JeXR17H?%V!8KI$5%c0ZEXyzc"
500,Orazio,orazio,Tosto,tosto,,"Strada Cocci 453, Carosino",otosto325,orazio.tosto69538@example.com,0fcO$gmGod
501,Monica,monica,Camicione,camicione,1951-07-01,"Canale Ippazio 246, Albissola Marina",mcamicione1606,monica.camicione1645@example.com,9at5%uGl&)Zu@#TOTz8mRYNeDUJ5!vI67
502,Gilberto,gilberto,Ficino,ficino,1977-03-05,"Via Nicolò 668, Valiano",gficino2448,gilberto.ficino80605@example.com,"nytySFpgglwn5WICITfIafKE@dG4KC!gWZD)xEh#0HlwHFBN3!f3,XgzmPjolJ?5bZ#ovsyvIrNr0AK!KC3l8GhGUGVEbCMn&5rqMPoyA#NB*4NJ@@$mN)GyJbmd?"
503,Patrizio,patrizio,Gussoni,gussoni,,"Piazza Susanna 34, Faverzano",pgussoni665,patrizio.gussoni46114@example.com,r1yV2PR)w&@kfQsi1L4E9.BdJvh7$4sUPF!ca.e)jPbpDsI7bbxJ1C9)3T2LeYjRj&xfam2L@vc97R%
504,Vito,vito,Brunelleschi,brunelleschi,,"Via Micca 388, Cropani",vbrunelleschi7346,vito.brunelleschi24964@example.com,@b70EICXxtzy%VZ.IoBVKFFhD79DV$XCxBxLgnnwOc4ifrafy2VaxGvGYUhri4#?zU9YtrM7k)hp)zVJ!Y%sUbN!uHQjC(aJFcmk?FLd8yq&o$1w
505,Gilberto,gilberto,Anastasi,anastasi,1989-01-08,"Borgo Valerio 15, Castiglione Messer Raimondo",ganastasi8933,gilberto.anastasi5033@example.com,"3(04$1%YOWI,#JLSftNhJEg!xC@jT1@T6&Z)4vTW5jCC0ZZN@KVq7Jz,%kwS!Kh@Jm3uHy6.NyUUxm1%BZmZWv)LRKD4uSzJ*%@EZ4gDkGGixTNiCEsfh"
506,Antonia,antonia,Lopresti,lopresti,2006-02-14,"Incrocio Accardo 87, Sequals",alopresti1319,antonia.lopresti87888@example.com,")ZhY&pB59ySl7GC?ln@AmJH(06Wp$12U*4aZvblOWVfaop58H6C?iq(w.NS%Nz9bzVno$s1FwPzWDGB!G1,"
507,Pomponio,pomponio,Nicolucci,nicolucci,1974-06-20,"Piazza Giacomo 2, San Floro",pnicolucci3995,pomponio.nicolucci6110@example.com,"uLS$RoZ,8M,%FRorGh&qeMXn.(yeOyMovHAg*C.88(uxr!DCDvtmsH%lI%2"
508,Galasso,galasso,Alboni,alboni,,"Viale Antonietta 3, Ganzirri",galboni890,galasso.alboni54857@example.com,"WhDyb?)p5j?WvFzOa.v9gRI&5(UyjrVj1)3ntERElb0JDtNIfIJac3A(.oJ!Ah,&G2BLyBZDR0#)c2bYfsChmAIEK*d2DW4q8QAbB"
509,Adele,adele,Surian,surian,,"Incrocio Gustavo 15, Ferrada",asurian9212,adele.surian23733@example.com,pSs6%SP%JyZH9Y8pBnRoCmd&ZbL2LgI%dJCU3kYx$I!4&d$Ffc%1GryfY
510,Gianpaolo,gianpaolo,Comolli,comolli,1962-10-20,"Viale Sylvia 94, Anita",gcomolli6981,gianpaolo.comolli94804@example.com,"jNL?ch@r7Yazw5IHBjUKp8iU%%GcU3@sT.DvF%TQ?Dywv,$R4QrdeSP9?tF8ofNS5NUV%jSZ!XZ4ysRbQ*yah@ThLtY(Y"
511,Ninetta,ninetta,Zoppetti,zoppetti,,"Strada Atenulf 8, Lode'",nzoppetti9427,ninetta.zoppetti94324@example.com,"sX.o*Q,DOef.2.nHF80JuIJGUT#FUdC&PCV$Azy#vV@Rjp"
512,Angelo,angelo,Borromeo,borromeo,1949-10-10,"Via Vittoria 630, Meduna Di Livenza",aborromeo7268,angelo.borromeo5746@example.com,"3YRjyib).yMIrURC0CbamZa)$tzRbMfP,UVMSo*Aj6Tk?!jWzz3PP5wu9Vd*90WHoQPccOY4b?Nmh9Vln)fCBS@Le61)OjCl9Z$$&IJdfP*Dw*WMcRF#k,WFQ"
513,Raffaello,raffaello,Morandi,morandi,1963-04-05,"Viale Marcello 39, Bariano",rmorandi963,raffaello.morandi69212@example.com,"W39(ZF4Ng(#L5tJ9oUQx$nKGxlK3ua!n)glm$$z2vwD*,QQ#@iCT&,Hd6Uzcw9CI!b18#&haqK3eNzmyb6NX8WyomjDMV7eqNOz#yFjIgPZg!ULlv.YY"
514,Gustavo,gustavo,Lovato,lovato,1970-08-29,"Viale Riccati 660, Sigillo Di Posta",glovato7690,gustavo.lovato28436@example.com,e(CYohy%797(YU4X$9Gyu
515,Leopoldo,leopoldo,Sismondi,sismondi,,"Via Comencini 77, Gualdo Di Narni",lsismondi709,leopoldo.sismondi53858@example.com,"Wmx4U,@FKO)C2zFCd#8PwA"
516,Stella,stella,Gulotta,gulotta,,"Incrocio Ottino 98, Caprigliola",sgulotta3156,stella.gulotta45576@example.com,"TEPoK(p?wv5I&pEU)OtF(CNm#mHSC8FdRw49UEMjT$s,xFRlc7#!G6sqVItx2VnZadXOTrGffr,4Xyvaq&0*tb0YTFQ&M5"
517,Ansaldo,ansaldo,Gangemi,gangemi,,"Strada Patrizia 5, Battaglia Terme",agangemi977,ansaldo.gangemi48306@example.com,a29k*c3I&3d%GWDJX#Wm6@A%97dxM.8up#tmMU@s3bW151B6p9CinwuL9T)1)4kRvovH0F)&mUW.I?8(&8fyeb
518,Calogero,calogero,Pratesi,pratesi,,"Viale Alonzi 56, Monreale",cpratesi3515,calogero.pratesi15266@example.com,"ebCH0!,8gEj43q%CTUoEJskok2!@2GG(&vB#oksyp.fyIfFIeCglEOz!8&$cf"
519,Mirco,mirco,Camilleri,camilleri,,"Piazza Missoni 3, Ceregnano",mcamilleri8373,mirco.camilleri13962@example.com,"(DR?L1bUNO#y$S5IFqqfGcMiP00u$VWJskmO4e.sWdiaVd,u@?lEYd0k0Ky#G#syJZKHE"
520,Lodovico,lodovico,Gozzano,gozzano,1945-07-01,"Via Pelli 14, Vacone",lgozzano7540,lodovico.gozzano68380@example.com,"B,Jy,pp2IT$5H?2%vh1i.J&zLfx3xxsuM3@EJe&W%RhkAyl@4qZJji74gR6ho3Z1h,8!1c6zV"
521,Piergiorgio,piergiorgio,Cristoforetti,cristoforetti,,"Vicolo Francesca 32, Piobbico",pcristoforetti1231,piergiorgio.cristoforetti36838@example.com,"dar6Ta8edHkO5omxq0Eqrl4m&e.DkA%#CKw75mLXg$tsE8VKRuu5L%8ZE8ZufD2Jwuq8wuj3!U8fM*Suny6eBAgpPK)auwIGL2WU*LV!X,1tNwa,RhkDno!,My?FepGG"
522,Adelmo,adelmo,Satta,satta,1967-11-29,"Borgo Callegaro 5, Gildone",asatta2867,adelmo.satta87838@example.com,")Xv9%(YljY0&qYjd.JRxyjgMWVgtaXYmD$i?Lz!m$u,G!Y4.6Rt@m@@NWo5UsXc13ak9.2tsRAtJ4QwxtBFHptI"
523,Maria,maria,Valentino,valentino,,"Viale Polizzi 3, Paitone",mvalentino6386,maria.valentino7111@example.com,U.5O4ySes15Q%J#QKCv?tjT.3b4G2fAt(sBplOW#JGPQapXPwYs3El!izJ3kQR*%8Q#F8GR!s(FC6D!eGL(b#QVR
524,Donato,donato,Borsiere,borsiere,1992-05-14,"Vicolo Gravina 4, Arbizzano",dborsiere1811,donato.borsiere50646@example.com,"d1#HD7wiLt$x4%TPzuG1hxcpeGX&vun@,GZi)OGY59UqcS*)"
525,Raffaella,raffaella,Corradi,corradi,,"Canale Lidia 20, Vallo Della Lucania",rcorradi8260,raffaella.corradi6282@example.com,dl%5*KzqUW5z*aTCP3WsY!$q6VxA1
526,Eugenia,eugenia,Busoni,busoni,,"Viale Corradi 597, Parazzuolo",ebusoni5188,eugenia.busoni41447@example.com,jFlk9FFnB!SU3Ai5J#tRVhTh8LO#ogyl$I@q6pGCDh0JDYEI*cxlAdaL.K..JZrdYnvEkD2(@V#zML)Ixwz9(wsqpnuU7ov2atP93
527,Gioachino,gioachino,Boito,boito,,"Contrada Ernesto 93, Pedemonte",gboito6265,gioachino.boito29679@example.com,rHp@!R3Q0K2U*zRfIVt7ch%Y
528,Gaetano,gaetano,Mercalli,mercalli,,"Contrada Cherubini 37, Calchera",gmercalli5300,gaetano.mercalli87919@example.com,CjlwV*8W#QU6li&W(vo!g(5Fu5*@7eP!kR8LCQS1BJy1U3xjcZFb
529,Aldo,aldo,Cherubini,cherubini,1973-02-25,"Contrada Bartolomeo 487, Galciana",acherubini8783,aldo.cherubini96592@example.com,"L6u6K&8Ua6srLOfrE7hg)CFc(vY4&L5m?3Cv0*mm,YkXodtD1.0&fvdwXxekIyUHwWblYqLisQ"
530,Tina,tina,Barbarigo,barbarigo,,"Incrocio Ruggiero 70, Gropello Cairoli",tbarbarigo6603,tina.barbarigo78820@example.com,"zbQ2$K3,YFTZnlaJg8FJ%UDRe1R&cG"
531,Giovanna,giovanna,Salvemini,salvemini,1950-05-21,"Canale Giacomo 4, Chiesa Di Rossano",gsalvemini4892,giovanna.salvemini70770@example.com,",Il6jE,%LgviUHCY&YNH0a%S0)#e$H3FY2H.IZFHxx*GrvE!Sw3npfM6nKQ6Y9a)J6P1!rEch37D%FGZQoGRqKc#hWggDLuY4eqliqSnTk9A,7"
532,Baldassare,baldassare,Conti,conti,,"Canale Giuliano 75, Preore",bconti885,baldassare.conti86166@example.com,"n)gpSV7!oKOTg5.Vp8$VJ@#0V#M??5m*C.@RknJivrseIx&*2t9Ju*m0JS72CH6PLbWx2aDaPJGh$22B)FkYr7UnKWcnBVUKZ@Y20!mQJY8djJ?P*,lQXlOx7z"
533,Sandro,sandro,Grisoni,grisoni,,"Vicolo Guglielmo 74, Serrazzano",sgrisoni666,sandro.grisoni33240@example.com,kOSM60L6T)%8zkib0rnQRAUJn4g#g6F0u8T@vk8R3?N!g39303i
534,Arnulfo,arnulfo,Mortati,mortati,1984-02-02,"Strada Gabriele 0, Fontegreca",amortati5724,arnulfo.mortati10573@example.com,Sixl)VKQ&Xt2wYTanRq$dr1%A!vd0oP.inHj!e@XR1ZL3R3YnSuvtgM4$)@L
535,Romeo,romeo,Casellati,casellati,,"Via Pavanello 44, Rodero",rcasellati9121,romeo.casellati99783@example.com,((rFsua@1oI8
536,Matilda,matilda,Palombi,palombi,,"Contrada Lombardi 25, Rio Di Pusteria",mpalombi4675,matilda.palombi26358@example.com,"(U.0&d.&bCBzqEkD13,lm&?&*EdB@6LZuMM6tp4VO1RmcxVz4ijnTZ50kFHw8lx.KT&Fi&#uq472,9x4vb?Z00wFQj$h$0th?0j$)$S#yP6!YeoU!4*JF(Reu,"
537,Fabia,fabia,Casaleggio,casaleggio,,"Via Passalacqua 24, Tonengo Di Mazze'",fcasaleggio1574,fabia.casaleggio38294@example.com,4*tdqZ)UXT)M(&VI4fok*1PzyQ$1Ms9RH*7E@REt6D!y
538,Riccardo,riccardo,Fermi,fermi,,"Borgo Niccolò 60, San Mauro Pascoli",rfermi4558,riccardo.fermi60105@example.com,"$f4L#8,(lIE,dPN78bq&h(78PnP&lT9FBbXm#!3q47L3rd)2BZ8fBO).Tni!EUg5Qyzj%&EFd5"
539,Piergiuseppe,piergiuseppe,Morandini,morandini,,"Canale Salvatore 34, Macere",pmorandini7073,piergiuseppe.morandini14244@example.com,@e3Pm2Z#0xgCrq7j$IZs1RVjz5g6E#9Fj@ZD95)bCuYq5xKc7s
540,Enrico,enrico,Gagliano,gagliano,1990-12-19,"Contrada Pascarella 27, Mezzano Chitantolo",egagliano560,enrico.gagliano60091@example.com,BE?fPUc5IQx**ZtZ8SkZzL13HwH5Sp
541,Marcella,marcella,Tartaglia,tartaglia,,"Borgo Bova 7, Elvas",mtartaglia6875,marcella.tartaglia62073@example.com,"YiT8u8gt37jnbEHRKvkp2xBT1NjCebjvSc*s$eKk$wfMz,rh.8zXMmAN@C3F7Ob)H(5qdVb&,0k.xoCg5CLpd1*kv8X6Du96xTD5LmJEIP3rQZo!7tom"
542,Bartolomeo,bartolomeo,Valmarana,valmarana,1996-05-02,"Rotonda Carocci 3, San Bellino",bvalmarana677,bartolomeo.valmarana17526@example.com,3YsDJ!BVj0WL$mdmK*E8P&Dd0V$%?t07E?dXBy0ssolhm@BGv*%C3*V
543,Adelmo,adelmo,Scalfaro,scalfaro,,"Canale Faggiani 38, Pozza Di Acquasanta",ascalfaro9899,adelmo.scalfaro10272@example.com,"waXs$pQmzvAv1xuGeEm.3O2BAdx2gi3wC.u@KO4q#mP(&Rj.o6FLId2*,TWH)4O)4qslbX5)DFRRY"
544,Greca,greca,Vianello,vianello,2003-12-11,"Canale Nedda 95, Torricella In Sabina",gvianello2206,greca.vianello63390@example.com,")eGWnZl7tXb?en?)y9XdgFHuqIGJjYf66Fv,*tvkD#vFknfbtGEa5p.cK#)tGrMz1T6g$EjlfG%BLk,LHD1iMOkjXP@WJc7KLyFBXXwLqaBjBL."
545,Ranieri,ranieri,Cianciolo,cianciolo,1990-10-08,"Canale Giuseppina 5, Tavernanova",rcianciolo4258,ranieri.cianciolo6095@example.com,"a5wFSqjAqKzTK?D4o4pHcG5A9fTc3)8847h5%Jje.nY.zb*2c.)O8,D)n2AKq*hGVn93WqgKT@6Kw!nOSiiHqaoCQnKj8wdEwPLOhm@KYY5GDwdzX9TJh#fb5cbq"
546,Caterina,caterina,Spallanzani,spallanzani,,"Rotonda Galvani 97, Piana Battolla",cspallanzani6062,caterina.spallanzani53742@example.com,KTfti.j)3vL6%j3H64#0KJW9$UjwkJ$rjNgh$5j2vTnDo7WW5K(uF7nrdnDKjYZGRQ)bh
547,Sylvia,sylvia,Priuli,priuli,1955-11-06,"Contrada Rossana 56, Bandita",spriuli321,sylvia.priuli4368@example.com,"bcFzU3Vr2m!v?owB%*KE2918MBGzoD@eYfV6so1rav?hDEY3rSmbgJh5jMFPd,nQC?e6FQ(SX)y%qD(EF9"
548,Patrizia,patrizia,Porcellato,porcellato,2005-06-03,"Incrocio Piccio 5, San Ciro",pporcellato6830,patrizia.porcellato23703@example.com,"O&k,0lsh.*Kv2h?ji!GP9PyfrYB(I4Byu.@v!(qr*xtYAnf,L5#pjNIK@txJr2JjOu&Squ*HRGVW*I"
549,Romina,romina,Cugia,cugia,1973-10-30,"Via Napoleone 961, Pantigliate",rcugia6616,romina.cugia42549@example.com,NROnSZYT7.el62#ovE79XigbmfBBg)SgzWi1ch4o)x1W1iLW5r2RQw%K5d4&n2.g(@uUJSK0PdHS4LX2KP0rY#oX@z@KHeqZ).b&zSMRjUKlG79cZDge$jAmPodcWSZS
550,Marissa,marissa,Anastasi,anastasi,,"Piazza Crisafulli 4, Castelvecchio Di Rocca Barben",manastasi4709,marissa.anastasi51684@example.com,"XHlUO9St&x$j6NlCKr$b9WUs7?DhbNwYqDYKfy02m1n*EkmnD%ClFvqhL*hVCg?u0(yZp#WTEC,8&A7Cf041Gr(0d*"
551,Calogero,calogero,Gozzano,gozzano,,"Strada Schiavo 152, Montisola",cgozzano9452,calogero.gozzano42753@example.com,ZKpnJ2j$mJ!82E&L(msFwQ9YiPixmV$jny4ydg$9gOfdg$Qe8N)S!Y*Oodnk*CM2Z2@
552,Stefania,stefania,Fallaci,fallaci,1956-09-28,"Strada Gaito 26, Mogoro",sfallaci6214,stefania.fallaci61682@example.com,(fDW9Gbh?2n9Sj(1t*zrlRAVZAjyOD
553,Giuliano,giuliano,Baggio,baggio,,"Piazza Gabriella 13, Sandigliano",gbaggio2932,giuliano.baggio63123@example.com,HHsvr2Gfi)#SMJJ.&?N?FX4av9d.UVV7vaGu1q5ost2YzTohAB@ouZFXgq03MTr#qWVY1IdrKymQptxbklspHhDVNZ.H)
554,Irma,irma,Stein,stein,,"Via Leonardi 866, Greci",istein1815,irma.stein6291@example.com,@K%(i(IRXyub7Pjdc7yi!5cJf*
555,Clelia,clelia,Barillaro,barillaro,1967-09-04,"Rotonda Nina 839, Malisana",cbarillaro9890,clelia.barillaro88312@example.com,"5P*,vu2l8,,)8uoR,uqnV,vGjK7r)$sNY!z@I*PS3*$4SNvO,RkTlKf7v)m8NhWxQ3d6E16MP!qE08SOgtC7&WNo0tU?WtOnwiNDv5q&&"
556,Arturo,arturo,Tropea,tropea,,"Stretto Chiara 44, Montaldo Scarampi",atropea1087,arturo.tropea49003@example.com,"LOmw9hsz)g7?,p#E3696XF?Ryy6yV8zVG*JzdVc%ahBQxQQD)o3T8WAYp&a("
557,Pierpaolo,pierpaolo,Alboni,alboni,,"Piazza Napoleone 96, Mariano Comense",palboni5394,pierpaolo.alboni55235@example.com,"s2S&GE,Ez"
558,Ansaldo,ansaldo,Tosto,tosto,,"Strada Ignazio 62, Padenghe Sul Garda",atosto1586,ansaldo.tosto92899@example.com,"oadCTtbUT3q,65D!*j!8O1qR5Z)U@xvmIGWMiO,,y8SHu.37eP.B2C$O3vIdSTKF%,XX@0&O#QxxqyW.!BrDxQCv$,Ye5"
559,Ivan,ivan,Cesarotti,cesarotti,1997-09-06,"Rotonda Ruggero 93, Sant'Angelo Di Celle",icesarotti263,ivan.cesarotti63725@example.com,H*y@LnCVdgAsFGsXb9T1.cdKh
560,Priscilla,priscilla,Meucci,meucci,,"Piazza Federico 48, Ghirlanda",pmeucci3057,priscilla.meucci94826@example.com,34rtB!1F#NQsCe0IPaubbl00ZfEaPTU07JxxQ1@(706v&z#GSV.H4C?KuUjU)iM#9s?g)k!tb#0CXKIka*%gcLz?5HIY9RsdrbT(DH))fwKYP6I%JXOMU6sILV.wgSrg
561,Rosario,rosario,Gotti,gotti,,"Borgo Matteo 75, Castiglione Del Genovesi",rgotti9877,rosario.gotti8039@example.com,WgimQ5pu(soxqjtQ04F$6V#up!XAhKNjmszM8f%$unM7IxZjO
562,Laura,laura,Bazzi,bazzi,,"Vicolo Norbiato 7, Via Larga",lbazzi2780,laura.bazzi16792@example.com,"TAgXg,kjmiKMnVGgV4EVj1xQCI1V*zQNj,n.3GgN8VscsThg,61bBhW4hzxmk*IMIg$E?NFWGbX8FexNQ.lcYhKTosHD,EF!f?Ly#xP.RdHUB&!uy(EW3S4%up3ZU3"
563,Giuseppina,giuseppina,Tropea,tropea,1987-01-13,"Stretto Vianello 7, Ledro",gtropea9676,giuseppina.tropea71662@example.com,@Ee86@AS
564,Gionata,gionata,Argentero,argentero,,"Contrada Jilani 676, Sordevolo",gargentero229,gionata.argentero52823@example.com,"7yPIzLjIYr7#M%F3T!4,&8,d1kgw$3ymeSh2G5wQa?w6!HWnxgfd)@jSbhal%MpN1y7HQjRCt?tEy,%E*SjSPjDJg*ysR8x"
565,Alberto,alberto,Falier,falier,,"Borgo Gioele 971, Moiano",afalier501,alberto.falier85169@example.com,8P!08Gmy#xhN$Kf1a1PSiUGPFOmE@yKdaj%UznE@
566,Cipriano,cipriano,Rastelli,rastelli,1971-02-10,"Rotonda Greco 735, Selargius",crastelli7113,cipriano.rastelli64726@example.com,F*IPbZ*0h4Mehdz(fm2@
567,Gaspare,gaspare,Beccheria,beccheria,1997-05-25,"Strada Sante 925, Guinzano",gbeccheria1603,gaspare.beccheria42732@example.com,"dPFZ,JEkQ2sIR)a6pau5b@,4PH&*xX!8ff%7n6o3j@0I(B.StJz*&P,6v@%D8rB!#HK0HN,pnjGr?LUOfr4GwrFl@DGN)$VmHw8.HVkam2gw@%GwAU2bdSk9.qZlhk"
568,Martino,martino,Fittipaldi,fittipaldi,,"Stretto Bertolucci 232, Pineta Di Pescara",mfittipaldi473,martino.fittipaldi51334@example.com,h8Kv7cpO(LWL!2Uck%RFS(XP8i@?q#Weo7d(OCX7r2fz
569,Mirco,mirco,Barillaro,barillaro,,"Stretto Marissa 74, Veniano",mbarillaro2667,mirco.barillaro92560@example.com,"Kx%jm2%A$rPu8.bk)oqFmd6%l.yTt2)UbBF9)4.)zefz6.,(WFDSVDXRBP*#bqUy?ydmCyaFQn95Sj8*&tz4PDxrlUf7d1IeR@)*0ItaUq"
570,Lucrezia,lucrezia,Liverotti,liverotti,1960-06-04,"Rotonda Gori 345, Terrinca",lliverotti9208,lucrezia.liverotti93027@example.com,"31L47qmQ4ZvyUVl7iGSVpir#@)Nbh@Xiw)Pv5xRpsHy6R9B.4W6GyTEoR?trLeqnT,1(*p)cavHqD"
571,Vittorio,vittorio,Trentin,trentin,1956-03-29,"Incrocio Travia 50, Diano San Pietro",vtrentin7723,vittorio.trentin37058@example.com,"zlp*,t%HKJUc5F$I#nLu?%Ka$H9sATf0?a6(zB@#bZ.kA4f!yG14u.FA9Y#@ZpntjKtU*Lmla%Rc&UvI*8rPU@9SCc"
572,Ivo,ivo,Desio,desio,1966-11-28,"Viale Bellò 723, Rosignano Monferrato",idesio6299,ivo.desio5211@example.com,"FyT!Ig$*Uc3l#zJCGg&,VIu*QI.BH0,RIMK4&Wh1kR7OP78m1O#8o*Neq5oNEV"
573,Temistocle,temistocle,Florio,florio,1959-11-02,"Piazza Pedroni 836, Montone",tflorio9040,temistocle.florio89081@example.com,"lR#26t?WmNpWDy)kpc*Oo9eq2RsoGGS9.,w7FtLclXsR9(CzR6qgaZZo@mtat!Zh!k7M,ovsvpvaX!v%#6MSTzrYsCb61sBcS8@%2,fg4S3KiP&o%iJAN"
574,Marta,marta,Romagnoli,romagnoli,2007-05-14,"Stretto Romolo 3, Orani",mromagnoli4991,marta.romagnoli52733@example.com,YGLH#fhbxy9ZBgPK%Zvy2O0)v$cikqmHP(k
575,Paoletta,paoletta,Milanesi,milanesi,1977-05-07,"Incrocio Chigi 52, Demonte",pmilanesi9162,paoletta.milanesi38026@example.com,"Jgz#qQW2E6yjn#qhw.Y1Z%zE.xORHjP.1d4,2a0BBM?!UH(tXeteu)@n@lHK@(fTvS$H#j4aq@R97yc@HLD?.Kv#jmQYbq32"
576,Gioachino,gioachino,Saffi,saffi,,"Contrada Liana 61, Bettona",gsaffi1240,gioachino.saffi36472@example.com,SeV#hFEBMIFScF4Pl6lYWSZM
577,Agostino,agostino,Ferrara,ferrara,1993-11-11,"Borgo Lisa 4, Mosnigo",aferrara4341,agostino.ferrara23073@example.com,y@yWB!)52gwSWtwV
578,Lisa,lisa,Leone,leone,,"Rotonda Roccabonella 93, Cipolleto",lleone5458,lisa.leone96213@example.com,"1HoeCGqg#GTC*c&d&k,rmC8uZ1nBFbjKq,cIA0loTIeEk8fTROZMe.NKu2CYv8N7L8!RLXI3i1vZC)pgSAAOjK!i8ZMRJ9CH5EP9"
579,Enzio,enzio,Maglio,maglio,1977-08-30,"Viale Concetta 23, Staggia",emaglio3189,enzio.maglio6532@example.com,".,YMJ.I2$lRQW7t0izwKFrq2$9KQLAFrgzp.(GbwfK@yveU!rex&TbvO.FEYEU@NLhH"
580,Elladio,elladio,Fanucci,fanucci,1968-06-16,"Vicolo Teresa 6, Mandela",efanucci9463,elladio.fanucci46997@example.com,"4zUtBt,Kh7igIPuSDJZ!1GFhgilA0i$cURXZ$xLrLlSY@8KaYA)4!v9V?rvp82!tq5bqw%$WRY1Ll"
581,Stefano,stefano,Agazzi,agazzi,2005-10-21,"Rotonda Gibilisco 111, San Salvatore Telesino",sagazzi6940,stefano.agazzi90858@example.com,st)!)p?AxSsyyQMMLrbTuL&Y6bxT7wCuLF40IT*6Pr&2G&cR
582,Michele,michele,Rossi,rossi,,"Piazza Galuppi 77, Fossalta Di Piave",mrossi2628,michele.rossi89782@example.com,0wRtR@I4
583,Barbara,barbara,Raimondi,raimondi,,"Piazza Panfilo 842, Fosciandora",braimondi3377,barbara.raimondi84165@example.com,"F%z1brmXXZ,cS#Pb%rINA#Ey%O(9lZ&k6uqw#@E5tXrogIOROMEbN8(92KrV7J!eeRH9R88j"
584,Flora,flora,Monteverdi,monteverdi,1977-08-03,"Contrada Curiel 5, Montazzoli",fmonteverdi2809,flora.monteverdi25720@example.com,L6Bk8JxhxETcK.)UunpkZHy&Pbzq&NgG)kZ9fu$zM#$d#sIA5%vsjc*@rvc43zQe
585,Piero,piero,Pontecorvo,pontecorvo,,"Rotonda Antonio 538, Polcenigo",ppontecorvo9033,piero.pontecorvo69733@example.com,",llZbBxlZu$PBH0NkN0s0.VFoT%GLq0pJcB$aT%ZV$X1JCHesfQxFqKuE8yERrgRlKCAf7h)MxLH(!bsanH1erOMJF86oIJ6"
586,Annunziata,annunziata,Tommaseo,tommaseo,,"Incrocio Germano 42, Curanuova",atommaseo961,annunziata.tommaseo86433@example.com,U9&)YIqOF&
587,Luciana,luciana,Valmarana,valmarana,1946-08-27,"Stretto Curci 44, Vallemare Di Cepagatti",lvalmarana7893,luciana.valmarana95942@example.com,"?0?@BGMrvtT#5RlzGiH8WZ#6,bWpj*M36%zd0Oh3lWMmIad!u5QM*#m$GP!bWai.rv9AS$a7X4G&6oWz?89bQP%v2d!x88DZr7O&51dswWao.MeSKA%tL3o7N"
588,Armando,armando,Bembo,bembo,,"Strada Trentini 8, Sala Bolognese",abembo9176,armando.bembo23533@example.com,"xK?XWnab3YToF@WdWWtw3w@$3f&.PDR)KE?z5$!V)c88xezzLLo&P?@ijb!,&KPqFW,gVJNkP)x1v!RuDQuE4yC?)e"
589,Fausto,fausto,Naccari,naccari,1980-11-01,"Borgo Solari 293, Cattinara",fnaccari2577,fausto.naccari57873@example.com,"qK0D06SQfcgXh0VY&m3Y#c)apx$*IwiLlguj5UOD5yYlJ0y9?$lSyZC!Ng81MTPI,LZ*?2.bi"
590,Lorenzo,lorenzo,Marzorati,marzorati,1959-11-30,"Incrocio Mariano 2, Picciano",lmarzorati2709,lorenzo.marzorati84623@example.com,"N9PcF,Nnj@ABJii%(gZUC0tQ@qUgO*uu)M@QmHlWxkU?(DbEVq*)SIuslBMj"
591,Ferdinando,ferdinando,Barcella,barcella,,"Borgo Mannoia 86, Serra San Quirico Stazione",fbarcella1704,ferdinando.barcella92305@example.com,AUJf6iJg%?nQjqJALP%CGBzmwWalg@0T@
592,Luciano,luciano,Ponti,ponti,,"Piazza Spallanzani 15, Roccavaldina",lponti6995,luciano.ponti5692@example.com,"5PoJn%1*bZ@3kq%9Dh$r4qWZI@h@2&@hjo@vVXxysl*rPw%KgU,$spBO?vPy0wjNg#b3?GNQT(x2x7DG%BDi(D7))4L2b5yMlw%7u*DkewopRm"
593,Filippa,filippa,Parpinel,parpinel,1986-08-07,"Vicolo Fulvio 35, Mergnano",fparpinel5365,filippa.parpinel83257@example.com,p@h&A$%jSiX!1PBhyT2!2fX@VyudT8y@0sziRGQ1nO0MV@e48h2#oQ4Qai5AjlGtFt4yjNB3flBkYib&xbF4RnS7RGZ4B2!d?FJ@L
594,Vanessa,vanessa,Casagrande,casagrande,1958-09-19,"Strada Elena 5, Carratiello",vcasagrande3240,vanessa.casagrande27333@example.com,?Q)?K6ufFDZ%j)SF7AQsRyZ1S?sCAfZvV2OOj&3VSixsnfXB?d#y1rAlvjbMeCle2JC
595,Caterina,caterina,Sinisi,sinisi,,"Piazza Galasso 462, Karersee",csinisi1236,caterina.sinisi84131@example.com,c!Qyt(GYpG7d(o0X$$L&zqin12OXFayGdMh#WoYZJOCE?1uOem$o@h!44BTOBiHF@OreXv5XXqQpLXJdHYJVUV!9SLV(8dG
596,Mariana,mariana,Cesaroni,cesaroni,,"Stretto Roman 35, Francavilla Angitola",mcesaroni8630,mariana.cesaroni88355@example.com,pRKFDuK#OVBoT7Zag4%?Pabju2*9zV4wCQzJDOb2JaMM@?Kc*K071fzzl.Yr*
597,Lamberto,lamberto,Sandi,sandi,1986-07-26,"Rotonda Armani 76, Sambuceto",lsandi9074,lamberto.sandi5243@example.com,0G0V%oL%CK7#q8A7DElPCHVfMpX2AL?wZJsZY0@n4IvxusAlD(.Xx%U#1Va7gm.LD#iB)7mE6*sDe0Xs.nq%kTURiCUj2RVpYRg)iWDkR5@k
598,Vincentio,vincentio,Benussi,benussi,1961-10-25,"Stretto Milena 11, Oniferi",vbenussi7661,vincentio.benussi50721@example.com,"EfX@*QV!s38SuzTf*DgVg4CbL8x!(reRO#$G%1dsx?MKR$pzy6rdsdps)sM!,dAK&4IAtg9FVmv!OeDs06?ItBK6T5h"
599,Raimondo,raimondo,Ziani,ziani,2002-03-01,"Stretto Brambilla 165, Quinto Di Treviso",rziani8327,raimondo.ziani56137@example.com,WyK8JIU!nVQpTuR@18i&igkA
600,Leone,leone,Comboni,comboni,,"Incrocio Sordi 42, Sirta",lcomboni5984,leone.comboni60440@example.com,3m7bqQJbF30?YWCfKueDI*25Gv6FlhgKZY#@9o#SsLx9Q(Xhr%$(YWtZDWif(N8e$pW*qXD#
601,Gioele,gioele,Bianchi,bianchi,,"Contrada Ajello 27, Paradigna",gbianchi844,gioele.bianchi21576@example.com,"ArEyEW4I)5lJbVKh$QvVjUmt4#m(s9@ErVifWx?Ac&eE)1Brm(spH,tO*tEfo.tdGU9ms5"
602,Adamo,adamo,Tarchetti,tarchetti,,"Borgo Pertini 72, Scaletta Zanclea",atarchetti3121,adamo.tarchetti82403@example.com,Eb2Rz!HbCuP64BB5VQpLpcz
603,Pina,pina,Interminei,interminei,,"Strada Ezio 94, Gazoldo Degli Ippoliti",pinterminei3952,pina.interminei45108@example.com,"LYyG(xG)5sEgy9KUR!d6M&pWDo2,A9CIhBtJ!$m6rgwl!)X#cnzg4#@0wq?#Wfhfgq!)K@Tt@Tb%FkZxLk"
604,Elena,elena,Modigliani,modigliani,1976-12-19,"Contrada Maffei 2, Civita Castellana",emodigliani3817,elena.modigliani4543@example.com,NqZQNTvrJ*83#d(Xs(NDeU%xk7o6UvMF)S0
605,Amalia,amalia,Giacometti,giacometti,1967-09-02,"Canale Morosini 17, Luzzana",agiacometti6789,amalia.giacometti57601@example.com,3NuPMTMp$wshV4S39yI)yNDVBkoIZ!VTab(EOetbkyol4q7$Xbq0XY6ZK.x
606,Bianca,bianca,Cossiga,cossiga,1948-12-14,"Vicolo Donato 45, Cozzano",bcossiga1038,bianca.cossiga81399@example.com,"r)RYm01CVNnwfsu&W@$I)$HqT1vD69?a?k4%XZgS3HbRVBKu8tGP493Ze7Mo,nOXiPJ$YA0#domP,tNsxkq@(0,acPNcmaBr@6EhZ6)3$Jv2"
607,Flavio,flavio,Valguarnera,valguarnera,,"Via Turrini 77, Marzano Di Nola",fvalguarnera5238,flavio.valguarnera96578@example.com,"u,AhPKOq505TLN5fEMg6.$qdExu3uVa6!0@9.E.TfZ!BEq7r%DU$tA"
608,Giovanna,giovanna,Pavone,pavone,1960-11-22,"Stretto Camiscione 287, Gais",gpavone365,giovanna.pavone51295@example.com,"aG6qI8bsjw#oowrXUesT@(9),#CJ6IJ&ka3PK!W(YzOeI2(l.l$vt#%,9EUzblOmEYHU@zK#9qAp.zh)c838LSn"
609,Pierangelo,pierangelo,Gioberti,gioberti,,"Via Boezio 420, Villassio",pgioberti3549,pierangelo.gioberti24106@example.com,"sWS1Tn7Phe0QBnzbQyO%&WorlSehQQClViYE!FPE)@G.Ie@BN,)7%ckT*blTiXzuvm"
610,Federica,federica,Padovano,padovano,1965-11-25,"Contrada Beppe 46, Gimello",fpadovano546,federica.padovano34113@example.com,850i&5kefN8%Y0WF%.7tI6hp)RzJ3iMalAyya4Nc0sR$X!#oKq0%&z
611,Guarino,guarino,Trentini,trentini,,"Vicolo Alessandro 264, San Giovanni Suergiu",gtrentini1900,guarino.trentini76832@example.com,4MyjVNVFlN#MGj3nndr!vew0kXt7Gs&e7!b!yQWRBJ?L
612,Enrico,enrico,Simeoni,simeoni,,"Incrocio Ermes 29, Is Murdegus",esimeoni2164,enrico.simeoni57870@example.com,3X0&N?dYTB&#H9L9MSkEt$*4&DYb?fUjr%%sKS(A
613,Romeo,romeo,Simeoni,simeoni,1985-01-24,"Via Pellico 30, Fontenovella",rsimeoni8935,romeo.simeoni49231@example.com,v2$T!ks#Lv8d8bKO@0vAZx3%g9I6RQm5Llgn$Tt5UEz)c8msdvy4C(01nyxn?7l8
614,Franco,franco,Trincavelli,trincavelli,1974-01-07,"Borgo Pellico 89, Cappella Morrone",ftrincavelli363,franco.trincavelli73001@example.com,ntkpO4)NJ1EMWPEOjPR$5rjRyHu@u%Hg3I6F
615,Elisa,elisa,Garobbio,garobbio,,"Via Nadi 77, Quaderni",egarobbio3942,elisa.garobbio28456@example.com,"tcc@EEkxo1tKPcNL7jWWZlZzft8SyBBrPPK#gJo2db!k*i7mqoQXSYh.WQFs(MH8jf5y@9z8PJ5SZ%3Swbulf7Ii#,ze9.MvsV#rJJI?T5kAjY7ts"
616,Liliana,liliana,Cerutti,cerutti,1995-02-11,"Strada Capone 839, Colle Campano",lcerutti776,liliana.cerutti78771@example.com,"kaf63m*S?qyBcpc*EDzHQaarr$PJGrw3zBYzw*5D*oqee@Cv3xa%0C6t78F#Y6qR%X#KoXT,Cc8X#8ba6L@FpOZr1&Vb@MY%19sUWFpT5?%O6*oD7BPJs1?zJ*"
617,Griselda,griselda,Mazzini,mazzini,,"Contrada Gradenigo 92, Besozzo",gmazzini3874,griselda.mazzini41430@example.com,Wz295QyLn)tDOLiaV58q@?$1hHx)$%3.8y8s0!nj1Vm3pzaM&5yg)*tCiONh0)@CbFYv
618,Gianna,gianna,Iannelli,iannelli,,"Incrocio Alonzi 42, Li Punti",giannelli1932,gianna.iannelli57821@example.com,s*RqvJ6Ay8oo8BoEb6fLE?WZZME!ql7a6FLg&5V2!(XovN&#?8&MRu@pT!RJkc7yAtReUSXKoS%1
619,Adriano,adriano,Offredi,offredi,,"Borgo Pierina 83, Badi",aoffredi9747,adriano.offredi95713@example.com,"xzgLo%?ZG*o)J$aoMd!!Kqo)DM$6AiamfOqdapAebj4YAdo,z(IK4imknq@P3,H?E05m#JFaxDlk8@EGP!953ZxyW?t@*xptjMKDs49UD.2uiBMheG0LlsIfmNdC"
620,Pietro,pietro,Quasimodo,quasimodo,,"Canale Guarana 50, Bibione",pquasimodo3327,pietro.quasimodo52034@example.com,"bQsH@XBRsD0xjo,szD).2er@ZZZy4.bb5Xtj2Io?8WRY@gtx526S.g#eWMUm"
621,Pomponio,pomponio,Dibiasi,dibiasi,1980-05-03,"Canale Costanzo 469, Ziano Piacentino",pdibiasi1569,pomponio.dibiasi68452@example.com,"zHo4d2Kc(TxK24G1f#yyjJ9w!Zj2Jzf(ugH&Qrcs5HVP,vOlmWqYayyX%5#)7z0pNH!C4"
622,Gaspare,gaspare,Pontecorvo,pontecorvo,,"Rotonda Valentino 87, Torricella In Sabina",gpontecorvo7772,gaspare.pontecorvo2558@example.com,ejDxHDVNvI.ky)P7X%Y3gKfMFj0(#zUj6wW7DVSu1DDOI5B
623,Pellegrino,pellegrino,Accardo,accardo,,"Piazza Gastone 50, Staiti",paccardo349,pellegrino.accardo13264@example.com,AkII*DXW5mnk@@mSlm96AFKBC*Msv)HOt@(94ZY16GUYbO%0ya1p1KHse@dhYT?1myRp)9poz?@9
624,Donatello,donatello,Meucci,meucci,1970-12-04,"Piazza Caccianemico 456, Quindici",dmeucci2884,donatello.meucci43059@example.com,#i)S1jXuaLksTJrIAPQ8QknTJ4t$zlojD?
625,Telemaco,telemaco,Samele,samele,1995-08-24,"Vicolo Venancio 3, Beura",tsamele7960,telemaco.samele12921@example.com,"5H@&0CFgdKvM(pX0C5Q.JgHYwhS,l!vxRZrpN03k!OxgJk#V4ZZcFYHOXJorTqfw2q#G%3&7qo5@"
626,Napoleone,napoleone,Stefanelli,stefanelli,,"Vicolo Bruno 26, San Mango Sul Calore",nstefanelli2860,napoleone.stefanelli28333@example.com,elHs8spRE&c5PdG8xpj&xOtrjK4hx83
627,Letizia,letizia,Abbagnale,abbagnale,2006-02-10,"Contrada Benussi 711, Parmezzana Calzana",labbagnale1467,letizia.abbagnale949@example.com,n*0*Me20T!9.Ei!3oV&wG%sa$K&L76lkDT1!lx#U!19T%%b$*Z0$?S.!Q!?Lug(&GNE
628,Fabia,fabia,Moneta,moneta,1967-04-25,"Strada Ludovico 11, Trivio Di Formia",fmoneta509,fabia.moneta82434@example.com,"V47V(gEF4z*!f)!$dvu&VPBFa5qMXPnK#,xN!o?5"
629,Silvestro,silvestro,Antonello,antonello,1972-09-02,"Borgo Poerio 52, Montefortino",santonello2437,silvestro.antonello69176@example.com,"5yc5x(exnX&(Lg(,xLP4F*oLQOqm*B4b8,ErI!nztm4!e!*Jbz$JOGlp$S$gM"
630,Gioffre,gioffre,Petrucelli,petrucelli,1968-09-28,"Vicolo Andreotti 548, Ortona",gpetrucelli4087,gioffre.petrucelli4055@example.com,"9@x5,wh.Xx4ZvGA#4O!0DD4KhnUbZ9o7n%BPlQQJ)HUBds718mW@9"
631,Pierangelo,pierangelo,Ceci,ceci,1966-06-10,"Borgo Mogherini 3, Villapiana Scalo",pceci4308,pierangelo.ceci67908@example.com,pC*rDHsJb5
632,Barbara,barbara,Ruffini,ruffini,,"Contrada Giulio 72, Frassilongo",bruffini6994,barbara.ruffini94551@example.com,Opo(3rmM@
633,Angelo,angelo,Cilibrasi,cilibrasi,1962-07-07,"Rotonda Gussoni 17, Miraldo",acilibrasi6934,angelo.cilibrasi75730@example.com,"D(,YtT1iU!YYUpnr)4@!%pd5w78DI?@qgX81nU9nv&TP)0D%zW4#Wprsk7Y"
634,Graziano,graziano,Ruggeri,ruggeri,1955-11-06,"Viale Pina 49, Valbruna",gruggeri8692,graziano.ruggeri8659@example.com,.G0RUCQ)$RRkbxLmx%PJudp@Ihza5tc%#Hm5#H1liWvBb%!Wd5N@lA
635,Melina,melina,Borsiere,borsiere,,"Vicolo Amleto 49, Scarlino Stazione",mborsiere5651,melina.borsiere35206@example.com,"H?VcxwcjZUhp(9*D?FihdDRN%)U@rh4*hl3vGO9olua)c0,OHxzO?*$#b?T*4TfQ1KtE?QQI)YMb0cMw6iF5)@)GRlkyB#kURS6Qv,gB*752N%q(DGD7j2pE$nD9EQ"
636,Girolamo,girolamo,Antonello,antonello,,"Canale Giampiero 21, Rettorgole",gantonello2703,girolamo.antonello61544@example.com,"24Vn6,zUFn!*.9i&)6r74*B(IoSIEh?UBUXaELgH8bu6uigz$n0X1NxYc0T4MaJiVcAnCdGX56,?hiwK97UkP?e,5v8f&q87EFkho2lT2Ro&f8FDK"
637,Filippa,filippa,Barbarigo,barbarigo,,"Strada Luciana 7, Bocchigliero",fbarbarigo4313,filippa.barbarigo7374@example.com,"8i,4,!*@rjOjVvwxVTKAz0*?V.iPeAYR!CqT"
638,Gianmarco,gianmarco,Berengario,berengario,,"Rotonda Vito 530, Castiglione Olona",gberengario1152,gianmarco.berengario26601@example.com,?swMKCEnY&%bGaSy1R?ZS$ww(UT4hYeYRUtGMnpeUwfsoGMnmzs?mBjx82S&td16wc9
639,Gino,gino,Vecoli,vecoli,1991-07-29,"Rotonda Bruscantini 1, Corvara In Badia",gvecoli1443,gino.vecoli16970@example.com,"dKuMoEyUl.B5!(kN@E$g(SwQFMABEfd3R42H4DgBleEc@VFiH5CzxUg0(*CzpAAwRvT,OCfIKiq5U2GXcQXkFlFs!wf*p!i23@!o@@E#M?k"
640,Paride,paride,Colletti,colletti,1955-04-08,"Contrada Paride 392, Tires",pcolletti5839,paride.colletti5225@example.com,?TzY%P3wJtA9J88Gvf$Y$.iIer*pbG&y$7uz(5p7lt(9Nuc*DTkj?jE1ND#LYvU9eUX
641,Federica,federica,Vanvitelli,vanvitelli,,"Viale Ferdinando 45, Vinovo",fvanvitelli4676,federica.vanvitelli69001@example.com,m3YvkHqK?$P%FLE$NyQDbessFSYWM#8?CeCzJgt)v$yr98TRj06G4R!c3K$Xtzashe7DUlf#utd7MXg4igVYsrt)Kio
642,Anita,anita,Binaghi,binaghi,,"Rotonda Giovanni 86, Pieve Di Cusignano",abinaghi4046,anita.binaghi60200@example.com,"Gjz5@peeeo5Fj3cHPe1&,SBjeg.YQ@wq6bl,ukGS5wcx4eRP6rZq$6)QfPTVlKjU4w,#0JqoRL39ZXPN!Sf6B((kPnVEE2VoMVF3BgF8!9"
643,Armando,armando,Balla,balla,1982-11-23,"Strada Valerio 32, San Michele Extra",aballa938,armando.balla74934@example.com,"pJLydA&RXP(DqrmUqx*G*wnp)FSE5Gv(wBaOn!cd0q97zEBi@w%,o.o6O&UKW&LuNRe!l,9*8%EcSFBJh4Lo0"
644,Rosina,rosina,Vitturi,vitturi,,"Piazza Olga 123, Decima",rvitturi873,rosina.vitturi90759@example.com,"VP4WUFg5ES5bfZtBVc@HuFCK1DGs%AlU2,(7Q82pg*8Rn0,9CBuZbW?Q9PZSzp1w,8QLJLk6h("
645,Vincenzo,vincenzo,Galiazzo,galiazzo,,"Viale Gualandi 7, Staffarda",vgaliazzo4529,vincenzo.galiazzo75523@example.com,"4boEogv2pa4?3Nj@VbKL7g8yFxOWM*U4u?UK9#&$0LH,7GPU$eHEdQOlBaP.uXYsZ7T?%w@ES@ekVQ9*@3NFtLyqKAA"
646,Adele,adele,Antonioni,antonioni,1948-06-26,"Incrocio Grasso 175, Tavagnasco",aantonioni9923,adele.antonioni78513@example.com,$vVuimR8h?cDyfxKh72YCiIpgJ1G2lhq10fEgJW)WdKMb97Mriv955tu#zASAR*047Dz52xG9%?2QYMhe)Xfn@gwtleolVLbeSH*Zy4fp
647,Ludovico,ludovico,Toselli,toselli,1958-11-22,"Via Baglioni 8, Serra Marina",ltoselli9706,ludovico.toselli77789@example.com,B6&Fk&hBuooizy.n0Ls6LoIp6Z#oWX6MH8pf47j*3pDUq%2BU6v?Jko#*bti0L&u2
648,Chiara,chiara,Parpinel,parpinel,,"Incrocio Olivetti 3, Montegrino Valtravaglia",cparpinel355,chiara.parpinel95407@example.com,"#P3*QqJ(YHdvrifhhmkM8lZslCZ$F,tfLdX4Sp$T(pv6amm$Fg9@AJ*x!q.hLIwes7vzZNCGNLM)X!4LMcJ$3s1bfNuXT"
649,Loretta,loretta,Poerio,poerio,2004-05-02,"Via Dina 11, San Lorenzo Isontino",lpoerio882,loretta.poerio52589@example.com,"RIa0G8NB5%2zW4,uDZ8AhF*kGFbKiBDiFu40ICdvoP)Ud,0IBj#0CB5A1NwTeDaLPD#eDmoEgL9%"
650,Matteo,matteo,Grimani,grimani,1995-04-12,"Piazza Temistocle 5, Motteggiana",mgrimani5636,matteo.grimani95634@example.com,"xI&v.s6UB.,OH7nSz99!RUeuxgdbzZx$i,)AQCynegbQ$x8)Mij,Z0$sdd)EXoW"
651,Agostino,agostino,Detti,detti,1990-09-15,"Via Sergius 3, Isolalta",adetti5540,agostino.detti16822@example.com,"hz*u6UNG$523ucAvO%Tk3&1a%@,doDYgA&JznD5ggZCji,kS5f!R?iYb,E@rfTr3cj5QPlbx9a0DorswBlMtDyS,#n2a@4AH5dx"
652,Oreste,oreste,Tremonti,tremonti,,"Canale Zichichi 89, Piediripa",otremonti6522,oreste.tremonti87789@example.com,DlivR*USjdi2g9ZsQ.$2U8yg3LT6PC5eljua6Fz1C4RjtG@Vf3Jue#Md6OLejRpReRd#E&es8%Hiod$GLzbKUp!Gj1NF$!Bd$aNEToEBySM)oruJB4pNKk*A(nZ!YW
653,Tatiana,tatiana,Montanelli,montanelli,,"Strada Alina 17, Lippo",tmontanelli3637,tatiana.montanelli51983@example.com,D74w0My0fL74SeGYDxvrlzBSOPHUy%BH66Yr7RSRNoeKQk#g
654,Cirillo,cirillo,Bataglia,bataglia,1972-08-13,"Strada Lazzaro 82, Palazzo Pignano",cbataglia4161,cirillo.bataglia77608@example.com,",hdbJy*7Kw2nf0B%OX&i9@eP4fnzmew.RQmY,jj8z)eC85Z(ML?1%NDeHf&3,%8Rd37,3#hJ!"
655,Michelotto,michelotto,Adinolfi,adinolfi,1990-07-14,"Viale Orazio 6, St.Peter Laje",madinolfi2332,michelotto.adinolfi23032@example.com,abpfh2hm!b$3iM6HpK9k!qSyUXmO6.$WDPCrfY*3i)8lki*1l@z8nlAHwMa
656,Viridiana,viridiana,Nonis,nonis,,"Via Virgilio 92, Camisasca",vnonis9738,viridiana.nonis6963@example.com,"FTcI78(0q98VFgh!FnRVWeQfJJ@gV*do4h,kvz8FbKa)9z6TS6f$fMJOs2ecdCEDkLj8Q0b,gnsJpIbZvg*B)!e*WSp"
657,Vittorio,vittorio,Filippini,filippini,,"Vicolo Iannotti 48, Roccanova",vfilippini4599,vittorio.filippini63678@example.com,"@YnbwDTz3aXW@CVd2,"
658,Germana,germana,Vespucci,vespucci,1998-10-28,"Borgo Chindamo 62, Gerocarne",gvespucci1056,germana.vespucci77134@example.com,"4iMQc7A!YL)0(YKsvLg$@HB58e&*0x4JaDNhEECHMijq,H.#8Z7p*wNP&2QXIxBb?Qnnwqkav?hz$CFTcaNc0YfBSDGJwVDzyD4ei8(1?Ja?Ssn8sv"
659,Valerio,valerio,Brenna,brenna,1968-05-18,"Strada Piersanti 88, Crespadoro",vbrenna4908,valerio.brenna55712@example.com,sRIXH4BWWwd!nP6H8X*vKB3wh
660,Luciana,luciana,Baresi,baresi,,"Stretto Laura 30, Altomonte",lbaresi6908,luciana.baresi43499@example.com,Q?6@Xv&6*VLiWudEDB#wm6P?%yIgww(lxqC5xCU8C8QdQ2AQS22pC
661,Giorgia,giorgia,Micheletti,micheletti,,"Viale Moretti 713, Acquamela",gmicheletti8012,giorgia.micheletti83078@example.com,"#15wBnl&IZYUc5IPGYjqfAXc@)cbmW,JomhR#"
662,Sonia,sonia,Giulietti,giulietti,1996-10-01,"Via Paride 12, Nova Levante",sgiulietti4655,sonia.giulietti44963@example.com,"Yy8L#J(Vo2Ay*NgmvUspOP0WXcDa3zzKR4N5RiAyurZaYu?)45z.mekunx47Vkx8Hb*&,Fa2zRx5LsrmEQUHMHxNTnoNo8DUPihNkGGTmO?W,ZlPTDU1nRg!v"
663,Tatiana,tatiana,Cafarchia,cafarchia,1956-09-07,"Piazza Donatella 638, Guarda Veneta",tcafarchia3094,tatiana.cafarchia73229@example.com,"mM4Aj#y4*.gAn#,HF#6%wut,BlTC7bI#)5GaX,Kx(zGu&EURd0,!3fxHFD.VB,ibhtR?kUAivs(("
664,Donatella,donatella,Morgagni,morgagni,1992-12-27,"Contrada Carolina 82, Villa Ripa",dmorgagni2757,donatella.morgagni7990@example.com,"2nphy?vep@3iTg#hvb@?NGoWYYh2HWkNXIbOfNLmm&RdDP6$,Sg#,)ZeeJl1ww7(WFiC"
665,Stefania,stefania,Cavalcanti,cavalcanti,,"Stretto Carocci 6, Rosano",scavalcanti1051,stefania.cavalcanti75140@example.com,"$lDyYA7(C&%AVXQM8w*loj0YhEaB#QH*wZual,G*M7Mm&FDcI50J51Mo766pggd,WzTKy3.qHY6!dZmW1uyWs)Y2x)*UGBwEE4#lXt5Uw&XgzCLfkSmDZvM7qy"
666,Damiano,damiano,Malpighi,malpighi,,"Strada Enzo 33, Monte Santa Maria Tiberina",dmalpighi5497,damiano.malpighi6261@example.com,@s5Rc#W*fOlL!V8iWDnHLWRYlji%6GbakjB5c6&$pJVFZJiT4rGB(tDqyqEq!UtqZ)0AOl8N4sBU2%Fwlns@n3uW&.h7pQOFijtPAKFRb6xIdQdyM61Sx%
667,Fiorino,fiorino,Abba,abba,1999-09-16,"Vicolo Elena 70, Caltagirone",fabba9841,fiorino.abba35814@example.com,"a$Xt$xQQdA%w66Yjs#JrZP46uwk!1PJ!9F%KokGSNEs9tG,l8X89qMlWzPBN"
668,Luca,luca,Bragadin,bragadin,1957-03-30,"Rotonda Saverio 8, Tschötsch",lbragadin5312,luca.bragadin32759@example.com,$sF9LH1lw#aw.EiJq&R3lFfmrtU
669,Nadia,nadia,Cantimori,cantimori,1956-02-10,"Vicolo Cignaroli 99, Santa Croce Camerina",ncantimori9728,nadia.cantimori92472@example.com,4N9?Z)Z136cOiUz(iFB$JOR(U
670,Dionigi,dionigi,Matteotti,matteotti,1960-09-23,"Stretto Mascagni 6, Soragna",dmatteotti1672,dionigi.matteotti13099@example.com,EJmQ8W?hB44*6Rvxif58Y97ge!1frB7wSYl*(YKvIJL?taIWrmg#ty
671,Ennio,ennio,Fibonacci,fibonacci,,"Contrada Boiardo 52, Gavignano",efibonacci2308,ennio.fibonacci83931@example.com,"V1uU0(aQ8M##hsGrtKwJCbK55YS?.RhDYoKKOx9#e0!q676Q,$"
672,Griselda,griselda,Zoppetto,zoppetto,,"Piazza Luciano 19, Niccone",gzoppetto1648,griselda.zoppetto82520@example.com,k7PBkT)Y#UKVSgA0&G*Y5xwRWbJIArRFa4PlctGGK)la&zjJ)Jttb.2w@VK6jMexE&Pib9%#F$T8HZh0OxJDf!w@!5e*Gti.yP!ft5sOHV9zfM*
673,Erika,erika,Costalonga,costalonga,2004-09-07,"Strada Iannotti 94, Avolasca",ecostalonga4553,erika.costalonga56050@example.com,"z$MfNV#@5T??)jEm,2WwQs29&pw(ZxLibh2E$ZU$!EBcYG**f#2BBJu,Eh@DENK#@b@S@gGtRBo3d0j7&O"
674,Claudio,claudio,Tamborini,tamborini,,"Stretto Faugno 0, Sesto Calende",ctamborini9321,claudio.tamborini78134@example.com,"EFf*4dVsir,mB8AwSbS$Z?FhR,CwKfez@dIL2EP6*H4fq8Hdn&do)CS!B?*r0mjX,#zsfHC6p8(#9LQIur$3q?5)"
675,Fabrizia,fabrizia,Mimun,mimun,,"Canale Stradivari 92, Panettieri",fmimun634,fabrizia.mimun81734@example.com,WOTD&PNN?zO%z2h*!n7tjk0D#8y0lus(BxfcmV
676,Vittorio,vittorio,Malatesta,malatesta,,"Incrocio Navone 31, Occimiano",vmalatesta6940,vittorio.malatesta40760@example.com,"Rk5(NXTR0afDn)ZFT$UUbNl&ezCg8K40or@8mzE6$?D9IEHbSi*1QAw%VJsJob$$sV!6#tMtINEb7,Ao!7V7FyhzJa)gQhnr@@8rkI)W1(3p1Nh%ItE%N7"
677,Cipriano,cipriano,Fantoni,fantoni,,"Borgo Geronimo 85, Ciminna",cfantoni576,cipriano.fantoni8366@example.com,*rfj&p%F!hvOU57@3avq4AriA
678,Sergius,sergius,Cerquiglini,cerquiglini,,"Canale Adele 11, Leonforte",scerquiglini5250,sergius.cerquiglini30833@example.com,5lajK#ieuS4Jr@.R8!MtsUypn#*BYvcyIL)squeOpwgD)F
679,Arnulfo,arnulfo,Cadorna,cadorna,,"Canale Guarato 84, Nizzeti",acadorna5251,arnulfo.cadorna65657@example.com,"BFlyGst5y)ORIfA43z&S7zT7ArA9za1RppfW.Ig3JEb2mnolpgJUnMfGs98fX%37ox@BLhnqrB2o,3Kr9AwX)BCDM?"
680,Giorgia,giorgia,Schiavone,schiavone,,"Via Orengo 21, Cavoli",gschiavone3242,giorgia.schiavone15005@example.com,"m&O?*5D*P2zEzu(Kn2k78c@#KtwLCJOKqZwRhGG#&QrFYMTI4ypZd$P$ROr@O8qB6syU5,!zeBmLY0!L!K?wW0Zu!)rsmdgUW3Pyp"
681,Emma,emma,Mannoia,mannoia,2005-01-26,"Contrada Donna 4, Santa Lucia Di Cava",emannoia1713,emma.mannoia39128@example.com,"JKYT(Ti537zdsdjdeBtQlwQcSgQQJ(Jn6%FIGmqe9x(DEVnPf!Vd58fDtYHych35hYw6hz,Mh!l*5tZX*N?.(#frsvUj$dlu"
682,Lando,lando,Berengario,berengario,,"Borgo Garibaldi 30, Lampedusa",lberengario9463,lando.berengario84409@example.com,"cE4K@pv%MqO5H%c9rA$yLS1O6T?tHA,J6)Vt19u13CW&4XDTgfAkk,bOKPeeKfFGZaem*BfCeB6RYQk1kiYoB0dOU3y1gN,?ii$%"
683,Luisa,luisa,Gagliardi,gagliardi,1981-12-29,"Stretto Girolamo 1, Quinto",lgagliardi7281,luisa.gagliardi81658@example.com,"#FFp&))8YA@Fo?q549TsuFKK6o$)!v7IpnLM(VkcV!ft?vBJ5qL7,HoMd6SsO8XH"
684,Vito,vito,Ponti,ponti,1999-07-28,"Stretto Enzo 1, Medea",vponti5024,vito.ponti21391@example.com,"i$$ZFuwJMAhjAOZ!.13qsNQT1Mx&3LpYE7.qOH4KiXYfTzty6fpb8H,M(4rdkPh$sG32u&X0g@fwq1VyRxuUJwlJ2S%.VLqm7uEyTnEJR.,iKkOUs!3?c"
685,Matteo,matteo,Ferrata,ferrata,,"Borgo Piergiuseppe 51, Bollengo",mferrata1677,matteo.ferrata57067@example.com,"$kKlByVO#6kWn3oObTwAczJbN8iYwfiY7f7@w.VdO,p(p,KCH6tpym$Fzp@4LwvC.b0RZNL35qT($5j&"
686,Gabriella,gabriella,Pagnotto,pagnotto,,"Stretto Federica 7, Graffignana",gpagnotto1431,gabriella.pagnotto60155@example.com,"EPpyVSdlG23KXx$d#GGc1mMtzADEI.2rR3UP5bAd3x2,5klIlPRX16NvcmAr%@sXs$XMwJIhdNjrAULNZ*@sKwmc4NymM$$KY"
687,Ermes,ermes,Draghi,draghi,,"Rotonda Tonisto 37, Cassibile",edraghi9912,ermes.draghi86293@example.com,"MdrW,B(mRYU#?86BJo&,D,?I32UqcG%#c@)nmwd4H@)UNUB*qpD8vgzdEVQ)rv6Z)pu#uXhGAOwfJ9iZ#J*xD*QNXPqV5bw"
688,Mariana,mariana,Persico,persico,,"Piazza Elladio 360, Rodi' Milici",mpersico6643,mariana.persico12172@example.com,j.lEWYcrq3g$OFfwRfo6BHNW6GZF3sRg
689,Concetta,concetta,Gioberti,gioberti,1976-05-01,"Vicolo Elladio 26, Spilamberto",cgioberti6866,concetta.gioberti81893@example.com,"bR3bkwurN?%0&DLt&1nf4EY5uQmBdnnO@$W%cO@poex2kcEdE&pohrMF(jv2!FFo%6d5dqdE3G.Im0tdxNdX?k#NzxlH1MY58,?mzve0pYS%$8y2OlVOZ67pqo"
690,Galasso,galasso,Iannucci,iannucci,,"Borgo Francesco 16, Blavy Nus",giannucci2144,galasso.iannucci5199@example.com,2&0JpUtcnExriauPF.cLs%9lE%zih7OTE5LP
691,Gioachino,gioachino,Bajardi,bajardi,,"Via Domenico 38, Perosa Canavese",gbajardi8354,gioachino.bajardi52901@example.com,"sXP6f$OIH0a79FMNK?H##RbnXq6D1?qPZI5LbQnK.X&1BLRNnk#z%AuYN8?rzqNTDM.pS7ULHko5lIuOPiIifL9jnwrfD2U6DL2Eiz(cQasmz6cQ!,vpI"
692,Francesco,francesco,Faranda,faranda,1951-01-15,"Borgo Eraldo 816, Archi",ffaranda8172,francesco.faranda88909@example.com,spv%Qxj23!@VE&#Vr*%iYigtYmn4zIV4OjLByazzHVnU93G
693,Carmelo,carmelo,Fabrizi,fabrizi,,"Canale Bruno 60, San Giovanni Gemini",cfabrizi7017,carmelo.fabrizi40330@example.com,6Srw*d&JFjIdDHD!u$F2Fj&w*nv3
694,Luca,luca,Agostini,agostini,1952-12-04,"Borgo Peruzzi 35, Grazie",lagostini244,luca.agostini27757@example.com,"HC8?ts9).sUqB4o4cUrQ.2l(3m2zWu799(cFA8gLbP0,rT0L&kNBRISopHp*LK5f1hkc$CxjAvaM?WfqBOf4*!L?cBhqHW1S"
695,Pasquale,pasquale,Sforza,sforza,,"Canale Russo 7, Santa Domenica",psforza2024,pasquale.sforza65417@example.com,"TmlXn.Vyo%9Ebr5k?vVmJ67hOGRu(LE,*Fhjc2W0ikZX0Ct"
696,Gastone,gastone,Pavanello,pavanello,,"Borgo Boezio 71, Ponte Di Savignone",gpavanello6159,gastone.pavanello75538@example.com,zDvR.2TNcgpI$6e0G1dO@?Q$Dg?F&
697,Rosalia,rosalia,Pizziol,pizziol,2007-08-02,"Strada Antonella 97, Batignano",rpizziol9962,rosalia.pizziol45010@example.com,"0)B7Rpv6SKx4ha0ol#Hrd5dXPG2P8WF$9ND$1K3FYW%zmvILyRic7emwbpAny7mCvhS*WIkEZO68Qyih4%rmVRox6I@la,bVQ!6OW#SgvCt?"
698,Pietro,pietro,Lovato,lovato,,"Canale Rita 4, Magliano Alpi Soprano",plovato691,pietro.lovato15413@example.com,"5jojT7)xUarZz&M@2r7xiLak,i8LAqPpVo3gS6vBT(i.XSYt.XKI4,(uL"
699,Rodolfo,rodolfo,Contarini,contarini,2001-09-15,"Piazza Turci 947, Gavinana",rcontarini8536,rodolfo.contarini41128@example.com,"c#SjYO1s*%w@PJ.c0q?WQ6eR?lNEK%hc%o%,LDOT&JrNY0UZKbTzSGl8CANNzeXcM0DgTsKrM)Ah#1)CP"
700,Gian,gian,Flaiano,flaiano,1963-01-20,"Incrocio Doglioni 72, Sanzeno",gflaiano9463,gian.flaiano55402@example.com,"Otee%jjeyO55Fz.0UePg&TbNZZUuqw0,ltTTi$Yyb1p)E(WN%LEvuIIJiQFQd!vkLeX?U2gWYgq2MNg)RQcSjN#xAy"
701,Adriano,adriano,Marcacci,marcacci,,"Incrocio Nolcini 7, San Lorenzo Di Vasto",amarcacci8962,adriano.marcacci3639@example.com,uhm@$tyIWa2#Eu02T%nVg)&koHL2T?OIzvVjoy(i?.q%r?IzqCdCd4sO2dyOLMDaFO$BhPocK9bYV8fhhd1d1
702,Luigi,luigi,Comeriato,comeriato,,"Canale Erika 85, Pago Veiano",lcomeriato2044,luigi.comeriato97137@example.com,"ALWmNnBm6HCMW)L2)f$AE5#Sdu5thWRkvhaW&X!tqvurJ(BVpvtwt@u!FzV3E9ICSOOJOHseildUjBmk36PT!bL2aGTyR.Sl4vhVFHQpa(!gySP*N,OcSE*&"
703,Beatrice,beatrice,Montessori,montessori,1991-08-24,"Viale Nicolò 60, Sitizano",bmontessori5479,beatrice.montessori19198@example.com,$RN?Oqp@c#L*0&7Wq67hRs)5tSkCVbfJ
704,Chiara,chiara,Antonini,antonini,1994-11-22,"Canale Esposito 919, Andrate",cantonini2975,chiara.antonini28150@example.com,"O?d1XLc%#czkq65cf#X#,oCw,Z.A3w8@twfN%0CPQLZ"
705,Alessandra,alessandra,Navone,navone,,"Incrocio Francesca 10, San Giusto Canavese",anavone785,alessandra.navone9350@example.com,Mz&nQ8P88ib0FzTfuTFQjvR@I)lluggoxN6LDLk$)fpVcNvjfk8!$7Jl#KLn&9YIv?hpo2q
706,Licia,licia,Palladio,palladio,1963-12-30,"Rotonda Amico 517, Petrazzi",lpalladio3081,licia.palladio48175@example.com,"EAPJof)UOqAf%Z5N!%IFyAed2TcAtAYN9Df,c*9@,Hg@(V6!qOSO!w%7dDMMCmEHnk(aCwuJCl#SJ05TYJ74xSqBy"
707,Federica,federica,Depero,depero,1975-09-14,"Vicolo Nicoletta 136, Aufhofen",fdepero5787,federica.depero48843@example.com,8HKub5&M6&Y7q(Eyp@9x4yaREF5mJC9(ru#RXxo
708,Gabriella,gabriella,Mortati,mortati,1955-11-01,"Rotonda Cutuli 556, Piazze",gmortati5088,gabriella.mortati44111@example.com,7KaKZ7?t3KJq*ZvIDnM?G
709,Agostino,agostino,Cutuli,cutuli,,"Incrocio Vidoni 275, Bagnolo Piemonte",acutuli8278,agostino.cutuli26786@example.com,keL2)8i01Wp*PlGCI0q
710,Maria,maria,Botta,botta,1974-04-10,"Via Liberto 8, Cuccurano",mbotta1799,maria.botta45802@example.com,"KZ9u2@W34)ssYEWNEr4FC6HCH7S9M7oP,B62?SjRXXUw5*Dg(sp83oCxGeQRdL"
711,Gianmarco,gianmarco,Carullo,carullo,1956-09-24,"Contrada Peranda 45, Isola Di Ortonovo",gcarullo6797,gianmarco.carullo85432@example.com,"N(LQn776$Jzpm,7unP&VT1p(c7&,pe2%9JU"
712,Napoleone,napoleone,Marzorati,marzorati,,"Rotonda Gradenigo 32, Villa D'Alme'",nmarzorati8193,napoleone.marzorati86569@example.com,%RhR((xF8l&nTiAjg.eG7$Ru#loP6C@bqmUl1Xu1H*m5U6Jkz7tDcpelgnvr6v.zbBZN81FPZWJb2#
713,Giosuè,giosue,Pontecorvo,pontecorvo,1989-12-27,"Canale Alighieri 50, San Martino Di Finita",gpontecorvo9472,giosue.pontecorvo67405@example.com,aFEn!QYY(j!YF1H*K8AiuzsSxsQ1bI9&HnIfEatidhyA88
714,Virginia,virginia,Faugno,faugno,,"Canale Simone 7, Zane'",vfaugno854,virginia.faugno17147@example.com,"ogl@QLxS,pZ*uFhZura!C#WST4.&w*11QWV2lIZTQ1B$,GvYpFbZqZM$iCx&T6"
715,Anita,anita,Pezzali,pezzali,,"Incrocio Romana 817, Novi Ligure",apezzali3428,anita.pezzali58305@example.com,1(O8h)RYYexxoM$nnWwF16y7m7xtbR@PuXrrGwPunH*NJ$6%X#&d%@c%VBD5W1M9!&SfXJ&nS&Mbq0F)
716,Achille,achille,Foa,foa,1985-01-10,"Vicolo Piersanti 827, Colle Brincioni",afoa4176,achille.foa98119@example.com,"M64vV35IPcjh5@pjdnu$9Mx14.tQG7Oh@p)%3A9E!9uAoGqmsaHzttYVsCRS)qUS%qAR6yC5d,oT@sh0Q8asQMox&@8wg4r7gcr.(5H3RF0(*Vxq$*?kVxdP"
717,Alessio,alessio,Antonelli,antonelli,1992-04-20,"Piazza Daniele 12, Bibbona",aantonelli5952,alessio.antonelli48653@example.com,.uvD&#Y!lEVvsM3gu&pn22
718,Nicolò,nicolo,Chindamo,chindamo,1951-03-11,"Stretto Dibiasi 91, Molino Del Pallone",nchindamo1113,nicolo.chindamo24173@example.com,EjwqUgDc(t9A9KiRIai0DhS9pjII6!nbO44h1Zh2D)xvysB*8cc2ASsn)2SuKqWMeGlLIPlxA.&X8xLNdIYAc)Cb%#PqZ%.#mRR*u7Q
719,Donna,donna,Taliercio,taliercio,,"Via Alfio 2, Trivero",dtaliercio4963,donna.taliercio51488@example.com,"K)YW?)b9.y9HZjG5VceVzy3$t?km4wYCeWNj),L7CqITwJq0Y40AlO6k&liXwbf57q%*wE&DI12DT.XhT?5eHI1z7kXYWSi,1zJs"
720,Luisa,luisa,Simeoni,simeoni,,"Incrocio Micheletto 336, Savigliano",lsimeoni3900,luisa.simeoni35954@example.com,"QY3OEC,#g0b9YkfvhunO@vf.euCcw**99fs4i(ayEz"
721,Donatella,donatella,Travaglia,travaglia,,"Viale Faugno 77, Navazzo",dtravaglia560,donatella.travaglia85773@example.com,"(cj(CNDChLWzLF.N@6d03@yze3j6noFMkKW,v3OFJ9!9Sh*YWoGXqj0X.%E0$cmGXr5"
722,Ramona,ramona,Venditti,venditti,2002-08-25,"Via Bruscantini 22, Folgaria",rvenditti8953,ramona.venditti53781@example.com,%A$Gyo3CXmaFCXrA8jJ6mZlMN9fc1UfTD#?yVmKj3ZQlwi&Yt$3fDJ286jE.e
723,Ezio,ezio,Staglieno,staglieno,1957-05-11,"Vicolo Annetta 158, Serranova Di Carovigno",estaglieno9774,ezio.staglieno25350@example.com,"7BBsYsbEf3Yb3ZhjtG&w,P9NcmWZT%!1tps3glnG5c(pAY,@Di942zn%9Qr%C2dBgwYR9!p7Dc2f"
724,Piergiuseppe,piergiuseppe,Volterra,volterra,,"Viale Gastone 37, Pescina",pvolterra2921,piergiuseppe.volterra19311@example.com,"9?SiFDJ20I(foyfztnNxHur$o(gB0JZRkzcpfJ1!Lgw5cl*Pn,2wh#M#$lS&Sv83!@YqZa)1CB#6w5NLa"
725,Vanessa,vanessa,Natta,natta,,"Piazza Amalia 353, Preara",vnatta6546,vanessa.natta23655@example.com,"loK2Fr5)%wa)jK2PgHLn)?&3(,GHv3Rhb8BbusS03@*b?box2!bX#Sl#eaNZS*76I8Ddwm)T4FvC$#cY8cF*2%p.qA1R$o6E6EPh4Mdytl.316pOk"
726,Sergius,sergius,Trombetta,trombetta,,"Strada Alessia 454, Puntaldia",strombetta6334,sergius.trombetta77256@example.com,"pgQe5kZ#d5gp53Q.kfjJK1mI57la@t.VOMV6cr80xK?PcMHDc$A9sT5l,jrKw*uKnNsf,4q"
727,Maurilio,maurilio,Guarato,guarato,1982-06-22,"Borgo Terragni 874, Dronero",mguarato2115,maurilio.guarato92686@example.com,#n$%G1@QvJWKi8pWM
728,Enzo,enzo,Mortati,mortati,1984-11-29,"Incrocio Elladio 6, Cavasagra",emortati3447,enzo.mortati43717@example.com,"xf5fRxZ4iq$wImTf#r0OT.Q?AHs?mbDNasGsX65Ky@iTAj3?Q)!#6Mkh26Ae3r5DnKBEYT*x2,T%39jtX.S7jY6*KBQg62w2ZaM%4GRQR!JZ(6n)vE"
729,Tiziano,tiziano,Galuppi,galuppi,1948-11-28,"Viale Civaschi 11, San Lazzaro Parmense",tgaluppi6683,tiziano.galuppi86320@example.com,4wtu3nVXr&)G&7&N8D(w6B1X)%oRAz*E3OBCgtBGEOxWw)zu2Jmu
730,Livio,livio,Serlupi,serlupi,,"Contrada Beccheria 79, Lacchiarella",lserlupi1701,livio.serlupi42919@example.com,"TknIiIqV@a367E#,s%#?H1o53r$ZMd"
731,Paoletta,paoletta,Carli,carli,1986-02-14,"Canale Aurora 68, Ozzano Dell'Emilia",pcarli516,paoletta.carli66081@example.com,!0sJ1Om828xBAJh%x*2tZ
732,Enzio,enzio,Zetticci,zetticci,,"Incrocio Galasso 63, Borgaria",ezetticci5004,enzio.zetticci25936@example.com,gfi13d5.mBtov#M9#ILISS?4gRaSUH(AImvb#rcx)QAvWUS)eZ.$MF2DrJyJD
733,Giosuè,giosue,Fallaci,fallaci,1968-03-21,"Strada Foscari 129, Prelerna",gfallaci9670,giosue.fallaci52035@example.com,"b*QGJN6,0Ikr,5Z1Q7Dk*.O#k"
734,Raffaello,raffaello,Nicoletti,nicoletti,,"Incrocio Chinnici 62, Fasano'",rnicoletti8736,raffaello.nicoletti98957@example.com,",@.i&UY?$7mD90q1U&bRfI(*u5@L9dO8Jv4!HFHzSGv@rWyTz#SSOY8IIwqX3xlPE%3Nx*kqKQLwyLj1rpfW3MY0F4HW8RkLOlGw"
735,Eraldo,eraldo,Casarin,casarin,,"Canale Flavio 58, Minucciano",ecasarin4094,eraldo.casarin86772@example.com,a#p73&wGpLktF&wspYbNAieFaTNNM
736,Stefania,stefania,Gagliardi,gagliardi,1953-04-14,"Rotonda Bruscantini 70, Pellaro",sgagliardi734,stefania.gagliardi23573@example.com,"oGM#MzFmjLDgrgfrI@Fs&mjyBFlgb,nf0QXAr$MW8A49rJ@j&IzjBdu6hGBKJlooM..S?vmi@%O,Lv!73P@cIYMX4uyH6fzPqUt6&NW97LtI9zwgNuG0"
737,Rodolfo,rodolfo,Tasca,tasca,,"Canale Jolanda 3, Quinzano D'Oglio",rtasca2857,rodolfo.tasca23827@example.com,"s%2t01X0?6X$B91V&lTW$)cVM%ZJn5QKn*Tbux85&OFg49P97mT!C,5)5bWQ!uA6,yPgTQ4f@G"
738,Alphons,alphons,Finotto,finotto,1947-10-12,"Vicolo Bettin 123, Mottella",afinotto4169,alphons.finotto71468@example.com,)7fNMNhl?FUko$AldN0Hb*F
739,Bettina,bettina,Longhena,longhena,,"Incrocio Dossi 960, Unsere Liebe Frau Im Wald",blonghena408,bettina.longhena88575@example.com,oazw0JR5#Cbh9k1.r155y.SPoTD.%DS&Q7L9hyso)!g7@hBX
740,Pierpaolo,pierpaolo,Rapisardi,rapisardi,,"Piazza Alessandro 2, Camino",prapisardi1663,pierpaolo.rapisardi87095@example.com,yNH3sg$MlqgDBY@BUEB)kX$SvMp4N3lX%OQh70tCoVlv*Gl)qa9
741,Aldo,aldo,Mantegazza,mantegazza,1967-10-13,"Stretto Gionata 76, Venturina",amantegazza4709,aldo.mantegazza18589@example.com,"AtkSD4C8t9!dqTiyM!KkxoA)MK5!iDTN12*rQFw*rlYSN$zhpAiHFI$26#1Y9FtE%z4BW1A(Tu,2zLrN%Im2LC(%S07,wvlAUD3.V4q7XD#P"
742,Enzo,enzo,Veneziano,veneziano,,"Strada Salandra 54, Barcon",eveneziano2329,enzo.veneziano42256@example.com,"7PMGFdf9LiTKksSMelmIThidjBI7fcEuC@i$i#frVjnuYlDK6jhhPzqw*h.*q2Px,DwLaP62r7HwK%NXQ&b6),bPDZEXUPWN8CKeVX%1%!j"
743,Berenice,berenice,Parmitano,parmitano,,"Strada Barozzi 48, San Bernardo D'Ivrea",bparmitano7386,berenice.parmitano37975@example.com,"j(V9hFfPr6IJoWGn@cc#P$T0T,A#NW@6zFkXTETgJvztfi.*pRKS9Vl5BP3atU22VC@DS21(Kz$zw(AwTI9TP"
744,Tonino,tonino,Andreotti,andreotti,,"Strada Martina 791, Crocette",tandreotti3579,tonino.andreotti77240@example.com,.BKbaZSBVA?W!UiX98?vSKIcv3prvd53&onjrnky7Bu20I.!CRklWp16Lxd(hgJumP1UL5vHHA%GuIs2bg48.GSsbLb2f
745,Giorgia,giorgia,Errani,errani,,"Strada Mercadante 731, Serrara",gerrani7465,giorgia.errani42244@example.com,"6vARnpL3AbJA3&S,C(@f6"
746,Delfino,delfino,Pisaroni,pisaroni,,"Strada Borromeo 8, Piatta",dpisaroni1654,delfino.pisaroni68312@example.com,"hnpdVKg*ajndT)FM)dfQtDzXCORwMUKm)t#r09!wnK&Nz18pdm(hz*rafz0(17%MPmrHyuSH@KggoB1ETN#O,phxa@3ucXsbv&!BYvkMV$1!sqqTuAJz"
747,Annamaria,annamaria,Pelli,pelli,1968-11-25,"Piazza Bajardi 4, Collemeto",apelli2656,annamaria.pelli74581@example.com,",z?Rb4sVJ(#D2JdQ#5gUZrs*kATd4V!kfkX#*.f$II$fSC*8oozMnyJI%U?L6Izlusu0xwKE6yUJk!YGed"
748,Serafina,serafina,Almagià,almagia,1951-04-04,"Piazza Navarria 98, Valiano",salmagia7941,serafina.almagia37076@example.com,Ry691NkpnlvL%Tlbs*cnuYd9*U3t#DGmxB7T?zVuuutCbf3$oLh2@cLXRoUJVj@3E!jz0hWcXIz9EQD1o!tCaMgE0$0Qs1F@a#
749,Matilda,matilda,Garzoni,garzoni,,"Stretto Paride 695, Serricella",mgarzoni2919,matilda.garzoni71983@example.com,d.&3!iQD
750,Daria,daria,Ortese,ortese,,"Canale Montalcini 35, Casalmaiocco",dortese2312,daria.ortese71099@example.com,Igj8(wPcvC5MWrN09J(jX7tf$sqg%#SCFPnOl83qktPhgi(cDW3r)dqa?z5(j1KmuM
751,Rodolfo,rodolfo,Barberini,barberini,1971-11-20,"Canale Bevilacqua 0, Belmonte In Sabina",rbarberini7991,rodolfo.barberini7651@example.com,"qbxO60V5m62g2TaDhszL)J&r8$0IkUmI%Dux2&GCtqV%lw%gH(a!IYfXyt2edH**qBe.RaDKTMVA,R4*Sh1lZM"
752,Giovanni,giovanni,Manacorda,manacorda,,"Stretto Margherita 29, Silandro",gmanacorda4603,giovanni.manacorda9024@example.com,"Dlg1O6,F@dj6(m*&h"
753,Rosario,rosario,Nicoletti,nicoletti,1990-04-15,"Piazza Tozzi 775, Summaga",rnicoletti7450,rosario.nicoletti30792@example.com,wt&Q)?AUDW@zrnwl76uMk?mxd3Q2@?sIHFIdlMCup?TXGUFvFg.Epb*WS.)ZkcKrkFkwzH1XROJIW(EkoNnnMhELu!04O06iTIc6!
754,Nina,nina,Balbo,balbo,1975-01-15,"Vicolo Tamborini 97, Monteu Da Po",nbalbo6677,nina.balbo36033@example.com,GfJ@fSLWGY7Hj2jEQwnvl8WAFCd74o4)wYltB6W2o
755,Mercedes,mercedes,Deledda,deledda,1997-10-09,"Via Bragaglia 70, Gorga",mdeledda3487,mercedes.deledda48506@example.com,"*DAk5r42!Fb9!tS6ozKU.2%yWoOyX?L#Kwv?,q!RJ#%HJeYdpgBW)esednG$,CkjE(YTR@5DMhRT56,L77Zdhg#"
756,Antonio,antonio,Giusti,giusti,1954-09-02,"Piazza Alessandra 99, Beano",agiusti2404,antonio.giusti36996@example.com,1Kc0IAESMc.wQTmd7RwFD!s.9jHGf2xPkwVVhF7pMg*CzBsDvIK.3H96KTu8WN6n
757,Gioffre,gioffre,Ossola,ossola,1988-06-13,"Via Stefani 967, Sestri Ponente",gossola1447,gioffre.ossola51151@example.com,"hRuB1xzTimdLWD@6cHc8TGRfK*0#De.e9,RmP10#nHVAlRfI@sh"
758,Virgilio,virgilio,Cammarata,cammarata,,"Via Barcaccia 0, Serricella",vcammarata4272,virgilio.cammarata67836@example.com,",zWUmV@jM2*poTU5HFdJeQ0dwQwX?f%laT4X.Jd%z?D81*b&.ssJSWNn(Wn,vAA!MZlWWVdj"
759,Hugo,hugo,Tommaseo,tommaseo,,"Rotonda Emma 43, Guidomandri",htommaseo6729,hugo.tommaseo78121@example.com,".t?$)&d2SC3Jz0ITfQbc3U()ep5O3g57szN1o4h8Y,T&qs5rC(M?@nnAq!$Ot7CaaHrB90m7VEHqP9dwc$7W$rlZ%6Olj,5@&Ys*h"
760,Vanessa,vanessa,Serraglio,serraglio,,"Piazza Evangelista 167, Concerviano",vserraglio673,vanessa.serraglio83753@example.com,*KgB9EWIMw@sXsc*!.zt%cyAp5*KOz*zP3g*cLsm
761,Maria,maria,Manacorda,manacorda,,"Strada Gianpietro 77, Spotorno",mmanacorda5090,maria.manacorda9692@example.com,&cqFe9EFmtUEafBj$ItBI@Byq#D#BNdbUTD0
762,Rosa,rosa,Lupo,lupo,,"Viale Roman 42, Cavasso Nuovo",rlupo4151,rosa.lupo66461@example.com,PQNKncel)wHg&mDaMEGW&0
763,Martino,martino,Navone,navone,2005-02-17,"Incrocio Staglieno 7, Borgo San Giovanni",mnavone7413,martino.navone1320@example.com,"(DF1jKJnNV2,,xsvCko90m*tzQEeZVai4QtuK.cQ1V@uOE&U0.j6LWmimg%s*?64GHDcutWR9QmT*xST)l8"
764,Maria,maria,Nicolini,nicolini,,"Strada Tina 9, Filiano",mnicolini9747,maria.nicolini89992@example.com,"f&$0Kv,Mjo$R$#X$5VFO39B&cFP!%RcTR,e.Vo4TXkIH)@J.YOq2"
765,Mirko,mirko,Pacelli,pacelli,,"Incrocio Isabella 72, Castelvenere",mpacelli7117,mirko.pacelli85036@example.com,"Dya2MK*Z8goEA#ieR)swKMZ63bRqp@B8LdSGkN49M7aKqRHbV!P!ocJ*X#i28)L@%B,?@C7vSbJ3s!UtI25kpgqBR7dVEddCa,0r3x7,Q&NCEkm,3.W?Bm#?WR.zmSn*"
766,Graziella,graziella,Verdi,verdi,1980-02-27,"Rotonda Marco 25, Beaulard",gverdi8759,graziella.verdi22105@example.com,"4ISqf,WHh5IZ1efEtjWZxw25)cj$QDlX2V&jLHvkLxo%Q?LmXaG(ZDXL#jd2T?n@@Fq(C8U9dL$b8,d3KOMn5QzokzFZ.YV007hveTd8Afu0L)mR9TiK,Yj"
767,Nadia,nadia,Rosiello,rosiello,1981-02-05,"Incrocio Leonetti 152, Villa Rovere",nrosiello7116,nadia.rosiello28099@example.com,Dn@DxBF&V(rg#tgxD#$6!hrg$E!zjxvEIY6Uo1sB34B4zLm7ILDxu&7kMYDghVlI)vzXzn2
768,Fabia,fabia,Golino,golino,,"Canale Ferraris 30, Cuveglio",fgolino6866,fabia.golino55900@example.com,97uO2*m4!ZxepT9WAE&3$23nvay#!!LU*fYUx%RcOlZ&xT?5)O3m#okH
769,Bernardo,bernardo,Donà,dona,,"Rotonda Tina 93, Gambarare",bdona7158,bernardo.dona18716@example.com,"8ZqI5%1#T?(pb,Pl8K7g#E&7ntR5)iGE#)q%fA*DKU8#NwVab5it,@&Kn*BN9vgDmvDBp1Aredbk76n"
770,Franco,franco,Proietti,proietti,,"Rotonda Sinisi 942, Tavodo",fproietti9631,franco.proietti52748@example.com,"V55iVyApL)L5Y*(UD1R$prmL5997(N&n0SxqPyaSwKC4(R43APaQs5x?*qe,sv&z9Kz1?%2L&VY$7C"
771,Agostino,agostino,Morellato,morellato,1974-06-15,"Rotonda Scamarcio 4, Mazzorbo",amorellato6520,agostino.morellato60261@example.com,"6nu,XryoB5Lu0c9GlB$S8SJhj(!S@$3o*M31$w6nqQ8*6@TTY#zfUt.$&K$ENR2cr6x8Bu&gg.F2IOyQnVeyPa9bE6oLG@jNfds)s?J@&T?G&$0"
772,Matilda,matilda,Franscini,franscini,1966-04-01,"Contrada Rita 8, Zianigo",mfranscini6965,matilda.franscini84074@example.com,",UyBqZPd6P),W4#35jenX8WGY&Uy7sz&z!F?SV8a%MsHRmR#?q7V3EKo?qCzD3Zk$L*kwCU5pKCIcRw0yhIm%u*Aiw*fo"
773,Vittorio,vittorio,Sanguineti,sanguineti,1978-02-01,"Viale Pisani 3, Cisterna",vsanguineti7418,vittorio.sanguineti59150@example.com,B)P0?$L5@XiIc4k
774,Fausto,fausto,Pavone,pavone,,"Strada Marta 31, Giugliano In Campania",fpavone1074,fausto.pavone48557@example.com,"%7.Dsrvo$S@xu&Gw94o0$f,V7VapZzyUcEGXrw7IaVB!k2uM8z*EVMY)TPhvzlFoA8vlCWY#k*MfugtG(Dx)BLlFDg&r07tYge7%NNX2z6zpPcSSpn&a%"
775,Pier,pier,Bacosi,bacosi,1970-02-15,"Incrocio Turci 55, Stazione Di Furbara",pbacosi243,pier.bacosi14951@example.com,Au9VA.?VeJMsg(l$a&(eR44Iz9FpsHfRs5gqcX9HQsFANVt.AGcqqV0VwdhwURZxZ)squ7J6ARDq%Z(4!5
776,Giulio,giulio,Ubaldi,ubaldi,1961-09-06,"Piazza Accardo 92, Gabbro",gubaldi4322,giulio.ubaldi37152@example.com,"N,g&FaJBFPZPprE4c!wKDsdGP,%USfqzAQkW)B5V2X0VOpeI6yE!E8FP@XncG**57GRS#&YOJ&AS.QvPLOc(Wlc&Yp$P3U1xMMRe$A%37T"
777,Biagio,biagio,Foà,foa,1973-12-07,"Strada Silvio 98, San Prisco",bfoa9555,biagio.foa8894@example.com,"11O*Aj9Beh%)jir0nin,5,88c*TuoY@!Qnf5,BI@QYur@Orvjec"
778,Giampaolo,giampaolo,Iannotti,iannotti,,"Viale Martina 36, Morra De Sanctis",giannotti827,giampaolo.iannotti9542@example.com,Yk3MSXNRD&1341K0?VrLE!Azy?BkUgNDW!w
779,Maurizio,maurizio,Gotti,gotti,2005-05-20,"Contrada Martucci 4, Talana",mgotti3877,maurizio.gotti27954@example.com,"nD(NO)IGk6pDwG#EGdTMd2jAT7d%#5YDtkOEs@aV$A$u,6qI3VnmHW86ukM&TsY@.X(v,)gdXZi,GHhLZe9ML2R0,CRbL0)a#F"
780,Monica,monica,Boiardo,boiardo,2007-09-27,"Piazza Cannizzaro 5, Grado Pineta",mboiardo552,monica.boiardo51810@example.com,"(0.Gwa#Ih&NXEgx!gj,QyLKAI@Y8sjqWjK3aQhvQ#%ieSJT78F*$XgqOSU#F%WAw.?c(o3ROT5K2&d1JvmfOdrg$Jd@bl,VbNIiI*j."
781,Livia,livia,Scalfaro,scalfaro,,"Rotonda Callegari 789, Testaccio D'Ischia",lscalfaro549,livia.scalfaro67348@example.com,GpqZuF4%&f3JdB9Q1tXe8U&uXJys0Q%M&l39ntKaX8cF
782,Lisa,lisa,Ostinelli,ostinelli,1960-07-30,"Incrocio Arnaldo 1, Mese",lostinelli9330,lisa.ostinelli52025@example.com,2shg32sy3y0!QsKN&sHpnm!x04R2URoI1#&lu7yk3t1VsOHp!LjbNhBG(jwA!*E5bEopRTsV1@sSEIRGPcM(NEbc7YPO2)6OMTeWm!ZXXu
783,Calcedonio,calcedonio,Emo,emo,1994-02-08,"Borgo Galilei 77, Vara Superiore",cemo1667,calcedonio.emo33852@example.com,"s$!.?sT&II1rQx89ulvAin6u3qX*zgfhxiMmMny7sxDQMRu(V46U&tvQY61U&xDB63cWTaD3age?GNSWgzfqkOFn(zGoY4l3e#),l"
784,Giustino,giustino,Greggio,greggio,1986-05-02,"Strada Saragat 52, Sermugnano",ggreggio7141,giustino.greggio77571@example.com,@UWzTeEF(5
785,Armando,armando,Marcacci,marcacci,,"Rotonda Martina 2, Rezzanello",amarcacci8111,armando.marcacci82240@example.com,"%MO58DQG%HXXN0m9E@NCdZ#L,ofXSzF9eyzaXjga,fnp50NNtY,%,PeyuI6!U(#,g44"
786,Ippazio,ippazio,Veneziano,veneziano,2005-02-18,"Contrada Calvo 3, Ponte Della Persica",iveneziano1602,ippazio.veneziano40703@example.com,uIiZdJEY6uoG!&Hs5
787,Pier,pier,Micheletti,micheletti,1994-02-25,"Incrocio Vecellio 61, Carpanzano",pmicheletti3019,pier.micheletti51152@example.com,"EnIPM*RrEOMfuZqbLDN*8TWU2J!w7ls2(,M@LWvAnaL*dVJF4U!0)tApT4O?MkiY2P6,vPL&hQ1UNf$n"
788,Raimondo,raimondo,Giradello,giradello,,"Contrada Azeglio 9, Claviere",rgiradello5822,raimondo.giradello63273@example.com,"UG306sU)F3SkG8F?ocG1$RtabDiL6t#%3,omZ3z7dp"
789,Piersanti,piersanti,Grossi,grossi,1988-12-07,"Vicolo Claudia 5, Cedrasco",pgrossi5791,piersanti.grossi58811@example.com,tAj6r6KTA*I*S$sgiQoIEldShyY1hQdEH
790,Raffaellino,raffaellino,Maderno,maderno,,"Via Zacchia 19, Kaltenbrunn",rmaderno5793,raffaellino.maderno46728@example.com,9VmJWYzEdzvuW1!EVvIg#xqHfT4h&qJ$llJ&X7viKRvRGSnlvAW6(Nuc0gH1pHyNQA
791,Ernesto,ernesto,Columbo,columbo,,"Via Arnulfo 664, Almenno San Bartolomeo",ecolumbo3111,ernesto.columbo94503@example.com,CXlranh!L5UF$)o*b@UP6qATPyXC8a$@vN@KJ(5ShvzKo545oLhI1
792,Antonina,antonina,Busoni,busoni,,"Rotonda Monica 529, Pawig",abusoni3205,antonina.busoni89385@example.com,*uPj8C?NUGqp@J%HHgS#xq(G7SrEDJtsetJuotQI*XMJSSg%cObnMVXHyb@y2Fddcvra6600wJaEAI?3BHgNxm4fyLCNjJ4#o?MK?S(*yTL89($kr
793,Alfredo,alfredo,Ludovisi,ludovisi,1999-01-30,"Rotonda Argento 155, Castelnuovo Bozzente",aludovisi7594,alfredo.ludovisi26423@example.com,"Ug#cemo$ED(UNHJhc8SYm,UNVV,YB)CHNLAz$&POH200*bN76vSP3Idu.AJ85ZKU1v0txwt(zKG0j$L?K!$.mRI*ifNo*S3x(L4rO7ZJEnuZPIX0J&eAyYkz?wj4"
794,Gianpietro,gianpietro,Pozzecco,pozzecco,,"Piazza Bonatti 21, Cariglio",gpozzecco7222,gianpietro.pozzecco17295@example.com,E8MOFy&oL4bL2f5Lknfcrx?kG8PjNeRgUV*tg$EFlHqj0F1qeLhNFCO7G$$JogRNPfd%09zdmwJmk2Zrl0JHl10heR
795,Fernanda,fernanda,Udinese,udinese,,"Via Ivo 567, Deliceto",fudinese1129,fernanda.udinese60243@example.com,"i*sA8FR6,#vkXuLOBcGjSjo.BvlvtNB6D#ZR9q,0$lUx?7o%&m&d9p.h4*Fa8k"
796,Ottavio,ottavio,Nicolucci,nicolucci,,"Incrocio Santi 4, Ordona",onicolucci1550,ottavio.nicolucci95608@example.com,yuz#xNKfU8kYmInmD)JFBF26U)Jppfd1JI85ZCT(3&hr4EcR9T#gN&w6Ec1q6IWb8&(maES5VBn88gVH
797,Stefani,stefani,Nadi,nadi,,"Borgo Taliercio 483, Santa Vittoria D'Alba Cinzano",snadi5840,stefani.nadi56083@example.com,tN.V##k&1N
798,Vittorio,vittorio,Ginesio,ginesio,2000-02-22,"Stretto Mazzeo 991, Tamarispa",vginesio4423,vittorio.ginesio55511@example.com,"QhasoMMKuZ7W3laCptSH.X.uO2?TmnCB23SCLA?Cg8Ww9lcA)3HP7Ej,oKn1LvuUs@57xh@(%662M8Wso$hcustRO@01ktcrrQXZQCHI!fP"
799,Aria,aria,Orsini,orsini,1973-03-13,"Rotonda Vendetti 82, Pioppe Di Salvaro",aorsini6456,aria.orsini16623@example.com,nzYD253!T&g#*5pg7
800,Sante,sante,Giannotti,giannotti,2006-10-22,"Incrocio Cirillo 23, Pontestrambo",sgiannotti6551,sante.giannotti27716@example.com,"!g1FotZR$*vL,rr$Hs0kYs1$8E1DB*07irhW80aGItnZ&3W&p.Mkyt0@Uz6wsvQZU)rIS.xGtmDeVQ)"
801,Rita,rita,Mantegna,mantegna,,"Viale Monduzzi 0, Montopoli",rmantegna3519,rita.mantegna42806@example.com,"Snya8UfUcNs%@ng1ZmAA)oduZoj?%W74?#zvFqCHBz!#I7HeoHnb%7U1Nq,3JTETPjkBrpIM87)5C2col"
802,Nino,nino,Petrucci,petrucci,1990-10-18,"Contrada Saverio 54, Monte Isola",npetrucci2979,nino.petrucci42469@example.com,"LoKOtZ%6zDjmviHHDAdeLJq6N,M?S?FLm?RR&W"
803,Simonetta,simonetta,Cadorna,cadorna,,"Incrocio Fantini 34, Collebeato",scadorna4239,simonetta.cadorna21737@example.com,"KGn4$73mP?c?k)NR5ZooVn57Q9HJ@hTi4Tgw)Gi8W#4xDV68eu&drrT3%!R9,WYbX5yuPj%oe304Kym"
804,Adelmo,adelmo,Vendetti,vendetti,,"Vicolo Salandra 39, Condofuri",avendetti522,adelmo.vendetti28017@example.com,uR%yNaiLVu.SgxDdr2C68O#TpCj(%Wu&ccPB6K09BkIbq0R0LAw0@nI9%MDeQGR8B#cM)RGUH#B!.CsLgKG!t@65?Dj
805,Pietro,pietro,Luxardo,luxardo,,"Canale Turchi 30, Villaretto",pluxardo5938,pietro.luxardo39222@example.com,"h4TN%mN(&ovRdH!?3g(v$u7MI1k@mZ@OU35OJqHN4?i.vWWS2XJG?GEk3Paf5l*UAU,&X%3#yo8s6XW9$eMX0fEy20ZoqqyYlMeTWQmmDnXtkT7hycs4QlFpxYO0VLa"
806,Nicolò,nicolo,Cavanna,cavanna,2003-12-19,"Rotonda Vespucci 71, Tonezza Del Cimone",ncavanna7987,nicolo.cavanna81248@example.com,&?CZo#uvoWCg!12bHnEL(s2NRhU35NsX@$#
807,Filippo,filippo,Gremese,gremese,,"Rotonda Curiel 849, Mezzani",fgremese6969,filippo.gremese74249@example.com,"bUW&TYx$*t?fsM,MDf8,AAXn.kWC%11XQZ,!f@BHQc*x@PYjUy75,OWzv@jToAJgqIHmWXbpv4CjFC#A?DT)30#XHExF9n?r9b!@aEY@(sCqb*k(Y5?"
808,Cristina,cristina,Casale,casale,1980-02-07,"Strada Coluccio 116, Fondo",ccasale3701,cristina.casale51988@example.com,0E$@uBxc(MRIWttz8!zn%#1u$%7EU1joN
809,Fabio,fabio,Tarantino,tarantino,,"Viale Gino 5, Villanuova Sul Clisi",ftarantino8759,fabio.tarantino81731@example.com,"0UVnEg3Ka2qtM?3sm4.6$KLFgXTLWmwEdLaIF?FO1a$Zgto9j)F#n(1)h*1viK4EBVEhOOksX)i7Ck4OGG,)?bUD!GM6k&NVZ"
810,Alfio,alfio,Chindamo,chindamo,1969-09-24,"Contrada Livia 45, Presicce",achindamo8092,alfio.chindamo64124@example.com,"4U2AdrBxh7Ra4DGLXUTrAquRDWrL4pb,ylujqjG#q)#fMtr4(jhE,(Vk(PbgzSht741SmnT(YB!*h?3WLXkR3V#Vr@ANHFq,%7kV#)po)FpGylk"
811,Fiamma,fiamma,Cheda,cheda,,"Incrocio Gualtieri 5, Podresca",fcheda2969,fiamma.cheda40046@example.com,Pn59chPedJzNswwL!u3$ysvTDwqY#ZT$
812,Guglielmo,guglielmo,Pozzecco,pozzecco,1967-08-06,"Contrada Eraldo 469, Villaspeciosa",gpozzecco8770,guglielmo.pozzecco96261@example.com,"qNR)WDULN*$8ks)T(u4!LurDDDFBlb%R5v2Oa9SAved)ea8Z*H&%T6zXKvrlxyrM,WmtC,uS7H$k.1c0H0MHmuRb5R7GPWLp)eO"
813,Filippa,filippa,Trupiano,trupiano,1959-11-14,"Stretto Trotta 6, Roghudi",ftrupiano7204,filippa.trupiano60158@example.com,m6Mp3!5dJt6YZu9YiLz#&eEPiAfayR$ihch8K*C2aEvowzxOgahfgLhC#NMWCfWlPl3YWYsY
814,Adriano,adriano,Corcos,corcos,,"Stretto Pucci 279, Staggia Modenese",acorcos2126,adriano.corcos96183@example.com,H6d.y!C*jU@sTCN@m4Rc3IOeHBRk2.(Lba*s(@%W2&sZubi8U
815,Coriolano,coriolano,Contarini,contarini,,"Stretto Borromeo 9, Ales",ccontarini1220,coriolano.contarini38134@example.com,ez6g!HY#ok
816,Laureano,laureano,Norbiato,norbiato,1964-08-04,"Rotonda Dario 378, Rodeneck",lnorbiato3219,laureano.norbiato53346@example.com,XINM)tENBqzlw6izDw0UzQ7mO&ytQCZ1)*Fn!Ha6A5*F4SmGmXkcQulHh7pP!P4bKl(l?D$DRz$1#kL6
817,Enzio,enzio,Trussardi,trussardi,,"Via Mocenigo 18, Moline Di Banale",etrussardi4591,enzio.trussardi44595@example.com,c0TatJM#MbLfa&Crhvg9C*l1TBmDbvA0dRbwGMmWBJksm2?VUIY$1oIg*#?M.d8z*
818,Lolita,lolita,Ossani,ossani,1951-07-01,"Vicolo Sonia 7, San Giorgio Di Pesaro",lossani6229,lolita.ossani41640@example.com,r6cR#hb0R?DD$pnNWHpWv90AUgZfc.WPnc8innJ%S*Fyd%Q?$*d
819,Stefani,stefani,Panzera,panzera,,"Borgo Fiamma 812, Ponte Nuovo",spanzera4302,stefani.panzera43657@example.com,4f@sRr8H7A&msIse@5N!bdlG)4AR&uNw)jcRAi3rrM6ASBZ4M8W!Dn9K8IpgpGWnOR4c?*h$H3.m97
820,Piero,piero,Taccola,taccola,1999-12-28,"Canale Serena 2, Sauris",ptaccola6214,piero.taccola51855@example.com,"c$2*x9WBOwBmIEtLbk,.9li!Q!2Gn%Z"
821,Piergiuseppe,piergiuseppe,Morucci,morucci,,"Viale Carolina 99, Case Scuola Vecchia",pmorucci3239,piergiuseppe.morucci29798@example.com,"3#QeLA!QLnT)P,s74ujvK$i0Lq#OKnLUD3CGz?iy827.gVJkckkX9"
822,Patrizia,patrizia,Pozzecco,pozzecco,,"Canale Germana 65, Costa Masnaga",ppozzecco2097,patrizia.pozzecco42940@example.com,@9ioG6PeKNdQn
823,Luciano,luciano,Ariasso,ariasso,,"Stretto Rolando 0, Foresta",lariasso307,luciano.ariasso43933@example.com,KHpKlxeCua#l)KROCzj1Ftt%@I$YbqiIJat424e4
824,Adamo,adamo,Scarlatti,scarlatti,,"Canale Laureano 294, Sommacolonia",ascarlatti4114,adamo.scarlatti96694@example.com,"@03BHllCLGRmaE)CT04razt(!)qb!LRXzQu%6%I&weVzr2ienj,7#ZEaAgyBujG#HDv*3n5qm1.?SMvJ.Ehj#E@cr@#tU,Pl"
825,Stefani,stefani,Lettiere,lettiere,1945-05-26,"Strada Ezio 585, Cheremule",slettiere7194,stefani.lettiere33206@example.com,!NEOJF#wNnVaG$hZaha78(K2
826,Donna,donna,Opizzi,opizzi,,"Strada Cristina 25, Caroni",dopizzi5997,donna.opizzi87508@example.com,v!u8v31uw)OV0r8Mms!nUUxB%oh)u$Q$HMJ&L#gzh.gQS@?1AEE
827,Adamo,adamo,Sonnino,sonnino,,"Strada Moresi 7, Caneva",asonnino9761,adamo.sonnino20447@example.com,q)1it9hO)XO7v5K
828,Massimiliano,massimiliano,Tropea,tropea,1954-08-01,"Borgo Pincherle 723, Callabiana",mtropea6158,massimiliano.tropea28129@example.com,"I1Owp9Lc2iEkSfRk0C,jXV?GP6ML*fo*W"
829,Mauro,mauro,Babato,babato,,"Rotonda Piermaria 7, Brinzio",mbabato7061,mauro.babato33857@example.com,"#Yad1Hc6Kk5KBVggPWNtA!NDjJuKSgs0)OYFCAc3vw1Ukw5xH*rA@1wffio5yviSzyI5,sm9wgUC1y@00h9Bog?4Cd8HDFFC3ERX#6wb,.YjEwC(aaieL"
830,Luigi,luigi,Quasimodo,quasimodo,,"Via Franco 52, Decimoputzu",lquasimodo3761,luigi.quasimodo32306@example.com,"w5USrRr,7kJGp$?.l0&azglEBByqgpc)Wjc6,yw,7xWH7lVUkp,$bF9gY.CIkO!.x!0f@VuJy)"
831,Donatello,donatello,Bossi,bossi,,"Strada Buscetta 69, Battaglia",dbossi2808,donatello.bossi96062@example.com,PXBB(X124GsZRir0xW#sz)Iga*t
832,Gian,gian,Conte,conte,,"Viale Tiziana 41, San Martino In Badia",gconte6793,gian.conte6878@example.com,E6&?A57lnEOkAR
833,Gioacchino,gioacchino,Pertile,pertile,1979-05-22,"Canale Mariana 616, Pontedera",gpertile2625,gioacchino.pertile14842@example.com,V3@SVuPS5aa&lvQY(c5c8!gjPJyvkQs?@qgC%As?fF(DORk5sP6zoI49xG)AW)BDYNyrQWCDNplF@k
834,Micheletto,micheletto,Battaglia,battaglia,2008-04-19,"Via Aldobrandi 92, Squillace",mbattaglia1403,micheletto.battaglia5381@example.com,"0@Ev8V$MSnq)O)HR.69$i19Zhu$1K9v)81blJg8j&!t#Y2K$Duyv,FYYh6vPAhFC!sschk!dXVw2Y5f5n5e5yY#og6.btxeXXu"
835,Beatrice,beatrice,Ioppi,ioppi,2001-03-19,"Stretto Gustavo 1, Montenero Di Bisaccia",bioppi4302,beatrice.ioppi13747@example.com,"C8&8&12B13gS,p3jQ4oVgkqW4oHeSF?Q2"
836,Leone,leone,Cafarchia,cafarchia,,"Vicolo Carolina 496, Torre Di Paestum",lcafarchia3838,leone.cafarchia84163@example.com,"j$)yIGxETQO9CCiTT!QB$sW1rmcxsLhc7,QPIltnOzfxI1fzXFU!5c@00qR?@GGstuXQq"
837,Sandro,sandro,Casaleggio,casaleggio,,"Strada Zacchia 22, Romanoro",scasaleggio2386,sandro.casaleggio95914@example.com,"jiBHkPwhP0mxr33)NEnntlvY6ub0.cUg7c*OqL2HPxNEg1TjJ.qxViIeivfR(6*.t)4S4*vG4?bIm7NMl2JGd5.oVsghV?lg?RcNv%Is1*THw)bg,1$vKCIc$mK8D"
838,Fulvio,fulvio,Cibin,cibin,,"Viale Liberto 33, La Valle",fcibin551,fulvio.cibin13808@example.com,niLNph4y7Vc@wchqQvm$ZKMkDHi@UU&KVdGGWT&JV#E$Rj
839,Marco,marco,Cundari,cundari,,"Rotonda Stefania 771, Fusara",mcundari9243,marco.cundari58014@example.com,TixwU7Io.i!.kBa.)9HqnW1TrskuSf@W)rJhu)y45)$EvLpTcH4
840,Francesco,francesco,Renier,renier,,"Incrocio Elladio 7, Cerlongo",frenier9449,francesco.renier54241@example.com,"l.B7Uvh@Me#gMK7M1Bo&1RK8Z$AHaQ*$NFic2DqjA*Nu*OY0OV?oDsakyMBrf(8YF5c3jPq%sDb#6nN@,cjKv1L6n!JJqc(hrJlL6w8Kjw8hmi.K@RhRsYdfUaY."
841,Micheletto,micheletto,Romano,romano,2008-04-05,"Rotonda Gadda 85, Pederiva",mromano5673,micheletto.romano56586@example.com,"Rr0O&V*PgSh&,yrBZM#h%k)1r9(HZkb?DktAcoPMGcl8g!iT971F#VV4zYEY%!?n8)3W5G$Lewny5TFPO.@*PINd*L,ALe4Q@UvWe$P"
842,Mattia,mattia,Marenzio,marenzio,1987-11-13,"Contrada Doglioni 75, Felino",mmarenzio8185,mattia.marenzio18257@example.com,"0?I63F8OQmAbRqHxR3@ZlTSALi%1J,9qJpAJvjcU.)&I&MO8!Ssa5A5JPk0YGtS3H6!n0(idXlH2Lbvo0OaNfNrI8kGcVvusxlr3k2Z&"
843,Girolamo,girolamo,Castioni,castioni,1974-09-11,"Rotonda Semitecolo 857, Bagnasco",gcastioni5647,girolamo.castioni33065@example.com,U7Fn3T(Sql.QOaW(DluNwlw!HK8rSjetxM29lCtlA&yXi5O(n#3Hwa0Hwo
844,Paoletta,paoletta,Guarana,guarana,1994-07-12,"Stretto Federici 64, Orzinuovi",pguarana1908,paoletta.guarana98889@example.com,"B&$93@JTGo8pV.s1f?d7UHS4@w)Kh!,Hzd)DT7sWUB!Y@3JoZVC&CH09xcVl6sp!2$fGLm9gg8oMC"
845,Baccio,baccio,Vigorelli,vigorelli,1997-08-16,"Rotonda Mirko 75, Conzano",bvigorelli9450,baccio.vigorelli6816@example.com,"4dHWFprs,4G8M6pRsOXpR@z6ixJj0x0Z22&wYmSAyp@hmxY*G#S,czip"
846,Donna,donna,Vezzali,vezzali,1981-09-06,"Stretto Hugo 6, Usago",dvezzali2172,donna.vezzali24555@example.com,"Jhd4Y159b,uOM$4aZEUUuzW?y4XYoBQ$%rrztGQ%pAGSNGAATh0M.JtCO3MHh)V0t9JrmmKDK?HICD0w(z"
847,Paulina,paulina,Storladi,storladi,,"Stretto Petrassi 21, Mirabella Imbaccari",pstorladi4028,paulina.storladi44382@example.com,"dhCOZpdJNQEbdcRfhyxU%5,hmI4(Fr2g6SVG%*ef6$SmMiHOWqD1"
848,Ornella,ornella,Boiardo,boiardo,1964-12-29,"Incrocio Elena 1, Ziracco",oboiardo3729,ornella.boiardo97784@example.com,1zJHOC*sZFSEX@?fruP)*SkMrkP4ioAoL3EW?CX1CRpe3XltT4N?TeVh8FEFgKZzw(v)0m@Xdpm*Ak6.A?M6P!&ktQ2k
849,Clelia,clelia,Bembo,bembo,1983-09-05,"Borgo Mazzanti 34, Madonna Del Sasso",cbembo7450,clelia.bembo49945@example.com,NpU4(fEyj#sDkH5Hb4AH5AHa86hF!iE%dF4Z2TK09GoHc8BEmho0ItGh6
850,Antonina,antonina,Pellico,pellico,1996-04-19,"Viale Zoppetto 78, Novelle",apellico9131,antonina.pellico54648@example.com,"wa!8fxx@FH2dPN@ww$SUNDZYtMSA#5YF!H1z455JIUvuvwlFX%WSU$WJHt,mcR&FarkBT#2e*Jd?P%@!WalRoJ!X!p%v,h"
851,Amalia,amalia,Scotto,scotto,,"Incrocio Pasqual 1, Cancelli",ascotto9988,amalia.scotto97514@example.com,YNbQg4L?ZtpdfY6(sbf)JJc2JiEnV7VWP
852,Fabrizio,fabrizio,Sanguineti,sanguineti,,"Strada Gremese 991, Casigliano",fsanguineti5541,fabrizio.sanguineti79299@example.com,.xaf6K8Z!$b$B&5t
853,Pomponio,pomponio,Blasi,blasi,1992-03-03,"Via Sinisi 152, Cles",pblasi705,pomponio.blasi22731@example.com,a).?I#W.KMVK4oSueomch*!aO3*c9ux%!YW4AjVoO@R
854,Fabrizia,fabrizia,Natta,natta,1946-04-23,"Rotonda Pausini 937, San Baronto",fnatta4976,fabrizia.natta9471@example.com,"woqj)i(XFds9&&aVY.1J#pDBy0VjRmWkaUpB$rJzo.EQ0.8RB26XAlpTRNymWkxR9C*nVao5wRv%i.,w,6Q$mpH9DmH4B)Lj?u0Pa3XLl%"
855,Maura,maura,Saffi,saffi,1984-12-24,"Contrada Dino 37, Fratta Terme",msaffi4534,maura.saffi88396@example.com,"NfToK0ZkhNFIA5O)5S7,?cl&AN%LZ#G1q9rZ7cW#wZt7&!JvEp&o*J(oKdL)$7i?#(UEhZGT)*pdW?rrey8yvH,UPDAmYshXjGTp?e*HR1fcUgzQIo6583KBik7"
856,Amedeo,amedeo,Golgi,golgi,1983-01-13,"Stretto Gualtieri 335, Felino",agolgi4284,amedeo.golgi64185@example.com,!9FY(g4hUVlz6Af4
857,Orlando,orlando,Fogazzaro,fogazzaro,1963-03-14,"Via Piovani 329, Breda Cisoni",ofogazzaro141,orlando.fogazzaro58593@example.com,"G5cA!(Vp.nC$x&ZPq4wStwgxy8W#,(vIJdTSHQBq3*G92wBGx7w@Z!%Sa2Q%fO27j!khTCRU%!Fbs6qzr2Iwo9w"
858,Goffredo,goffredo,Tosto,tosto,1995-02-21,"Vicolo Acerbi 8, Transacqua",gtosto312,goffredo.tosto62343@example.com,"#diqUdZDJl!.g,neX4cO*RC*uFmr?ssYXlxuuMyKvSCnd37DyRnh%eTIsQy,GP6YJuXY$hGDgWpX8rlkXaGhtUzm(?#N)ngcr$q**bDrEQS0V3m12n%re0G5Ah&r"
859,Gloria,gloria,Donatoni,donatoni,,"Canale Bertoni 614, Canzo",gdonatoni4087,gloria.donatoni18302@example.com,"Iu51JID,rj1%p20Y"
860,Chiara,chiara,Borsellino,borsellino,1970-02-07,"Borgo Pierina 8, Corna Imagna",cborsellino9180,chiara.borsellino68825@example.com,C@j#8UzpeaTVWzt7JU.obE6Vtf*gZCcHlx
861,Germana,germana,Trillini,trillini,1996-10-28,"Vicolo Enrico 9, Agrate Conturbia",gtrillini7384,germana.trillini23216@example.com,Q)!e4SMk$sNh57WdMR88
862,Romana,romana,Gelli,gelli,1947-12-24,"Strada Marissa 63, Casore Del Monte",rgelli488,romana.gelli4681@example.com,"6&Ij765*mFLOYcqqYw0sVsL6UKK1R#pcg6W&EkMUBG&LKb,t%!#yY%r,P$.yl1(o6*gthZ(XuK81K!Gb)?me"
863,Giorgio,giorgio,Bernini,bernini,,"Rotonda Mannoia 9, Casacanditella",gbernini8462,giorgio.bernini37227@example.com,"xMb*7Qo#aJEv*J,MTDsOjz%ySDzVME)AEHSJYr3MuiNWIopm5#f.BbW,7&GIzu.2o9RcOp$OTD3.Nh2)KX2"
864,Edoardo,edoardo,Travaglio,travaglio,,"Incrocio Roberta 863, Sant'Ilario Ligure",etravaglio9342,edoardo.travaglio16179@example.com,"DSu$otS$bRcHW56h@&x,aU,)vQ8SLPxF"
865,Laureano,laureano,Metella,metella,2006-05-07,"Piazza Polesel 20, Bonefro",lmetella6975,laureano.metella47123@example.com,bk0J&s5p239@IFf4FbiGb1P7t86j)YlKovu!5JjfT)!Fhyll!IpKEO81$S
866,Vincentio,vincentio,Pedroni,pedroni,1984-02-28,"Viale Vigliotti 0, Motticella",vpedroni8014,vincentio.pedroni19127@example.com,"z@ZXF,SCZC6u&8nn2)Ng.3Hh8ejkc**vGaz@"
867,Leonardo,leonardo,Murialdo,murialdo,,"Piazza Romolo 99, Caprara",lmurialdo839,leonardo.murialdo92482@example.com,"b?3r.OKPg4XOBu4jJ91cv1L*1F6Be!Majh8ZiSiJY(sYG$c1aZ2BMzlas,3qjvQQ0AREUtIx"
868,Pietro,pietro,Vecoli,vecoli,,"Contrada Battelli 1, Pietralta",pvecoli1805,pietro.vecoli86832@example.com,HZiw08gA%IYFm@7qUp01o
869,Tonino,tonino,Toso,toso,,"Rotonda Corrado 26, Motta Baluffi",ttoso2469,tonino.toso36758@example.com,"xPMMHaCtPou2ajxmN#0F?3d#G,,9wXxN%z3lU7AqL5B?n,T3dzi,UYZuZAjV1DLsz1QPQ*d2$7ldB#(6JkK4x,hYRSO4pOgnaJ%w41iYptOcJpr),DBOoKyS,"
870,Giorgia,giorgia,Ruffini,ruffini,,"Canale Michelotto 78, Montefegatesi",gruffini939,giorgia.ruffini43857@example.com,w#Ce%RiHGq6%WsMbUR8o@5XeYb3tJojX6qitPf8c#hgFICCsL
871,Ermenegildo,ermenegildo,Totino,totino,,"Incrocio Muratori 31, Murazzano",etotino7145,ermenegildo.totino4290@example.com,?vkjLxmPu!xDd4oJ$dvCThxkOlXxjn6srPD0V7?Q.orQV@Mcdg#.*FOln$!7ZVVZfGbE2#bVk0cyhQq1lCJadUC0!tqPy.j)E0B
872,Alessandro,alessandro,Letta,letta,,"Piazza Lolita 88, Voltago Agordino",aletta4085,alessandro.letta74165@example.com,"0,TD2$FQ#QW9$Rk*O@03uwYLYBLJ&fljLnCpeA8eFoq2Zfl??eMi4t0sgY*xfDciv(&e$pB5Z?(OBOBFTCo&y#pQ(mEzl$WY7FE"
873,Lazzaro,lazzaro,Canevascini,canevascini,1979-11-16,"Vicolo Alfredo 46, Rocca Sinibalda",lcanevascini3663,lazzaro.canevascini55162@example.com,6uhAU%FTrXhO8(L
874,Guido,guido,Stein,stein,1982-11-21,"Incrocio Leone 26, Bovo",gstein5936,guido.stein52564@example.com,8mrE9MXYuH)i(6WRecJ1iknndn9e1WDl7a
875,Olga,olga,Ferraris,ferraris,2003-01-29,"Stretto Sylvia 8, Castelnuovo D'Elsa",oferraris4015,olga.ferraris53712@example.com,*ns@(%?zG(jin&*s9Lu&CeL?Ht.Yxa0#KuXZi!RoOX8
876,Telemaco,telemaco,Marino,marino,,"Rotonda Corbo 94, Anoia Superiore",tmarino7605,telemaco.marino7488@example.com,"puKN((eQaPPTbNyoF,y*&?76ae3sIzeIIian$H3*8mxlh"
877,Calcedonio,calcedonio,Vittadello,vittadello,,"Rotonda Soffici 59, Loceri",cvittadello2759,calcedonio.vittadello83196@example.com,"ccp0!@Me7YSM(M(Z?fwjLQj7T3*Q8DBp,eaV)o&5i#0Y0isJ?28"
878,Ivan,ivan,Lovato,lovato,,"Vicolo Stucchi 33, San Giorio Di Susa",ilovato5752,ivan.lovato47277@example.com,n.!y3Gp2S@hJrG)4SsWz#S1o2OREcJ2sHTaE6Sfw4DnRq%wU)42W?E?iw&fk2zw
879,Coluccio,coluccio,Borromeo,borromeo,1978-07-24,"Contrada Lina 9, Viu'",cborromeo8924,coluccio.borromeo62270@example.com,"$,KUN$?EBOWH@Nyvz%7PpeqlC3,0@tSrg(a,hK0e*Trb*O6&oBLU@a8mG.XIZu1Fk9N8Q$2YCFy,*6n08zzD$nodAIU@4fzOq*D8f35cUv"
880,Paola,paola,Visconti,visconti,,"Viale Temistocle 5, Poli",pvisconti3478,paola.visconti77498@example.com,P)qVRTMVq1vCFMrqgmsOKfvQiNqfo0j9hAdvpVNjAqJ47sVCqa.!PO157jH$Gyd!#ZimaXr.EyoezE$3EGyBPtg(q)Bh4Q
881,Bruno,bruno,Camilleri,camilleri,2001-05-28,"Incrocio Salata 61, Giulianello",bcamilleri8441,bruno.camilleri47838@example.com,"Iam)iU2wFM7eZdJV#AHt*vrXOQ?3T3PEcC@BvuMcxmGv09.lQ#@Mu)y*1nY0XRAI18.asGsJwtkT6z5k1IdfX2KGVR27l6,)E"
882,Dionigi,dionigi,Papafava,papafava,1965-04-05,"Strada Vecoli 0, Torrita",dpapafava7658,dionigi.papafava2341@example.com,"#4N9XV,1gs5T(08((0SNLRE.)q9rCcH&O8At"
883,Aurora,aurora,Ossola,ossola,,"Canale Chinnici 921, Rigolizia",aossola9198,aurora.ossola88182@example.com,1v!Ijiu6K.CCPxTHw5s0OQ(QqDx!1%k.KP&68eu7u#pgeY#WCPlc43K4oX
884,Biagio,biagio,Emo,emo,2004-10-13,"Vicolo Donatello 0, Poffabro",bemo4839,biagio.emo85249@example.com,"xsrB5r&oMW3dCi4w8vj7a9iF#73Oy?SsyFy,TjtiQ&hXc8%wBL79EJh.SCwKOE6T$TK0.9uD?EKx!(%V5XeeB&W,nrjMaOAF1i.ZRCQmo&sDk"
885,Ottone,ottone,Capone,capone,,"Borgo Gasperi 1, Nobile",ocapone5936,ottone.capone10622@example.com,"bskfhCq?IlzSG6*2G(wdhZonyv0CVY.Rn%3Lu,YL55%nd4FlFQ@fsgwR78xUb2XEn2!#Wk6otXCtCzSksyeJ5islXEEp"
886,Michela,michela,Visconti,visconti,1996-08-13,"Strada Lidia 0, Faie",mvisconti6886,michela.visconti56219@example.com,"XhxwsbNbW%W,X03q1WHELUl%7jzAHP21*NT&KspT&&mVWFj8GR4mo)0obtz9jI$Z#n@dt!"
887,Sole,sole,Bembo,bembo,,"Viale Monaco 9, Alfero",sbembo9330,sole.bembo12203@example.com,OjYq?hVRotR5!PVCDS)W7GRLHuQz7H@739i
888,Vittoria,vittoria,Padovano,padovano,1980-12-29,"Borgo Pier 3, Ronchi Di Campanile",vpadovano5589,vittoria.padovano48274@example.com,"MsnfX0@P@z8j#BzR!uGcXfX6x,2Cmf(%)#AhAqwn"
889,Nina,nina,Franzese,franzese,,"Stretto Nicola 692, Coldragone",nfranzese5785,nina.franzese47346@example.com,"b60e(%Gh1bNJsiztQd*G,QXE)QRE2llRKpri2SY%eB.5sx*k)7pIN"
890,Diana,diana,Trussardi,trussardi,,"Contrada Lucio 50, Strongoli",dtrussardi6747,diana.trussardi92909@example.com,"6xJ9QCQbMaxa@2#*oGl.aa!yL.Q$@eBS5023mmilj*ca*bmojmMda1Mu%wC0sg0Q,taDa.#7?.e%5.u(6O*o!r5d?fHV1zpV,@uosPWLUE,B*V"
891,Lina,lina,Bembo,bembo,,"Viale Arnulfo 468, Santa Cecilia Di Eboli",lbembo6144,lina.bembo7631@example.com,"S2O*RawG*N1,tBI($ws3xr!9uZgHB3Vp#z@e7U)emEh0#RvTG"
892,Renata,renata,Solari,solari,1961-10-03,"Vicolo Pucci 33, Poggio Fidoni",rsolari9628,renata.solari87549@example.com,"%cmxauq2a(u6pk@NC1(Mjm6Dvigd5b&)(4kdJdGil2TPYs?02kOYt,I6EamW1C6"
893,Rembrandt,rembrandt,Castellitto,castellitto,1994-10-09,"Borgo Mercedes 56, Bandino",rcastellitto6644,rembrandt.castellitto34912@example.com,XcIzFP94z6ihd#gs*O2%CTfcK.8m%
894,Renzo,renzo,Foà,foa,,"Via Agnolo 970, Villaggio Del Sole",rfoa6192,renzo.foa87630@example.com,rTEok!HL&9kC%weLk9E.oTM1HF@0
895,Cesare,cesare,Cignaroli,cignaroli,1948-10-09,"Canale Gaetano 62, Vigne Di Castrovillari",ccignaroli699,cesare.cignaroli73081@example.com,"D#&mcKx&@PHkn4w4yqZTQd(@V,i2NQBVGD@,obw*POE1.l"
896,Ottavio,ottavio,Spinelli,spinelli,1996-01-09,"Viale Comisso 9, Wengen/La Val",ospinelli532,ottavio.spinelli53085@example.com,jp2?l*Ya)r!Ij&Bu9uUhksnRxey*F%Kmc!kxcgQCCVnoiY@6zH7yizQgTbgK!OzEGXcZh)z*4FyUV0ks?uw2z3gnS.C7PznX!*wRmYn87W
897,Nadia,nadia,Pisani,pisani,,"Vicolo Interiano 8, Sessame",npisani5543,nadia.pisani11994@example.com,"&dyrY6IdBZ$Dc&1pzBu3O0J!N9$dU!2wkpznxvuv6pke7X1XB!Nc*8Sn,&RKqqimxbe1Cx22LEGp4pye,)srLF&xY$fyI#OHM(HK"
898,Lara,lara,Berengario,berengario,,"Viale Severino 8, San Polo Di Piave",lberengario7144,lara.berengario50304@example.com,O7*AOoJrET0v#*qTaB(#Bn6Yd#BkpITQSWwEmkf9S3mW1u?t3*H(66?iKMHnxjCygrGYX)WX0Qt98qvLS@RtsPvtGGChfz
899,Raimondo,raimondo,Gangemi,gangemi,2004-05-19,"Borgo Verdone 92, Motta Baluffi",rgangemi7994,raimondo.gangemi77108@example.com,tG@lYHG50ebFCY(c#wq@HEHlH$2nEg3vRA*xu5Zqq7ncW)?0#Yp9%@?UY&v%K@vk8NS
900,Ornella,ornella,Ludovisi,ludovisi,1963-12-31,"Piazza Vincenza 60, Priocca",oludovisi9200,ornella.ludovisi41647@example.com,$!Q7iM)lVf8uiqsu7)(81d%p20T6uIGRiILyRjRQokxvauL?LFrD)
901,Gionata,gionata,Bajardi,bajardi,2007-10-24,"Vicolo Antonioni 941, Massa Santa Lucia",gbajardi4412,gionata.bajardi36772@example.com,)*MUi8ldhD2yV@1mlMTmFdlm&RIQJNg!c$nV$6m$W)9tp2)ShKi5gryyRE)#yCRJx0QRL%UrHqcMPAc.@v
902,Renata,renata,Trentin,trentin,,"Borgo Cutuli 468, Marina Di Altidona",rtrentin3215,renata.trentin7939@example.com,w9VTE)#yYF?h)d(q!$NxYna5XnaSpiuBQ7R7
903,Elmo,elmo,Verdone,verdone,1982-10-08,"Strada Pirelli 20, Scifelli",everdone9170,elmo.verdone24080@example.com,OAEwW0ON$19I5NkO?!2U42!VO6EUf?sIfnjb4RmV8Fl.?WLb&!tqVGS0SPh6B@m(T22zjoBfqX4uhN*MT%ysh2
904,Baccio,baccio,Scarlatti,scarlatti,1973-02-17,"Piazza Cesare 56, Bovegno",bscarlatti2650,baccio.scarlatti7219@example.com,6kG0Tla(Iixj#ch*.2.J4!
905,Eleanora,eleanora,Giolitti,giolitti,1978-03-29,"Stretto Gatto 28, Leopardi",egiolitti6614,eleanora.giolitti93067@example.com,"t?3uwyrXxd.,1scZ@m2IF)#ytPPiexRyBcpFy2KKx%sxv77MX(fViaPfgi9#X&,Qwx3ATr2p4"
906,Anita,anita,Brunello,brunello,,"Borgo Paruta 766, Velina",abrunello8732,anita.brunello60927@example.com,"wF#@L*MoSa0hYPAFCSkcbt(yI2sM9,Z#8J*yhSh0z*2sRNG4Gy$.x371"
907,Torquato,torquato,Anichini,anichini,1946-06-29,"Viale Ermenegildo 89, Lamie Di Olimpie",tanichini4466,torquato.anichini35757@example.com,"hZ1VjaeGGVYs9b(#7g@4eMCgNr*W#(2jBPTVd$rXFwGbV?Lvt$,V1XsChqwIl%h7GL48"
908,Lucio,lucio,Puglisi,puglisi,,"Contrada Susanna 99, Torri In Sabina",lpuglisi8496,lucio.puglisi25770@example.com,"DQR3pQRLnx$x%@%FO3a1ND8Z5kZZNk5du6kihD$kYX7$q2X?vPKm,t&UJ4!AeHXtf3rAEdB7O4CCGJ"
909,Massimo,massimo,Tutino,tutino,1984-02-28,"Strada Florio 27, Olmo",mtutino2025,massimo.tutino6649@example.com,"KdYhW?RR0DpBUF,co1Am*viJNTPJ7sOHAKpEyUWwKL#qN1uEPA3KWT,Xbtt#nYdjv!7rW1e#*uJ$tAxaUSac.Yc$J7sIBBXezt%4r?pWt3R?4JHgE&q#QaL*Xz8P"
910,Vittorio,vittorio,Tassoni,tassoni,2002-12-26,"Borgo Severino 89, Rivoli Veronese",vtassoni8348,vittorio.tassoni51702@example.com,"1H9HahJv)@FYXYTFsH,yBY!)@Ip#p7$e&@qCGfwnt1)NJJjV*O5x)3@OM.?o4H0Krv&FBq$w)EQLaXHVnzXlR)5wmE#@qac(wEsjR84?"
911,Valerio,valerio,Sibilia,sibilia,,"Via Lisa 598, Bosco Chiesanuova",vsibilia828,valerio.sibilia16717@example.com,"N)**L.,Hpqa@rbtH*hZj3eB9$O5h#5K0Zw,9rGHOi$WI2ui##RwDeCm1,7.iVTf@UiOffQ)EI.)RX)MuJ"
912,Dionigi,dionigi,Caironi,caironi,,"Via Foscari 68, Campoformido",dcaironi2054,dionigi.caironi81247@example.com,")f.gMTr4oK?P#G8vjQwWj#W,GwqtNs?,dhHKx)e!V4CdjFy!ArQ21#d"
913,Ilaria,ilaria,Villadicani,villadicani,1951-05-23,"Strada Micheletti 37, Pastorano",ivilladicani6680,ilaria.villadicani24008@example.com,H8OFx4@R(jKSB#tT?%(2#LBsHtsMa!V6Jaj%b13q)j!x49u.!kjn
914,Maurizio,maurizio,Casini,casini,,"Via Cirillo 41, Buonabitacolo",mcasini1803,maurizio.casini31548@example.com,"U(Uf6miC)UGGXN26Ixm$4xui(ikqtHSUOW!R!$hq%O,%5%5vBYL9Xz8AboLGmh8i#Rq0PUI.!Hwd6MSL#n!*s*"
915,Greco,greco,Callegari,callegari,,"Contrada Zoppetto 197, Gavazzana",gcallegari8337,greco.callegari80579@example.com,%0AFMDgLgOK8WaYkrwOUSq
916,Giuseppina,giuseppina,Grassi,grassi,1977-03-13,"Vicolo Galilei 166, Castel Di Tora",ggrassi4524,giuseppina.grassi21013@example.com,scbWJ7aw8(WrZpZr6CWbK20o?ecvV6qkZJT
917,Dante,dante,Jacuzzi,jacuzzi,2006-03-24,"Strada Sonia 2, Rosello",djacuzzi1886,dante.jacuzzi82994@example.com,Xu!nU3O8x1jsI83aX2EqbiJNyspfBsOMV1B68RDE0451ZXaAt)DaE2v933YgPfqsTRwOdZY%DzUTXhgI.)xQQt&STghcey
918,Tullio,tullio,Morellato,morellato,,"Rotonda Massimo 18, Avilla",tmorellato9567,tullio.morellato51608@example.com,"#?I6kHgzU#7CHf92y$&umAnh,!V?.44#dwcqIHq&sERo5Ns9Vq5WK2K8Fs"
919,Matteo,matteo,Ceschi,ceschi,1960-09-04,"Rotonda Gilardoni 740, Deposito Di Luzzi",mceschi4110,matteo.ceschi50873@example.com,"9M(S&?bq7acLbD)hq#E?b3gv9Bq@b?KvW.0rp,SuQkTFmMIbBi47pwa*FR*)rsTmggj9Q@yYa&FbZuVH2MH@W9%Usv.%#xr?67"
920,Nicola,nicola,Porcellato,porcellato,,"Strada Bertoli 381, Cacciano",nporcellato8877,nicola.porcellato96087@example.com,"i0Upf,7y,uX1,FDYy28OWA2UaNNEcX(f9@xq"
921,Aria,aria,Boaga,boaga,1995-02-08,"Vicolo Anguissola 280, Tricarico",aboaga2325,aria.boaga2918@example.com,9BZKrfNaLreB31vIFC&OM&ZyC#eSgYMoOZnM!6uExVUK!scE#&%EoYdj*CRwjKl%nxk#ZwyxGKmHOF&KYzvzSzK8wrA0L3FQ#&WqLrW*zBQEdoL
922,Luigina,luigina,Morucci,morucci,,"Borgo Tremonti 558, Ramuscello",lmorucci6777,luigina.morucci58937@example.com,$qnD*fj%SEDG3XJV#uO%13$GCrq@gkzO3l#2(JEAJD4%z$2M$hg#%%@6!m7hu)Qifd?W72L$%
923,Pierina,pierina,Gramsci,gramsci,,"Incrocio Rubbia 60, Isolella",pgramsci1335,pierina.gramsci57818@example.com,m&FW%eIaT6niVm$IzmZU)&uXus?Yax9k5Q%@uHR@T9MQ!008)mrHm%GCzY8!iFVBIzb1p%oxUoUSvGNaXAI1acpzYzEuL6szr!b?kwc&#nTYShdLG
924,Stefania,stefania,Bodoni,bodoni,1980-06-23,"Borgo Biagio 726, Piane Di Falerone",sbodoni1561,stefania.bodoni58723@example.com,.)D5jlU?*Opqv3UnrCv9@RV8eTSRXqS0)Fn(6m8peU$jNMHB!R0)GWD&LenE?Vybxw0Q2BjtUaIujxH@vZGQParWq)QCv()8u
925,Ninetta,ninetta,Taliani,taliani,,"Vicolo Margherita 59, Barcarola",ntaliani4752,ninetta.taliani37257@example.com,"?Mk0C.Mbuk9o!pNQbQicN561%aa1!@p#77jpXb.(XJdlB8,G?M92qf(HZvqCHND?2Bh*%(65Te*d%NS"
926,Pasqual,pasqual,Verri,verri,,"Vicolo Ludovisi 495, San Damaso",pverri3428,pasqual.verri77361@example.com,"bgDNUD1eaL$#2h.py2tLZR@1ZjCybHvwU.0z%az.eFbB7axd8lLoxFl4Tc5W?.TsP4,rFovMUrzQ%x7YA*.6At8Z!Ov$!gsnjKlvrm3wm@@%bU,,YA"
927,Nanni,nanni,Udinesi,udinesi,1992-10-11,"Rotonda Angeli 68, Portella",nudinesi829,nanni.udinesi96596@example.com,O*HBhw1Dj!sKeFqPlEO*m5bFhaM)KO
928,Anita,anita,Manzoni,manzoni,,"Contrada Bonaventura 7, Grotte Santo Stefano",amanzoni9300,anita.manzoni89001@example.com,z(jlQJ55exwKwHUEeam!%zaPSzl3dlKClXmr9XdC&e9u)gsAvq%vwG40D2viOi4jkTwnCLDxY@oZsWN*w3p3y$wCl8?yc*dQGUxhXwQZc.%*p0x*NIFb&1P
929,Luigi,luigi,Vercelloni,vercelloni,1977-04-24,"Via Bevilacqua 33, Fontanelle Casasanta",lvercelloni8398,luigi.vercelloni89195@example.com,5Ve1BeFIgEp&Jo$y!5PJTc(.5C4YK&u47ZIx9Uq44rNm*$fGyoN@DTGcy8Zbed@rw!M4(g%LReXpGG
930,Simonetta,simonetta,Galvani,galvani,,"Strada Baggio 2, Remedello",sgalvani2914,simonetta.galvani95973@example.com,t2k&muyCbuNgHy(*ijbMVa?bNEoJ2Z
931,Gaspare,gaspare,Blasi,blasi,1970-03-14,"Vicolo Ferdinando 83, Altomonte",gblasi6730,gaspare.blasi77440@example.com,9Mcp?@yOL!.*YdktUKoK#9*JhCMJ*M8rt&..$0kn!dzLS8IFUXwy!DB$i#$S9AMd*PUx9D9wR58b#a
932,Martino,martino,Dandolo,dandolo,,"Vicolo Martina 611, Piobesi Torinese",mdandolo8767,martino.dandolo74463@example.com,3@R2&8f!GA
933,Alderano,alderano,Morucci,morucci,,"Rotonda Cammarata 29, Crusinallo",amorucci8500,alderano.morucci14472@example.com,"bZG)T!Jut%rJM&))&dkC!OivpWrDhH6uO,AP8pU3JXEkXzV7)VUFJRpFY6b6CjwcZXQjTSBy##qkBVJlWhJwkcUsBymgKBKpgdC7ufE%5Hvx6Sz$fFOH"
934,Olga,olga,Asprucci,asprucci,,"Piazza Baldassare 986, Staletti",oasprucci4767,olga.asprucci19214@example.com,"XUbfcPoFlOXvRSHXnu,I%@O(XNX$f?E$1%w@y&vSeL)8m*&,qKFIGEX#(F6cA05)U47gLOK"
935,Marcella,marcella,Trentini,trentini,,"Viale Barbara 19, Cascina Elisa",mtrentini8411,marcella.trentini31405@example.com,1ru2)%YMrW1%V(
936,Monica,monica,Crespi,crespi,1964-03-16,"Rotonda Ficino 29, Macine",mcrespi3018,monica.crespi59200@example.com,"1)BZA6tkn0D6xbERUxbm%B,lBswTVZ&Q6qAd08UpjOw(i2.dqV4suEKkBInzrOE!)D(GX@M%cI2V,K93t6ywI.C?i6jjEuH"
937,Eleanora,eleanora,Treccani,treccani,1974-09-22,"Viale Fiorenzo 5, Castel Di Tusa",etreccani2996,eleanora.treccani43599@example.com,",bgEMcUk12TkP@o#IuaS?Oep34#3G4aH!ZVPRsOddi4k86rtlItGc70l%hZd%0Wdp.TkEAs5(xhrljnPxgstZB?RM1x0WHgJKp1EdRQicv86s6E3n8"
938,Livio,livio,Berlusconi,berlusconi,,"Viale Taliercio 32, Forte Village",lberlusconi3588,livio.berlusconi63731@example.com,XIh).RcMVNvI9rV!PiIg6KwDb&fLz(E$gPG1LWTveBGbWTiz%5KX%JSI8Vq&j#HL$g$NXtqq5aj%80sz$)!2)P%P#3eC$?iw
939,Ruggiero,ruggiero,Agostini,agostini,,"Incrocio Gentilini 727, Castino",ragostini2967,ruggiero.agostini95104@example.com,Eyf4U0JJyvYUh?UgUC%J3Hq.bq@qtwdSEHw1%%6GlUlEJwV
940,Ignazio,ignazio,Gianinazzi,gianinazzi,1978-02-23,"Piazza Pomponio 147, Piuro",igianinazzi5174,ignazio.gianinazzi84762@example.com,"ndye7O6cwAHr@9Bc1@0g4loCkBQ9Q*N74%3a?I$AQvz$9slF&aLa%t1Lrq$!Fsc5,)3rcLkMt(Za6ZyzLyoGT3!Fy&pg72n34)f0)cK(M4V4"
941,Paride,paride,Bertolucci,bertolucci,,"Strada Raimondo 17, Cropalati",pbertolucci9863,paride.bertolucci89481@example.com,(HPTATizs!Lbx429djtGK)E12nlYZ&c48NY2F4)T.WUNVQG9rc
942,Chiara,chiara,Botticelli,botticelli,1965-03-29,"Canale Irma 9, Corvino San Quirico",cbotticelli671,chiara.botticelli70618@example.com,QeTNU&SM95sn(%(
943,Bartolomeo,bartolomeo,Giannini,giannini,,"Piazza Cecilia 85, Castelchiodato",bgiannini8096,bartolomeo.giannini10445@example.com,"SfC48EAH#h1J)bKvVk&cgVBFm5L,!P#3FyrL@jZZggSL3rqEq@2?KqX(17Ng2diUemIX,V9@7mpJ)6%KqD3ATyUlZ)GSy(Q,GnZAFxV(eWcw73"
944,Fausto,fausto,Tutino,tutino,,"Rotonda Damiano 537, Monticello Brianza",ftutino5899,fausto.tutino62882@example.com,"aK5nme$go)8%Ej)4GEpbX7aFpKAv2kqw)H3cWcC1XKHfYUK)R,fM!o6oTCh1nrdYcoW4nskn1cw6eQJO!#r5hI!mwUa8#$2vs47!rD$mEHw7Q!s34E4q2yzvWaNaXx$S"
945,Jacopo,jacopo,Accardo,accardo,,"Strada Alessia 856, Arpinova",jaccardo7962,jacopo.accardo18005@example.com,"QOtXe3Cy!I&KCCNub##7t.gdmS(,)?,8WXJWiH7d#%oBIgI(4cr9QkkS4AoR,QZ%?Q$9cikD2Of!1H7jZ"
946,Luisa,luisa,Tresoldi,tresoldi,,"Stretto Luchino 60, Barzago",ltresoldi7739,luisa.tresoldi55255@example.com,(Xah!AlV1QYBq#sdA&fnC)nCVDkIY?FgP1dYWPBu9H6Z$4nw)7NS&Cwy%33P1$MMiECvu96NIw89ZAOY3H(*P7q%X!
947,Ranieri,ranieri,Caccioppoli,caccioppoli,,"Via Sabatino 714, Filighera",rcaccioppoli8953,ranieri.caccioppoli90423@example.com,0rb8FfP3@PVs3S68&F87I#mxrBuke6TB*aVK0Xog9X4rNepQLHJZ11yhNNXZKc&Xuw@1y%XyR7tUI(hLwEf7@vE494eQt&39%x$wljuFJPUCrFQE
948,Silvia,silvia,Inzaghi,inzaghi,1973-03-12,"Strada Ricciardi 9, Milici",sinzaghi6144,silvia.inzaghi28261@example.com,"Iq3H@m$8SG,Y0I3JRTs%"
949,Eraldo,eraldo,Calgari,calgari,,"Contrada Lucio 86, Pineta",ecalgari5025,eraldo.calgari71722@example.com,9e?(RHxs2qoMvZKbWJbothxhPqDgCrt%pWnw3(LW2(O*m.#ha?lv9*6
950,Fabio,fabio,Agostinelli,agostinelli,1999-08-15,"Rotonda Calogero 564, Picerno",fagostinelli3429,fabio.agostinelli96692@example.com,dn#KN*Ec8&EuOdeGaCvqY2UB?kB6u@e#iYqHo5(@fhrERjMK9HpnIjHe1NF05&Z2(3LR7p3W%N2tyh5)#lX2?.DMKSN.B9ex4ImrVyKa)A)L
951,Osvaldo,osvaldo,Pisaroni,pisaroni,,"Vicolo Erika 466, Cassingheno",opisaroni3887,osvaldo.pisaroni45580@example.com,PY)zjH2tUt!MH)s!aT))cvmoE%9SXqjHAPo)9.&Rfn6Nh67BJCLXFPIQBwhenz2Huz1bzxpg8PT.1WRGnsS)S)yI
952,Elisa,elisa,Binaghi,binaghi,1992-11-17,"Via Tasca 57, Vindoli",ebinaghi4076,elisa.binaghi86722@example.com,"LQ5fusgWG8wb#c#gUItXDio!mab5L47J@Od8)2,W2.,tGvOWXZGYXw8&mHr4)3$Lf?e4U)mXohj?T#i4aQLGE64Bp)u%cAmz#(efBN5kuQ3W1f$l)iF"
953,Pompeo,pompeo,Toscanini,toscanini,,"Rotonda Ugolino 32, Banchette",ptoscanini412,pompeo.toscanini35966@example.com,jQPJQcEBjdzjX)e4J5tYDk4ppc4b)rAI@j$D)LtD%tBC7Sq6mgk8#w
954,Enzo,enzo,Pagliaro,pagliaro,1952-04-03,"Incrocio Bellucci 5, Regalbuto",epagliaro7025,enzo.pagliaro83189@example.com,8u#G.2h&OBUD%l2)N)
955,Maria,maria,Scalera,scalera,1975-01-11,"Stretto Cocci 432, Guardabosone",mscalera591,maria.scalera71195@example.com,"hGr3t?G(eZ?zKS*m30Fp3U@uCv.0mtY8AqAG34,AO5vQsr73Y3xgTr3i,8rEwBF)OS528(3#IHiP(D%XBFhT$EC5YD1Vv,bbB)oH3iZ5KQ8oJ2Od1st1)u@1m"
956,Federigo,federigo,Bembo,bembo,2002-11-07,"Contrada Stefania 2, Monteguiduccio",fbembo4714,federigo.bembo96499@example.com,)CH9b!R2ct%vKg7)F7crTZFZT#kh9z1IFko%QO1cjF5d6PCFam$tLe%1kh
957,Gemma,gemma,Ferrabosco,ferrabosco,,"Via Adamo 37, Gesico",gferrabosco9139,gemma.ferrabosco50264@example.com,qkHklJFAujI$%Wip$Hg&c8aBat61B?A!KKZ6r.MCNpa@SmjM9Z(qVfClBZB2GfT.GsiUEM6qnQ@XCD1P
958,Vincenzo,vincenzo,Veltroni,veltroni,1976-04-08,"Contrada Toscanini 48, Marina Di Andora",vveltroni2908,vincenzo.veltroni30789@example.com,9mCUdi?N1&KFb@YSVZTvQL*dRVUjE@xk@rl1u2!$%K8eFW9#hSw)WNG)Nxl5jLUzecv$9!Xi0Y4@U(%MW5pdK.J(f4
959,Nedda,nedda,Sanudo,sanudo,1994-01-24,"Incrocio Silvia 45, Lisciano",nsanudo5349,nedda.sanudo51528@example.com,"g)Iq1E!hhFmFDPjf1I97(X$Na0*#EjZ%o0o8sZ,W5Z9DVoFnVaA@ZB%*)eUMQeI50WB(FaJULd20YAlw,41ntlXjC@jp*J4dbb9Iq9ihbg6NTOga0NzhW8r"
960,Raffaele,raffaele,Caccianemico,caccianemico,,"Via Gabriella 996, Marina Di Massa",rcaccianemico6106,raffaele.caccianemico11645@example.com,"nSC9FOqVbAOn6fPQW5HgL4M2@r2BUVkm7!,ZHSc#lsQs2MmuZ5fw5?,8827GWy3t5p!kJ97W(6B?5pXG7r*Q8YKc@1fY62dsIfVd#s?W5cp$qzVSn8Pr?k!ReT&Q0"
961,Amadeo,amadeo,Verdone,verdone,,"Canale Guidone 46, Frassilongo",averdone9670,amadeo.verdone86953@example.com,"@!WrUawqzzblcVj5L2ff?kC%?t!QS5,v7"
962,Melania,melania,Montanari,montanari,1975-09-05,"Borgo Galeati 25, Balocco",mmontanari7623,melania.montanari23356@example.com,"A&Osb2pBy2F!Bi5q&v6sfRUOLQrOggwgjnY,mlO)pZOXOFC,5i,3?bXgt2IKKY2Nmrwq.X0L4hDOA&ntaDxf4lxaA5QgIxQSxRI!QD%s!Z?0R9fZqfMBd9,i"
963,Annamaria,annamaria,Vespa,vespa,,"Stretto Beffa 775, Gagliole",avespa2435,annamaria.vespa24339@example.com,&7EiDzJa(sD(zDb*Qi*dOyNFpvG57BW4Dwa5*VquCh?Iq*q
964,Cecilia,cecilia,Volta,volta,1983-04-10,"Via Alessandro 140, La Magdeleine",cvolta2552,cecilia.volta38812@example.com,%6r%6UV0xijGRl9!8oLHi7Y?*FcI3@D*J
965,Nicolò,nicolo,Guarato,guarato,,"Contrada Amedeo 2, Farini",nguarato594,nicolo.guarato30656@example.com,ew2t&OZl4?t5#0j3L*
966,Puccio,puccio,Stradivari,stradivari,,"Rotonda Enzo 6, Donisi",pstradivari2382,puccio.stradivari9715@example.com,u0bjuu6&hNZnLvZL2N0bn78u
967,Silvestro,silvestro,Vivaldi,vivaldi,1951-11-23,"Canale Vincentio 6, Arenabianca",svivaldi5475,silvestro.vivaldi27787@example.com,gHnp3REplY!CO60.dak#AxhNkWf@8@O)J0njSTwlOe.pWBQv$ZudZ
968,Mattia,mattia,Donà,dona,,"Stretto Brancaccio 174, Acquasanta",mdona7935,mattia.dona75682@example.com,"eDCJp57AMc%XWBPIIzovh@35i,musYlUhr%h0Gm?K9,nV3GxiEwN8QAPIkM.S8,CNP5"
969,Franco,franco,Virgilio,virgilio,2004-11-27,"Stretto Costalonga 89, Santa Maria Di Labante",fvirgilio5219,franco.virgilio10418@example.com,"aOkoxAVZFrxJ$xqPYl,MaUH@cM.Bpm!Mrgz8v**0EnkARs16@@USdRCc)#NC"
970,Ludovica,ludovica,Fattori,fattori,,"Vicolo Greco 62, Torre Maina",lfattori6479,ludovica.fattori410@example.com,s6tiG6@fHym(dcM)o(s*uvSwE#K5hQ8yP!Qy6PUZWwoea)HOD9!.Sat.NZq0mOm!U1.kEImo@gj)s$AB6.2Czwf$jZ
971,Adriano,adriano,Trezzini,trezzini,1995-02-19,"Stretto Santoro 84, Ceciliano",atrezzini9713,adriano.trezzini56059@example.com,"D#GWlUkZle7jB%YWEv$m,?24JagpPxq1d!Az7*CnmDeYif"
972,Amico,amico,Leopardi,leopardi,,"Borgo Bonaventura 211, Calmazzo",aleopardi4716,amico.leopardi24912@example.com,KyS$XN)9@wmR$6nRTt1Un8mSQFJX.eG*QTQP7&)vr9uPoK)5kc$mi46MydzKctW
973,Fulvio,fulvio,Nicolini,nicolini,1996-08-24,"Piazza Chiesa 788, Sant'Arsenio",fnicolini1410,fulvio.nicolini76995@example.com,JMH(6P(r5qbCnurSYRGxbHkX#vzGPA9eHQ@SoDSjm%z@UfAv
974,Gaspare,gaspare,Argurio,argurio,1948-07-27,"Viale Manuel 88, San Placido Calonero'",gargurio564,gaspare.argurio57164@example.com,K%mN7I4SOb70gsVcnS3n4H&V5$z*BUB&C8Wqt*i@7uN?o3lRxqL(XZI2upxGr&gmjxoq%Rn%
975,Sandra,sandra,Cilibrasi,cilibrasi,,"Stretto Agnolo 510, Guia",scilibrasi2350,sandra.cilibrasi34434@example.com,%j@@IM%KRPSKgrS3RwGx%#Z!ZShhwkL)GhNS1qkehy6vOuq.Axz*zuHO!lk61B2tnJ31C9rGWG)j1a2?8$t()e&3xhyuDE%5G7lc?L0VWnfPLl%&3yinL(&6U
976,Lorenzo,lorenzo,Luciani,luciani,1986-12-27,"Stretto Palmisano 12, Rodigo",lluciani809,lorenzo.luciani67280@example.com,"X7IJ$LB48V?A$U*d#n&VPOoOr&!WWROAstG1IYYato9hs*a#uj9)@arY78XbI),p8jj.XFf?BJ$blgR*"
977,Ubaldo,ubaldo,Foconi,foconi,1956-07-29,"Vicolo Sansoni 24, San Mazzeo",ufoconi6692,ubaldo.foconi36542@example.com,P7M((2e$dv
978,Pierpaolo,pierpaolo,Branciforte,branciforte,,"Contrada Piergiorgio 418, Settimo San Pietro",pbranciforte3905,pierpaolo.branciforte37496@example.com,"#oepTP8QvFDrQogj%ywDn*ih$xKXMkInhab!KmyorJ,xJ0*eA6(peosFx9m!9sUT1cZ%9(ij.lCUyf,Dl?klzsAGB0*J"
979,Gianni,gianni,Salandra,salandra,1992-10-20,"Via Pareto 534, Madonna Dell Ulivo",gsalandra9904,gianni.salandra69362@example.com,IYE$Rc.xmnWdLxS@7N
980,Benito,benito,Gulotta,gulotta,,"Borgo Gatto 4, Pontolo",bgulotta1828,benito.gulotta71623@example.com,K9T?dVqROqmHtX
981,Serena,serena,Pugliese,pugliese,,"Contrada Elmo 10, Agliana",spugliese4782,serena.pugliese46667@example.com,YVd!tUQ(AR#s2sAuv&Wk@AOS8cDK3PPAViOW!1&yUJN9yeDn@dXq#4u6
982,Cristina,cristina,Ponti,ponti,,"Contrada Zanichelli 527, Barghe",cponti7229,cristina.ponti73503@example.com,"ve$Ikbxbcl8l!BOV)A5729T9cw1@HCi#xCGAIH3nvfS2th8HSypF#KHdNMNfevSuOKqzGuP,*TvMl2kivJFW(I1sj0WlPB"
983,Rosario,rosario,Bragaglia,bragaglia,1949-05-31,"Borgo Griselda 581, Su Planu",rbragaglia8311,rosario.bragaglia70121@example.com,xdC7mFgKIUMNEw)V2Gz#y8t$#C0UeCM1MHHHc#wML2#zhf
984,Marcella,marcella,Venturi,venturi,1951-04-27,"Borgo Marrone 5, Guardia Piemontese Marina",mventuri247,marcella.venturi49552@example.com,"8KCiBdYT8r94(I,7s0mLlFaDKDweQMSx$O2CPWVN13GQ"
985,Nanni,nanni,Vespucci,vespucci,,"Incrocio Girolamo 31, Fossoli",nvespucci3995,nanni.vespucci74336@example.com,"D3orZ*tGg!b&OZqs86GNjljILq!,Yqm2V3&DVMXYY@Bj,d@wpoVbaxIcs&?E@e)M%ANkinTuK"
986,Fabrizia,fabrizia,Bombieri,bombieri,1971-03-07,"Viale Nino 4, Piccolino",fbombieri3929,fabrizia.bombieri49630@example.com,",5Wkzf$(COMZwAsoWDnK3hUR8hmtXWG5KG2FFiJpScz9zI0(G?JC0&mzsP@JuW#%0lyt3l7Fk1H(1zSM5@SDH"
987,Giacomo,giacomo,Tomasetti,tomasetti,1989-11-14,"Borgo Leone 48, Roncaglia",gtomasetti7628,giacomo.tomasetti35830@example.com,"w)@3a,J2a48,)#$!YtRz%8skBWYK6$eG1GgFkfr&9eC3aS(?HlCGOkU?V9X7#syVmus3AEqz8XT3re6wTjHIF),3ZxJp"
988,Ettore,ettore,Benigni,benigni,1999-12-30,"Rotonda Pometta 297, Lago Di Vico",ebenigni399,ettore.benigni26199@example.com,"Ql#XgNXWt)c$qcvcQlCQAc#NjVCg%PQ3*Zb9zSqqZR3$Qp,bwh0gJK*6jq*R4YqGWRl7S8GcKJG?3TxQzsyWji.ETYQ"
989,Rodolfo,rodolfo,Soprano,soprano,,"Via Casarin 9, Anchiano",rsoprano1543,rodolfo.soprano58603@example.com,"aDGhdscajNl3ZE!n5,3yyM$VTR@8?Wt2,84hnsa9"
990,Victoria,victoria,Fabbri,fabbri,,"Viale Sante 76, Ponte Gorzone",vfabbri4550,victoria.fabbri69296@example.com,U%$tM*y0u@wb(nYz$A(2TTCN?FmUp2bN8.OES1xFnSybW2DY%dPd&H8?h7%mr5L!nDLH6hkKs#Vu@&vNH
991,Olga,olga,Nosiglia,nosiglia,,"Stretto Giacinto 4, Bibbiena",onosiglia2217,olga.nosiglia63996@example.com,"c8qcIU*9%94)RO1hhmr!O14GtID.jZ%@czyCPju8l)fLw,#xd2GY"
992,Sabatino,sabatino,Vattimo,vattimo,2005-01-11,"Rotonda Ruggero 5, Isola Delle Femmine",svattimo1572,sabatino.vattimo41422@example.com,"1(&Q8KZ5$(uW2#S,#!eSiZNwdL)bh%Ovz%CAd5N52t?GVyZ"
993,Iolanda,iolanda,Zanichelli,zanichelli,,"Rotonda Liliana 683, Casali D'Aschi",izanichelli2428,iolanda.zanichelli60576@example.com,"ODaW5a8PPYkd(*xGm%UA*H*DIzA0?%pFchr)RGEppjewKQw?p7Fs?kdiz7j4WPO@@KGzPRL8P22FO&NfQ95mokffuoHY%HqW&ajsQW,1IwZ"
994,Monica,monica,Volterra,volterra,,"Viale Calcedonio 34, Spinoso",mvolterra7706,monica.volterra55817@example.com,h!oc*6qZIw8AWkkHOi$4Wk$cIBgaoFsj2ud?yUXUqGbdoCz@0!vh3(vJN)a)JnJC%fbW%!$GMS0uAdyEFGBZHkZ3b(ZaJZIAco)hZEiQp91@pA#RCX4RjC6o)3AYl
995,Bianca,bianca,Comolli,comolli,1970-12-25,"Viale Paolucci 8, Montemezzo",bcomolli7197,bianca.comolli70962@example.com,(t0AmCoU
996,Santino,santino,Pisani,pisani,1995-08-05,"Strada Rosaria 76, Rombiolo",spisani536,santino.pisani49043@example.com,"i0vG0u5wfOS%?*p,aApyZQB7KEo0V2Tc8VCh$lNQD(0rG!0#FI"
997,Alderano,alderano,Malpighi,malpighi,1974-08-01,"Vicolo Giada 5, San Marcellino",amalpighi4413,alderano.malpighi96848@example.com,(U$yVjXLx)?@Jvles6du3kyBZBN0YReE2svO5Q5EqB#@94CNH1Wp5FsUGz%P%Jk))FzJK
998,Cirillo,cirillo,Borgia,borgia,1971-11-11,"Strada Palazzo 15, Santo Padre Delle Perriere",cborgia1743,cirillo.borgia89389@example.com,oAufyR#DJ?Usa5so0&lb9X%Qi.@Bhc&D2GDbgSIWh)QziR1?g)T0ANRMD$0J&BDriDi&(Ep#ysk0EP.%
999,Federico,federico,Anastasi,anastasi,1947-09-29,"Via Lettiere 461, Casalbuttano",fanastasi7864,federico.anastasi47628@example.com,?Vvfj#n#!oO@m7CI7xve?My5!cniMu(fYdxGpKz5duZ*EFH8!0AN8f8dmNnmb896HVzKt3jPmQeV%.kNbx9bDT#
1000,Evangelista,evangelista,Deledda,deledda,,"Rotonda Matteotti 88, Terrazzano",edeledda4380,evangelista.deledda29530@example.com,0!1Jg#wnEUs7$xgxs9L&MzaP&cp?7V&1EXdZ80Z&S7s6DYio)
